-- phpMyAdmin SQL Dump
-- version 4.8.3
-- https://www.phpmyadmin.net/
--
-- Servidor: 127.0.0.1
-- Tiempo de generación: 11-10-2021 a las 22:32:17
-- Versión del servidor: 5.7.20-log
-- Versión de PHP: 7.4.23

SET SQL_MODE = "NO_AUTO_VALUE_ON_ZERO";
SET AUTOCOMMIT = 0;
START TRANSACTION;
SET time_zone = "+00:00";


/*!40101 SET @OLD_CHARACTER_SET_CLIENT=@@CHARACTER_SET_CLIENT */;
/*!40101 SET @OLD_CHARACTER_SET_RESULTS=@@CHARACTER_SET_RESULTS */;
/*!40101 SET @OLD_COLLATION_CONNECTION=@@COLLATION_CONNECTION */;
/*!40101 SET NAMES utf8mb4 */;

--
-- Base de datos: `saldoshvac`
--

-- --------------------------------------------------------

--
-- Estructura de tabla para la tabla `brands`
--

CREATE TABLE `brands` (
  `id` bigint(20) UNSIGNED NOT NULL,
  `name` varchar(255) COLLATE utf8mb4_unicode_ci NOT NULL,
  `created_at` timestamp NULL DEFAULT NULL,
  `updated_at` timestamp NULL DEFAULT NULL
) ENGINE=InnoDB DEFAULT CHARSET=utf8mb4 COLLATE=utf8mb4_unicode_ci;

--
-- Volcado de datos para la tabla `brands`
--

INSERT INTO `brands` (`id`, `name`, `created_at`, `updated_at`) VALUES
(1, 'Carrier', '2021-10-12 00:47:06', '2021-10-12 00:47:06'),
(2, 'LG', '2021-10-12 00:47:06', '2021-10-12 00:47:06'),
(3, 'Soler and Palau', '2021-10-12 00:47:06', '2021-10-12 00:47:06'),
(4, 'Vent Depot', '2021-10-12 00:47:06', '2021-10-12 00:47:06'),
(5, 'YUCO', '2021-10-12 00:47:06', '2021-10-12 00:47:06'),
(6, 'MOTIF', '2021-10-12 00:47:06', '2021-10-12 00:47:06'),
(7, 'DAYTON', '2021-10-12 00:47:06', '2021-10-12 00:47:06');

-- --------------------------------------------------------

--
-- Estructura de tabla para la tabla `brand_category`
--

CREATE TABLE `brand_category` (
  `id` bigint(20) UNSIGNED NOT NULL,
  `brand_id` bigint(20) UNSIGNED NOT NULL,
  `category_id` bigint(20) UNSIGNED NOT NULL,
  `created_at` timestamp NULL DEFAULT NULL,
  `updated_at` timestamp NULL DEFAULT NULL
) ENGINE=InnoDB DEFAULT CHARSET=utf8mb4 COLLATE=utf8mb4_unicode_ci;

-- --------------------------------------------------------

--
-- Estructura de tabla para la tabla `categories`
--

CREATE TABLE `categories` (
  `id` bigint(20) UNSIGNED NOT NULL,
  `name` varchar(255) COLLATE utf8mb4_unicode_ci NOT NULL,
  `slug` varchar(255) COLLATE utf8mb4_unicode_ci NOT NULL,
  `icon` varchar(255) COLLATE utf8mb4_unicode_ci NOT NULL,
  `image` varchar(255) COLLATE utf8mb4_unicode_ci NOT NULL,
  `created_at` timestamp NULL DEFAULT NULL,
  `updated_at` timestamp NULL DEFAULT NULL
) ENGINE=InnoDB DEFAULT CHARSET=utf8mb4 COLLATE=utf8mb4_unicode_ci;

--
-- Volcado de datos para la tabla `categories`
--

INSERT INTO `categories` (`id`, `name`, `slug`, `icon`, `image`, `created_at`, `updated_at`) VALUES
(1, 'Equipos HVAC', 'equipos-hvac', '<i class=\"fas fa-mobile-alt\"></i>', 'categories/922b6266e571cd97745bc558cfc3f469.png', '2021-10-12 00:47:05', '2021-10-12 00:47:05'),
(2, 'Refacciones Mecánicas', 'refacciones-mecanicas', '<i class=\"fas fa-tv\"></i>', 'categories/745982b7d3bb2034f076394976a02df6.png', '2021-10-12 00:47:05', '2021-10-12 00:47:05'),
(3, 'Refacciones Eléctricas', 'refacciones-electricas', '<i class=\"fas fa-gamepad\"></i>', 'categories/7739421f39eac45dbdb89279826ae997.png', '2021-10-12 00:47:05', '2021-10-12 00:47:05'),
(4, 'Refacciones Electrónicas', 'refacciones-electronicas', '<i class=\"fas fa-laptop\"></i>', 'categories/a4ccd923964230be6aac0d6f74ecd0be.png', '2021-10-12 00:47:06', '2021-10-12 00:47:06'),
(5, 'Controles', 'controles', '<i class=\"fas fa-tshirt\"></i>', 'categories/f1905b7429239cb9b87abc23e86792f5.png', '2021-10-12 00:47:06', '2021-10-12 00:47:06'),
(6, 'Materiales Eléctricos', 'materiales-electricos', '<i class=\"fas fa-tshirt\"></i>', 'categories/7d1c95fbcb70f207789d5f2f5b86474f.png', '2021-10-12 00:47:06', '2021-10-12 00:47:06'),
(7, 'Materiales Mecánicos', 'materiales-mecanicos', '<i class=\"fas fa-tshirt\"></i>', 'categories/7cc2618d6a7d8140002ecbc84be3a697.png', '2021-10-12 00:47:06', '2021-10-12 00:47:06'),
(8, 'Herramientas y Accesorios', 'herramientas-y-accesorios', '<i class=\"fas fa-tshirt\"></i>', 'categories/37721ca55659f0507d2ec0afbc6a7460.png', '2021-10-12 00:47:06', '2021-10-12 00:47:06'),
(9, 'Accesorios de HVAC', 'accesorios-de-hvac', '<i class=\"fas fa-tshirt\"></i>', 'categories/c108b23abcd5ff782139074f0a2938c3.png', '2021-10-12 00:47:06', '2021-10-12 00:47:06'),
(10, 'Accesorios de Refrigeración', 'accesorios-de-refrigeracion', '<i class=\"fas fa-tshirt\"></i>', 'categories/402c0f4d3a8a4e33f479ef633d1a4a05.png', '2021-10-12 00:47:06', '2021-10-12 00:47:06');

-- --------------------------------------------------------

--
-- Estructura de tabla para la tabla `cities`
--

CREATE TABLE `cities` (
  `id` bigint(20) UNSIGNED NOT NULL,
  `name` varchar(255) COLLATE utf8mb4_unicode_ci NOT NULL,
  `cost` double(8,2) NOT NULL,
  `department_id` bigint(20) UNSIGNED NOT NULL,
  `created_at` timestamp NULL DEFAULT NULL,
  `updated_at` timestamp NULL DEFAULT NULL
) ENGINE=InnoDB DEFAULT CHARSET=utf8mb4 COLLATE=utf8mb4_unicode_ci;

--
-- Volcado de datos para la tabla `cities`
--

INSERT INTO `cities` (`id`, `name`, `cost`, `department_id`, `created_at`, `updated_at`) VALUES
(1, 'id', 10.00, 1, '2021-10-12 00:47:24', '2021-10-12 00:47:24'),
(2, 'est', 5.00, 1, '2021-10-12 00:47:24', '2021-10-12 00:47:24'),
(3, 'perferendis', 10.00, 1, '2021-10-12 00:47:24', '2021-10-12 00:47:24'),
(4, 'porro', 5.00, 1, '2021-10-12 00:47:24', '2021-10-12 00:47:24'),
(5, 'dolor', 10.00, 1, '2021-10-12 00:47:24', '2021-10-12 00:47:24'),
(6, 'nemo', 15.00, 1, '2021-10-12 00:47:24', '2021-10-12 00:47:24'),
(7, 'voluptatem', 5.00, 1, '2021-10-12 00:47:24', '2021-10-12 00:47:24'),
(8, 'asperiores', 10.00, 1, '2021-10-12 00:47:24', '2021-10-12 00:47:24'),
(9, 'illo', 15.00, 2, '2021-10-12 00:47:24', '2021-10-12 00:47:24'),
(10, 'ab', 5.00, 2, '2021-10-12 00:47:24', '2021-10-12 00:47:24'),
(11, 'similique', 5.00, 2, '2021-10-12 00:47:24', '2021-10-12 00:47:24'),
(12, 'qui', 5.00, 2, '2021-10-12 00:47:24', '2021-10-12 00:47:24'),
(13, 'itaque', 15.00, 2, '2021-10-12 00:47:24', '2021-10-12 00:47:24'),
(14, 'praesentium', 15.00, 2, '2021-10-12 00:47:24', '2021-10-12 00:47:24'),
(15, 'ut', 15.00, 2, '2021-10-12 00:47:24', '2021-10-12 00:47:24'),
(16, 'repellat', 5.00, 2, '2021-10-12 00:47:24', '2021-10-12 00:47:24'),
(17, 'fugiat', 15.00, 3, '2021-10-12 00:47:24', '2021-10-12 00:47:24'),
(18, 'et', 10.00, 3, '2021-10-12 00:47:24', '2021-10-12 00:47:24'),
(19, 'aut', 5.00, 3, '2021-10-12 00:47:24', '2021-10-12 00:47:24'),
(20, 'quia', 10.00, 3, '2021-10-12 00:47:24', '2021-10-12 00:47:24'),
(21, 'ex', 5.00, 3, '2021-10-12 00:47:24', '2021-10-12 00:47:24'),
(22, 'dignissimos', 15.00, 3, '2021-10-12 00:47:24', '2021-10-12 00:47:24'),
(23, 'ab', 15.00, 3, '2021-10-12 00:47:24', '2021-10-12 00:47:24'),
(24, 'autem', 15.00, 3, '2021-10-12 00:47:24', '2021-10-12 00:47:24'),
(25, 'et', 10.00, 4, '2021-10-12 00:47:24', '2021-10-12 00:47:24'),
(26, 'temporibus', 15.00, 4, '2021-10-12 00:47:24', '2021-10-12 00:47:24'),
(27, 'corporis', 10.00, 4, '2021-10-12 00:47:24', '2021-10-12 00:47:24'),
(28, 'quis', 15.00, 4, '2021-10-12 00:47:24', '2021-10-12 00:47:24'),
(29, 'voluptatem', 10.00, 4, '2021-10-12 00:47:24', '2021-10-12 00:47:24'),
(30, 'beatae', 15.00, 4, '2021-10-12 00:47:24', '2021-10-12 00:47:24'),
(31, 'deleniti', 10.00, 4, '2021-10-12 00:47:24', '2021-10-12 00:47:24'),
(32, 'sint', 10.00, 4, '2021-10-12 00:47:24', '2021-10-12 00:47:24'),
(33, 'et', 15.00, 5, '2021-10-12 00:47:24', '2021-10-12 00:47:24'),
(34, 'rerum', 10.00, 5, '2021-10-12 00:47:24', '2021-10-12 00:47:24'),
(35, 'eos', 15.00, 5, '2021-10-12 00:47:24', '2021-10-12 00:47:24'),
(36, 'vitae', 5.00, 5, '2021-10-12 00:47:24', '2021-10-12 00:47:24'),
(37, 'aperiam', 10.00, 5, '2021-10-12 00:47:24', '2021-10-12 00:47:24'),
(38, 'harum', 15.00, 5, '2021-10-12 00:47:24', '2021-10-12 00:47:24'),
(39, 'molestiae', 10.00, 5, '2021-10-12 00:47:24', '2021-10-12 00:47:24'),
(40, 'autem', 10.00, 5, '2021-10-12 00:47:24', '2021-10-12 00:47:24'),
(41, 'in', 15.00, 6, '2021-10-12 00:47:25', '2021-10-12 00:47:25'),
(42, 'est', 15.00, 6, '2021-10-12 00:47:25', '2021-10-12 00:47:25'),
(43, 'ducimus', 5.00, 6, '2021-10-12 00:47:25', '2021-10-12 00:47:25'),
(44, 'nam', 10.00, 6, '2021-10-12 00:47:25', '2021-10-12 00:47:25'),
(45, 'vero', 15.00, 6, '2021-10-12 00:47:25', '2021-10-12 00:47:25'),
(46, 'quasi', 10.00, 6, '2021-10-12 00:47:25', '2021-10-12 00:47:25'),
(47, 'nostrum', 5.00, 6, '2021-10-12 00:47:25', '2021-10-12 00:47:25'),
(48, 'blanditiis', 10.00, 6, '2021-10-12 00:47:25', '2021-10-12 00:47:25'),
(49, 'voluptas', 15.00, 7, '2021-10-12 00:47:25', '2021-10-12 00:47:25'),
(50, 'magnam', 5.00, 7, '2021-10-12 00:47:25', '2021-10-12 00:47:25'),
(51, 'dolorem', 15.00, 7, '2021-10-12 00:47:25', '2021-10-12 00:47:25'),
(52, 'aliquam', 15.00, 7, '2021-10-12 00:47:25', '2021-10-12 00:47:25'),
(53, 'labore', 15.00, 7, '2021-10-12 00:47:25', '2021-10-12 00:47:25'),
(54, 'odit', 5.00, 7, '2021-10-12 00:47:25', '2021-10-12 00:47:25'),
(55, 'voluptas', 10.00, 7, '2021-10-12 00:47:25', '2021-10-12 00:47:25'),
(56, 'enim', 5.00, 7, '2021-10-12 00:47:25', '2021-10-12 00:47:25'),
(57, 'molestiae', 5.00, 8, '2021-10-12 00:47:25', '2021-10-12 00:47:25'),
(58, 'voluptas', 10.00, 8, '2021-10-12 00:47:25', '2021-10-12 00:47:25'),
(59, 'et', 5.00, 8, '2021-10-12 00:47:25', '2021-10-12 00:47:25'),
(60, 'et', 5.00, 8, '2021-10-12 00:47:25', '2021-10-12 00:47:25'),
(61, 'et', 5.00, 8, '2021-10-12 00:47:25', '2021-10-12 00:47:25'),
(62, 'aut', 15.00, 8, '2021-10-12 00:47:25', '2021-10-12 00:47:25'),
(63, 'deleniti', 15.00, 8, '2021-10-12 00:47:25', '2021-10-12 00:47:25'),
(64, 'sit', 5.00, 8, '2021-10-12 00:47:25', '2021-10-12 00:47:25');

-- --------------------------------------------------------

--
-- Estructura de tabla para la tabla `colors`
--

CREATE TABLE `colors` (
  `id` bigint(20) UNSIGNED NOT NULL,
  `name` varchar(255) COLLATE utf8mb4_unicode_ci NOT NULL,
  `created_at` timestamp NULL DEFAULT NULL,
  `updated_at` timestamp NULL DEFAULT NULL
) ENGINE=InnoDB DEFAULT CHARSET=utf8mb4 COLLATE=utf8mb4_unicode_ci;

--
-- Volcado de datos para la tabla `colors`
--

INSERT INTO `colors` (`id`, `name`, `created_at`, `updated_at`) VALUES
(1, 'white', '2021-10-12 00:47:24', '2021-10-12 00:47:24'),
(2, 'blue', '2021-10-12 00:47:24', '2021-10-12 00:47:24'),
(3, 'red', '2021-10-12 00:47:24', '2021-10-12 00:47:24'),
(4, 'black', '2021-10-12 00:47:24', '2021-10-12 00:47:24');

-- --------------------------------------------------------

--
-- Estructura de tabla para la tabla `color_product`
--

CREATE TABLE `color_product` (
  `id` bigint(20) UNSIGNED NOT NULL,
  `color_id` bigint(20) UNSIGNED NOT NULL,
  `product_id` bigint(20) UNSIGNED NOT NULL,
  `quantity` int(11) NOT NULL,
  `created_at` timestamp NULL DEFAULT NULL,
  `updated_at` timestamp NULL DEFAULT NULL
) ENGINE=InnoDB DEFAULT CHARSET=utf8mb4 COLLATE=utf8mb4_unicode_ci;

-- --------------------------------------------------------

--
-- Estructura de tabla para la tabla `color_size`
--

CREATE TABLE `color_size` (
  `id` bigint(20) UNSIGNED NOT NULL,
  `color_id` bigint(20) UNSIGNED NOT NULL,
  `size_id` bigint(20) UNSIGNED NOT NULL,
  `quantity` int(11) NOT NULL,
  `created_at` timestamp NULL DEFAULT NULL,
  `updated_at` timestamp NULL DEFAULT NULL
) ENGINE=InnoDB DEFAULT CHARSET=utf8mb4 COLLATE=utf8mb4_unicode_ci;

-- --------------------------------------------------------

--
-- Estructura de tabla para la tabla `countries`
--

CREATE TABLE `countries` (
  `id` bigint(20) UNSIGNED NOT NULL,
  `name` varchar(255) COLLATE utf8mb4_unicode_ci NOT NULL,
  `currency` varchar(255) COLLATE utf8mb4_unicode_ci NOT NULL,
  `denotation` varchar(255) COLLATE utf8mb4_unicode_ci NOT NULL,
  `delimiter` varchar(255) COLLATE utf8mb4_unicode_ci NOT NULL,
  `created_at` timestamp NULL DEFAULT NULL,
  `updated_at` timestamp NULL DEFAULT NULL
) ENGINE=InnoDB DEFAULT CHARSET=utf8mb4 COLLATE=utf8mb4_unicode_ci;

--
-- Volcado de datos para la tabla `countries`
--

INSERT INTO `countries` (`id`, `name`, `currency`, `denotation`, `delimiter`, `created_at`, `updated_at`) VALUES
(1, 'México', 'MXN', '$', ',', '2021-10-12 00:47:05', '2021-10-12 00:47:05');

-- --------------------------------------------------------

--
-- Estructura de tabla para la tabla `departments`
--

CREATE TABLE `departments` (
  `id` bigint(20) UNSIGNED NOT NULL,
  `name` varchar(255) COLLATE utf8mb4_unicode_ci NOT NULL,
  `created_at` timestamp NULL DEFAULT NULL,
  `updated_at` timestamp NULL DEFAULT NULL
) ENGINE=InnoDB DEFAULT CHARSET=utf8mb4 COLLATE=utf8mb4_unicode_ci;

--
-- Volcado de datos para la tabla `departments`
--

INSERT INTO `departments` (`id`, `name`, `created_at`, `updated_at`) VALUES
(1, 'aut', '2021-10-12 00:47:24', '2021-10-12 00:47:24'),
(2, 'tempore', '2021-10-12 00:47:24', '2021-10-12 00:47:24'),
(3, 'delectus', '2021-10-12 00:47:24', '2021-10-12 00:47:24'),
(4, 'at', '2021-10-12 00:47:24', '2021-10-12 00:47:24'),
(5, 'fuga', '2021-10-12 00:47:24', '2021-10-12 00:47:24'),
(6, 'sunt', '2021-10-12 00:47:24', '2021-10-12 00:47:24'),
(7, 'sint', '2021-10-12 00:47:24', '2021-10-12 00:47:24'),
(8, 'velit', '2021-10-12 00:47:24', '2021-10-12 00:47:24');

-- --------------------------------------------------------

--
-- Estructura de tabla para la tabla `districts`
--

CREATE TABLE `districts` (
  `id` bigint(20) UNSIGNED NOT NULL,
  `name` varchar(255) COLLATE utf8mb4_unicode_ci NOT NULL,
  `city_id` bigint(20) UNSIGNED NOT NULL,
  `created_at` timestamp NULL DEFAULT NULL,
  `updated_at` timestamp NULL DEFAULT NULL
) ENGINE=InnoDB DEFAULT CHARSET=utf8mb4 COLLATE=utf8mb4_unicode_ci;

--
-- Volcado de datos para la tabla `districts`
--

INSERT INTO `districts` (`id`, `name`, `city_id`, `created_at`, `updated_at`) VALUES
(1, 'et', 1, '2021-10-12 00:47:24', '2021-10-12 00:47:24'),
(2, 'aut', 1, '2021-10-12 00:47:24', '2021-10-12 00:47:24'),
(3, 'quod', 1, '2021-10-12 00:47:24', '2021-10-12 00:47:24'),
(4, 'et', 1, '2021-10-12 00:47:24', '2021-10-12 00:47:24'),
(5, 'sunt', 1, '2021-10-12 00:47:24', '2021-10-12 00:47:24'),
(6, 'recusandae', 1, '2021-10-12 00:47:24', '2021-10-12 00:47:24'),
(7, 'ut', 1, '2021-10-12 00:47:24', '2021-10-12 00:47:24'),
(8, 'architecto', 1, '2021-10-12 00:47:24', '2021-10-12 00:47:24'),
(9, 'officia', 2, '2021-10-12 00:47:24', '2021-10-12 00:47:24'),
(10, 'qui', 2, '2021-10-12 00:47:24', '2021-10-12 00:47:24'),
(11, 'est', 2, '2021-10-12 00:47:24', '2021-10-12 00:47:24'),
(12, 'sit', 2, '2021-10-12 00:47:24', '2021-10-12 00:47:24'),
(13, 'explicabo', 2, '2021-10-12 00:47:24', '2021-10-12 00:47:24'),
(14, 'doloremque', 2, '2021-10-12 00:47:24', '2021-10-12 00:47:24'),
(15, 'modi', 2, '2021-10-12 00:47:24', '2021-10-12 00:47:24'),
(16, 'dolorem', 2, '2021-10-12 00:47:24', '2021-10-12 00:47:24'),
(17, 'et', 3, '2021-10-12 00:47:24', '2021-10-12 00:47:24'),
(18, 'illo', 3, '2021-10-12 00:47:24', '2021-10-12 00:47:24'),
(19, 'aut', 3, '2021-10-12 00:47:24', '2021-10-12 00:47:24'),
(20, 'quis', 3, '2021-10-12 00:47:24', '2021-10-12 00:47:24'),
(21, 'dolorem', 3, '2021-10-12 00:47:24', '2021-10-12 00:47:24'),
(22, 'iusto', 3, '2021-10-12 00:47:24', '2021-10-12 00:47:24'),
(23, 'voluptatem', 3, '2021-10-12 00:47:24', '2021-10-12 00:47:24'),
(24, 'voluptas', 3, '2021-10-12 00:47:24', '2021-10-12 00:47:24'),
(25, 'aut', 4, '2021-10-12 00:47:24', '2021-10-12 00:47:24'),
(26, 'magni', 4, '2021-10-12 00:47:24', '2021-10-12 00:47:24'),
(27, 'minima', 4, '2021-10-12 00:47:24', '2021-10-12 00:47:24'),
(28, 'tempora', 4, '2021-10-12 00:47:24', '2021-10-12 00:47:24'),
(29, 'et', 4, '2021-10-12 00:47:24', '2021-10-12 00:47:24'),
(30, 'molestiae', 4, '2021-10-12 00:47:24', '2021-10-12 00:47:24'),
(31, 'voluptas', 4, '2021-10-12 00:47:24', '2021-10-12 00:47:24'),
(32, 'nihil', 4, '2021-10-12 00:47:24', '2021-10-12 00:47:24'),
(33, 'est', 5, '2021-10-12 00:47:24', '2021-10-12 00:47:24'),
(34, 'ut', 5, '2021-10-12 00:47:24', '2021-10-12 00:47:24'),
(35, 'voluptatem', 5, '2021-10-12 00:47:24', '2021-10-12 00:47:24'),
(36, 'cupiditate', 5, '2021-10-12 00:47:24', '2021-10-12 00:47:24'),
(37, 'laudantium', 5, '2021-10-12 00:47:24', '2021-10-12 00:47:24'),
(38, 'ullam', 5, '2021-10-12 00:47:24', '2021-10-12 00:47:24'),
(39, 'et', 5, '2021-10-12 00:47:24', '2021-10-12 00:47:24'),
(40, 'minima', 5, '2021-10-12 00:47:24', '2021-10-12 00:47:24'),
(41, 'voluptates', 6, '2021-10-12 00:47:24', '2021-10-12 00:47:24'),
(42, 'possimus', 6, '2021-10-12 00:47:24', '2021-10-12 00:47:24'),
(43, 'vitae', 6, '2021-10-12 00:47:24', '2021-10-12 00:47:24'),
(44, 'non', 6, '2021-10-12 00:47:24', '2021-10-12 00:47:24'),
(45, 'quam', 6, '2021-10-12 00:47:24', '2021-10-12 00:47:24'),
(46, 'pariatur', 6, '2021-10-12 00:47:24', '2021-10-12 00:47:24'),
(47, 'accusantium', 6, '2021-10-12 00:47:24', '2021-10-12 00:47:24'),
(48, 'voluptas', 6, '2021-10-12 00:47:24', '2021-10-12 00:47:24'),
(49, 'numquam', 7, '2021-10-12 00:47:24', '2021-10-12 00:47:24'),
(50, 'aut', 7, '2021-10-12 00:47:24', '2021-10-12 00:47:24'),
(51, 'harum', 7, '2021-10-12 00:47:24', '2021-10-12 00:47:24'),
(52, 'est', 7, '2021-10-12 00:47:24', '2021-10-12 00:47:24'),
(53, 'est', 7, '2021-10-12 00:47:24', '2021-10-12 00:47:24'),
(54, 'laudantium', 7, '2021-10-12 00:47:24', '2021-10-12 00:47:24'),
(55, 'non', 7, '2021-10-12 00:47:24', '2021-10-12 00:47:24'),
(56, 'eos', 7, '2021-10-12 00:47:24', '2021-10-12 00:47:24'),
(57, 'quis', 8, '2021-10-12 00:47:24', '2021-10-12 00:47:24'),
(58, 'distinctio', 8, '2021-10-12 00:47:24', '2021-10-12 00:47:24'),
(59, 'sint', 8, '2021-10-12 00:47:24', '2021-10-12 00:47:24'),
(60, 'deserunt', 8, '2021-10-12 00:47:24', '2021-10-12 00:47:24'),
(61, 'impedit', 8, '2021-10-12 00:47:24', '2021-10-12 00:47:24'),
(62, 'consequatur', 8, '2021-10-12 00:47:24', '2021-10-12 00:47:24'),
(63, 'illum', 8, '2021-10-12 00:47:24', '2021-10-12 00:47:24'),
(64, 'aspernatur', 8, '2021-10-12 00:47:24', '2021-10-12 00:47:24'),
(65, 'earum', 9, '2021-10-12 00:47:24', '2021-10-12 00:47:24'),
(66, 'vitae', 9, '2021-10-12 00:47:24', '2021-10-12 00:47:24'),
(67, 'at', 9, '2021-10-12 00:47:24', '2021-10-12 00:47:24'),
(68, 'modi', 9, '2021-10-12 00:47:24', '2021-10-12 00:47:24'),
(69, 'repudiandae', 9, '2021-10-12 00:47:24', '2021-10-12 00:47:24'),
(70, 'rem', 9, '2021-10-12 00:47:24', '2021-10-12 00:47:24'),
(71, 'in', 9, '2021-10-12 00:47:24', '2021-10-12 00:47:24'),
(72, 'natus', 9, '2021-10-12 00:47:24', '2021-10-12 00:47:24'),
(73, 'deserunt', 10, '2021-10-12 00:47:24', '2021-10-12 00:47:24'),
(74, 'reiciendis', 10, '2021-10-12 00:47:24', '2021-10-12 00:47:24'),
(75, 'sint', 10, '2021-10-12 00:47:24', '2021-10-12 00:47:24'),
(76, 'voluptatem', 10, '2021-10-12 00:47:24', '2021-10-12 00:47:24'),
(77, 'numquam', 10, '2021-10-12 00:47:24', '2021-10-12 00:47:24'),
(78, 'ipsum', 10, '2021-10-12 00:47:24', '2021-10-12 00:47:24'),
(79, 'dolores', 10, '2021-10-12 00:47:24', '2021-10-12 00:47:24'),
(80, 'similique', 10, '2021-10-12 00:47:24', '2021-10-12 00:47:24'),
(81, 'vitae', 11, '2021-10-12 00:47:24', '2021-10-12 00:47:24'),
(82, 'repudiandae', 11, '2021-10-12 00:47:24', '2021-10-12 00:47:24'),
(83, 'aut', 11, '2021-10-12 00:47:24', '2021-10-12 00:47:24'),
(84, 'cupiditate', 11, '2021-10-12 00:47:24', '2021-10-12 00:47:24'),
(85, 'provident', 11, '2021-10-12 00:47:24', '2021-10-12 00:47:24'),
(86, 'est', 11, '2021-10-12 00:47:24', '2021-10-12 00:47:24'),
(87, 'aut', 11, '2021-10-12 00:47:24', '2021-10-12 00:47:24'),
(88, 'voluptatibus', 11, '2021-10-12 00:47:24', '2021-10-12 00:47:24'),
(89, 'quas', 12, '2021-10-12 00:47:24', '2021-10-12 00:47:24'),
(90, 'atque', 12, '2021-10-12 00:47:24', '2021-10-12 00:47:24'),
(91, 'id', 12, '2021-10-12 00:47:24', '2021-10-12 00:47:24'),
(92, 'reprehenderit', 12, '2021-10-12 00:47:24', '2021-10-12 00:47:24'),
(93, 'sint', 12, '2021-10-12 00:47:24', '2021-10-12 00:47:24'),
(94, 'totam', 12, '2021-10-12 00:47:24', '2021-10-12 00:47:24'),
(95, 'eos', 12, '2021-10-12 00:47:24', '2021-10-12 00:47:24'),
(96, 'sit', 12, '2021-10-12 00:47:24', '2021-10-12 00:47:24'),
(97, 'sapiente', 13, '2021-10-12 00:47:24', '2021-10-12 00:47:24'),
(98, 'qui', 13, '2021-10-12 00:47:24', '2021-10-12 00:47:24'),
(99, 'voluptas', 13, '2021-10-12 00:47:24', '2021-10-12 00:47:24'),
(100, 'omnis', 13, '2021-10-12 00:47:24', '2021-10-12 00:47:24'),
(101, 'omnis', 13, '2021-10-12 00:47:24', '2021-10-12 00:47:24'),
(102, 'et', 13, '2021-10-12 00:47:24', '2021-10-12 00:47:24'),
(103, 'aspernatur', 13, '2021-10-12 00:47:24', '2021-10-12 00:47:24'),
(104, 'beatae', 13, '2021-10-12 00:47:24', '2021-10-12 00:47:24'),
(105, 'voluptatum', 14, '2021-10-12 00:47:24', '2021-10-12 00:47:24'),
(106, 'quo', 14, '2021-10-12 00:47:24', '2021-10-12 00:47:24'),
(107, 'itaque', 14, '2021-10-12 00:47:24', '2021-10-12 00:47:24'),
(108, 'quae', 14, '2021-10-12 00:47:24', '2021-10-12 00:47:24'),
(109, 'explicabo', 14, '2021-10-12 00:47:24', '2021-10-12 00:47:24'),
(110, 'delectus', 14, '2021-10-12 00:47:24', '2021-10-12 00:47:24'),
(111, 'officia', 14, '2021-10-12 00:47:24', '2021-10-12 00:47:24'),
(112, 'illo', 14, '2021-10-12 00:47:24', '2021-10-12 00:47:24'),
(113, 'qui', 15, '2021-10-12 00:47:24', '2021-10-12 00:47:24'),
(114, 'quisquam', 15, '2021-10-12 00:47:24', '2021-10-12 00:47:24'),
(115, 'eum', 15, '2021-10-12 00:47:24', '2021-10-12 00:47:24'),
(116, 'omnis', 15, '2021-10-12 00:47:24', '2021-10-12 00:47:24'),
(117, 'sunt', 15, '2021-10-12 00:47:24', '2021-10-12 00:47:24'),
(118, 'dolorem', 15, '2021-10-12 00:47:24', '2021-10-12 00:47:24'),
(119, 'repudiandae', 15, '2021-10-12 00:47:24', '2021-10-12 00:47:24'),
(120, 'sunt', 15, '2021-10-12 00:47:24', '2021-10-12 00:47:24'),
(121, 'qui', 16, '2021-10-12 00:47:24', '2021-10-12 00:47:24'),
(122, 'aut', 16, '2021-10-12 00:47:24', '2021-10-12 00:47:24'),
(123, 'sapiente', 16, '2021-10-12 00:47:24', '2021-10-12 00:47:24'),
(124, 'aut', 16, '2021-10-12 00:47:24', '2021-10-12 00:47:24'),
(125, 'maiores', 16, '2021-10-12 00:47:24', '2021-10-12 00:47:24'),
(126, 'consequuntur', 16, '2021-10-12 00:47:24', '2021-10-12 00:47:24'),
(127, 'molestiae', 16, '2021-10-12 00:47:24', '2021-10-12 00:47:24'),
(128, 'autem', 16, '2021-10-12 00:47:24', '2021-10-12 00:47:24'),
(129, 'placeat', 17, '2021-10-12 00:47:24', '2021-10-12 00:47:24'),
(130, 'accusantium', 17, '2021-10-12 00:47:24', '2021-10-12 00:47:24'),
(131, 'voluptate', 17, '2021-10-12 00:47:24', '2021-10-12 00:47:24'),
(132, 'omnis', 17, '2021-10-12 00:47:24', '2021-10-12 00:47:24'),
(133, 'neque', 17, '2021-10-12 00:47:24', '2021-10-12 00:47:24'),
(134, 'alias', 17, '2021-10-12 00:47:24', '2021-10-12 00:47:24'),
(135, 'totam', 17, '2021-10-12 00:47:24', '2021-10-12 00:47:24'),
(136, 'nobis', 17, '2021-10-12 00:47:24', '2021-10-12 00:47:24'),
(137, 'culpa', 18, '2021-10-12 00:47:24', '2021-10-12 00:47:24'),
(138, 'rerum', 18, '2021-10-12 00:47:24', '2021-10-12 00:47:24'),
(139, 'perferendis', 18, '2021-10-12 00:47:24', '2021-10-12 00:47:24'),
(140, 'quidem', 18, '2021-10-12 00:47:24', '2021-10-12 00:47:24'),
(141, 'reprehenderit', 18, '2021-10-12 00:47:24', '2021-10-12 00:47:24'),
(142, 'soluta', 18, '2021-10-12 00:47:24', '2021-10-12 00:47:24'),
(143, 'quo', 18, '2021-10-12 00:47:24', '2021-10-12 00:47:24'),
(144, 'vero', 18, '2021-10-12 00:47:24', '2021-10-12 00:47:24'),
(145, 'officiis', 19, '2021-10-12 00:47:24', '2021-10-12 00:47:24'),
(146, 'nemo', 19, '2021-10-12 00:47:24', '2021-10-12 00:47:24'),
(147, 'numquam', 19, '2021-10-12 00:47:24', '2021-10-12 00:47:24'),
(148, 'voluptatem', 19, '2021-10-12 00:47:24', '2021-10-12 00:47:24'),
(149, 'odit', 19, '2021-10-12 00:47:24', '2021-10-12 00:47:24'),
(150, 'et', 19, '2021-10-12 00:47:24', '2021-10-12 00:47:24'),
(151, 'excepturi', 19, '2021-10-12 00:47:24', '2021-10-12 00:47:24'),
(152, 'praesentium', 19, '2021-10-12 00:47:24', '2021-10-12 00:47:24'),
(153, 'inventore', 20, '2021-10-12 00:47:24', '2021-10-12 00:47:24'),
(154, 'optio', 20, '2021-10-12 00:47:24', '2021-10-12 00:47:24'),
(155, 'excepturi', 20, '2021-10-12 00:47:24', '2021-10-12 00:47:24'),
(156, 'autem', 20, '2021-10-12 00:47:24', '2021-10-12 00:47:24'),
(157, 'beatae', 20, '2021-10-12 00:47:24', '2021-10-12 00:47:24'),
(158, 'iusto', 20, '2021-10-12 00:47:24', '2021-10-12 00:47:24'),
(159, 'quasi', 20, '2021-10-12 00:47:24', '2021-10-12 00:47:24'),
(160, 'quibusdam', 20, '2021-10-12 00:47:24', '2021-10-12 00:47:24'),
(161, 'eveniet', 21, '2021-10-12 00:47:24', '2021-10-12 00:47:24'),
(162, 'animi', 21, '2021-10-12 00:47:24', '2021-10-12 00:47:24'),
(163, 'dolorem', 21, '2021-10-12 00:47:24', '2021-10-12 00:47:24'),
(164, 'tempore', 21, '2021-10-12 00:47:24', '2021-10-12 00:47:24'),
(165, 'saepe', 21, '2021-10-12 00:47:24', '2021-10-12 00:47:24'),
(166, 'voluptatem', 21, '2021-10-12 00:47:24', '2021-10-12 00:47:24'),
(167, 'velit', 21, '2021-10-12 00:47:24', '2021-10-12 00:47:24'),
(168, 'esse', 21, '2021-10-12 00:47:24', '2021-10-12 00:47:24'),
(169, 'ad', 22, '2021-10-12 00:47:24', '2021-10-12 00:47:24'),
(170, 'quas', 22, '2021-10-12 00:47:24', '2021-10-12 00:47:24'),
(171, 'animi', 22, '2021-10-12 00:47:24', '2021-10-12 00:47:24'),
(172, 'eaque', 22, '2021-10-12 00:47:24', '2021-10-12 00:47:24'),
(173, 'tempore', 22, '2021-10-12 00:47:24', '2021-10-12 00:47:24'),
(174, 'mollitia', 22, '2021-10-12 00:47:24', '2021-10-12 00:47:24'),
(175, 'fugiat', 22, '2021-10-12 00:47:24', '2021-10-12 00:47:24'),
(176, 'provident', 22, '2021-10-12 00:47:24', '2021-10-12 00:47:24'),
(177, 'harum', 23, '2021-10-12 00:47:24', '2021-10-12 00:47:24'),
(178, 'recusandae', 23, '2021-10-12 00:47:24', '2021-10-12 00:47:24'),
(179, 'nemo', 23, '2021-10-12 00:47:24', '2021-10-12 00:47:24'),
(180, 'incidunt', 23, '2021-10-12 00:47:24', '2021-10-12 00:47:24'),
(181, 'nihil', 23, '2021-10-12 00:47:24', '2021-10-12 00:47:24'),
(182, 'voluptas', 23, '2021-10-12 00:47:24', '2021-10-12 00:47:24'),
(183, 'nemo', 23, '2021-10-12 00:47:24', '2021-10-12 00:47:24'),
(184, 'ad', 23, '2021-10-12 00:47:24', '2021-10-12 00:47:24'),
(185, 'ad', 24, '2021-10-12 00:47:24', '2021-10-12 00:47:24'),
(186, 'nihil', 24, '2021-10-12 00:47:24', '2021-10-12 00:47:24'),
(187, 'vitae', 24, '2021-10-12 00:47:24', '2021-10-12 00:47:24'),
(188, 'voluptatem', 24, '2021-10-12 00:47:24', '2021-10-12 00:47:24'),
(189, 'commodi', 24, '2021-10-12 00:47:24', '2021-10-12 00:47:24'),
(190, 'voluptatem', 24, '2021-10-12 00:47:24', '2021-10-12 00:47:24'),
(191, 'sint', 24, '2021-10-12 00:47:24', '2021-10-12 00:47:24'),
(192, 'quia', 24, '2021-10-12 00:47:24', '2021-10-12 00:47:24'),
(193, 'suscipit', 25, '2021-10-12 00:47:24', '2021-10-12 00:47:24'),
(194, 'eaque', 25, '2021-10-12 00:47:24', '2021-10-12 00:47:24'),
(195, 'iusto', 25, '2021-10-12 00:47:24', '2021-10-12 00:47:24'),
(196, 'voluptatem', 25, '2021-10-12 00:47:24', '2021-10-12 00:47:24'),
(197, 'modi', 25, '2021-10-12 00:47:24', '2021-10-12 00:47:24'),
(198, 'nihil', 25, '2021-10-12 00:47:24', '2021-10-12 00:47:24'),
(199, 'facere', 25, '2021-10-12 00:47:24', '2021-10-12 00:47:24'),
(200, 'est', 25, '2021-10-12 00:47:24', '2021-10-12 00:47:24'),
(201, 'totam', 26, '2021-10-12 00:47:24', '2021-10-12 00:47:24'),
(202, 'velit', 26, '2021-10-12 00:47:24', '2021-10-12 00:47:24'),
(203, 'non', 26, '2021-10-12 00:47:24', '2021-10-12 00:47:24'),
(204, 'necessitatibus', 26, '2021-10-12 00:47:24', '2021-10-12 00:47:24'),
(205, 'ducimus', 26, '2021-10-12 00:47:24', '2021-10-12 00:47:24'),
(206, 'iusto', 26, '2021-10-12 00:47:24', '2021-10-12 00:47:24'),
(207, 'incidunt', 26, '2021-10-12 00:47:24', '2021-10-12 00:47:24'),
(208, 'quisquam', 26, '2021-10-12 00:47:24', '2021-10-12 00:47:24'),
(209, 'laborum', 27, '2021-10-12 00:47:24', '2021-10-12 00:47:24'),
(210, 'id', 27, '2021-10-12 00:47:24', '2021-10-12 00:47:24'),
(211, 'voluptas', 27, '2021-10-12 00:47:24', '2021-10-12 00:47:24'),
(212, 'eligendi', 27, '2021-10-12 00:47:24', '2021-10-12 00:47:24'),
(213, 'fugiat', 27, '2021-10-12 00:47:24', '2021-10-12 00:47:24'),
(214, 'quisquam', 27, '2021-10-12 00:47:24', '2021-10-12 00:47:24'),
(215, 'occaecati', 27, '2021-10-12 00:47:24', '2021-10-12 00:47:24'),
(216, 'velit', 27, '2021-10-12 00:47:24', '2021-10-12 00:47:24'),
(217, 'ipsam', 28, '2021-10-12 00:47:24', '2021-10-12 00:47:24'),
(218, 'ad', 28, '2021-10-12 00:47:24', '2021-10-12 00:47:24'),
(219, 'quisquam', 28, '2021-10-12 00:47:24', '2021-10-12 00:47:24'),
(220, 'necessitatibus', 28, '2021-10-12 00:47:24', '2021-10-12 00:47:24'),
(221, 'numquam', 28, '2021-10-12 00:47:24', '2021-10-12 00:47:24'),
(222, 'qui', 28, '2021-10-12 00:47:24', '2021-10-12 00:47:24'),
(223, 'aut', 28, '2021-10-12 00:47:24', '2021-10-12 00:47:24'),
(224, 'voluptatem', 28, '2021-10-12 00:47:24', '2021-10-12 00:47:24'),
(225, 'fuga', 29, '2021-10-12 00:47:24', '2021-10-12 00:47:24'),
(226, 'eos', 29, '2021-10-12 00:47:24', '2021-10-12 00:47:24'),
(227, 'est', 29, '2021-10-12 00:47:24', '2021-10-12 00:47:24'),
(228, 'placeat', 29, '2021-10-12 00:47:24', '2021-10-12 00:47:24'),
(229, 'eum', 29, '2021-10-12 00:47:24', '2021-10-12 00:47:24'),
(230, 'autem', 29, '2021-10-12 00:47:24', '2021-10-12 00:47:24'),
(231, 'neque', 29, '2021-10-12 00:47:24', '2021-10-12 00:47:24'),
(232, 'ut', 29, '2021-10-12 00:47:24', '2021-10-12 00:47:24'),
(233, 'aut', 30, '2021-10-12 00:47:24', '2021-10-12 00:47:24'),
(234, 'blanditiis', 30, '2021-10-12 00:47:24', '2021-10-12 00:47:24'),
(235, 'id', 30, '2021-10-12 00:47:24', '2021-10-12 00:47:24'),
(236, 'possimus', 30, '2021-10-12 00:47:24', '2021-10-12 00:47:24'),
(237, 'error', 30, '2021-10-12 00:47:24', '2021-10-12 00:47:24'),
(238, 'quo', 30, '2021-10-12 00:47:24', '2021-10-12 00:47:24'),
(239, 'quaerat', 30, '2021-10-12 00:47:24', '2021-10-12 00:47:24'),
(240, 'autem', 30, '2021-10-12 00:47:24', '2021-10-12 00:47:24'),
(241, 'reprehenderit', 31, '2021-10-12 00:47:24', '2021-10-12 00:47:24'),
(242, 'et', 31, '2021-10-12 00:47:24', '2021-10-12 00:47:24'),
(243, 'et', 31, '2021-10-12 00:47:24', '2021-10-12 00:47:24'),
(244, 'magnam', 31, '2021-10-12 00:47:24', '2021-10-12 00:47:24'),
(245, 'voluptas', 31, '2021-10-12 00:47:24', '2021-10-12 00:47:24'),
(246, 'praesentium', 31, '2021-10-12 00:47:24', '2021-10-12 00:47:24'),
(247, 'veniam', 31, '2021-10-12 00:47:24', '2021-10-12 00:47:24'),
(248, 'voluptatem', 31, '2021-10-12 00:47:24', '2021-10-12 00:47:24'),
(249, 'quasi', 32, '2021-10-12 00:47:24', '2021-10-12 00:47:24'),
(250, 'assumenda', 32, '2021-10-12 00:47:24', '2021-10-12 00:47:24'),
(251, 'omnis', 32, '2021-10-12 00:47:24', '2021-10-12 00:47:24'),
(252, 'magnam', 32, '2021-10-12 00:47:24', '2021-10-12 00:47:24'),
(253, 'impedit', 32, '2021-10-12 00:47:24', '2021-10-12 00:47:24'),
(254, 'sit', 32, '2021-10-12 00:47:24', '2021-10-12 00:47:24'),
(255, 'repellat', 32, '2021-10-12 00:47:24', '2021-10-12 00:47:24'),
(256, 'iusto', 32, '2021-10-12 00:47:24', '2021-10-12 00:47:24'),
(257, 'et', 33, '2021-10-12 00:47:24', '2021-10-12 00:47:24'),
(258, 'autem', 33, '2021-10-12 00:47:24', '2021-10-12 00:47:24'),
(259, 'nam', 33, '2021-10-12 00:47:24', '2021-10-12 00:47:24'),
(260, 'quas', 33, '2021-10-12 00:47:24', '2021-10-12 00:47:24'),
(261, 'consequatur', 33, '2021-10-12 00:47:24', '2021-10-12 00:47:24'),
(262, 'in', 33, '2021-10-12 00:47:24', '2021-10-12 00:47:24'),
(263, 'dolores', 33, '2021-10-12 00:47:24', '2021-10-12 00:47:24'),
(264, 'dolor', 33, '2021-10-12 00:47:24', '2021-10-12 00:47:24'),
(265, 'minus', 34, '2021-10-12 00:47:24', '2021-10-12 00:47:24'),
(266, 'voluptatem', 34, '2021-10-12 00:47:24', '2021-10-12 00:47:24'),
(267, 'et', 34, '2021-10-12 00:47:24', '2021-10-12 00:47:24'),
(268, 'accusantium', 34, '2021-10-12 00:47:24', '2021-10-12 00:47:24'),
(269, 'natus', 34, '2021-10-12 00:47:24', '2021-10-12 00:47:24'),
(270, 'labore', 34, '2021-10-12 00:47:24', '2021-10-12 00:47:24'),
(271, 'iste', 34, '2021-10-12 00:47:24', '2021-10-12 00:47:24'),
(272, 'voluptatem', 34, '2021-10-12 00:47:24', '2021-10-12 00:47:24'),
(273, 'ut', 35, '2021-10-12 00:47:24', '2021-10-12 00:47:24'),
(274, 'rem', 35, '2021-10-12 00:47:24', '2021-10-12 00:47:24'),
(275, 'voluptatem', 35, '2021-10-12 00:47:24', '2021-10-12 00:47:24'),
(276, 'ratione', 35, '2021-10-12 00:47:24', '2021-10-12 00:47:24'),
(277, 'sed', 35, '2021-10-12 00:47:24', '2021-10-12 00:47:24'),
(278, 'voluptatem', 35, '2021-10-12 00:47:24', '2021-10-12 00:47:24'),
(279, 'repudiandae', 35, '2021-10-12 00:47:24', '2021-10-12 00:47:24'),
(280, 'amet', 35, '2021-10-12 00:47:24', '2021-10-12 00:47:24'),
(281, 'modi', 36, '2021-10-12 00:47:24', '2021-10-12 00:47:24'),
(282, 'rerum', 36, '2021-10-12 00:47:24', '2021-10-12 00:47:24'),
(283, 'ducimus', 36, '2021-10-12 00:47:24', '2021-10-12 00:47:24'),
(284, 'earum', 36, '2021-10-12 00:47:24', '2021-10-12 00:47:24'),
(285, 'consectetur', 36, '2021-10-12 00:47:24', '2021-10-12 00:47:24'),
(286, 'aliquam', 36, '2021-10-12 00:47:24', '2021-10-12 00:47:24'),
(287, 'asperiores', 36, '2021-10-12 00:47:24', '2021-10-12 00:47:24'),
(288, 'doloremque', 36, '2021-10-12 00:47:24', '2021-10-12 00:47:24'),
(289, 'hic', 37, '2021-10-12 00:47:24', '2021-10-12 00:47:24'),
(290, 'consectetur', 37, '2021-10-12 00:47:24', '2021-10-12 00:47:24'),
(291, 'voluptatum', 37, '2021-10-12 00:47:24', '2021-10-12 00:47:24'),
(292, 'dolor', 37, '2021-10-12 00:47:24', '2021-10-12 00:47:24'),
(293, 'officiis', 37, '2021-10-12 00:47:24', '2021-10-12 00:47:24'),
(294, 'aspernatur', 37, '2021-10-12 00:47:24', '2021-10-12 00:47:24'),
(295, 'impedit', 37, '2021-10-12 00:47:24', '2021-10-12 00:47:24'),
(296, 'rem', 37, '2021-10-12 00:47:24', '2021-10-12 00:47:24'),
(297, 'est', 38, '2021-10-12 00:47:24', '2021-10-12 00:47:24'),
(298, 'magnam', 38, '2021-10-12 00:47:25', '2021-10-12 00:47:25'),
(299, 'ipsum', 38, '2021-10-12 00:47:25', '2021-10-12 00:47:25'),
(300, 'quia', 38, '2021-10-12 00:47:25', '2021-10-12 00:47:25'),
(301, 'aut', 38, '2021-10-12 00:47:25', '2021-10-12 00:47:25'),
(302, 'minima', 38, '2021-10-12 00:47:25', '2021-10-12 00:47:25'),
(303, 'voluptatem', 38, '2021-10-12 00:47:25', '2021-10-12 00:47:25'),
(304, 'quis', 38, '2021-10-12 00:47:25', '2021-10-12 00:47:25'),
(305, 'natus', 39, '2021-10-12 00:47:25', '2021-10-12 00:47:25'),
(306, 'consequatur', 39, '2021-10-12 00:47:25', '2021-10-12 00:47:25'),
(307, 'reprehenderit', 39, '2021-10-12 00:47:25', '2021-10-12 00:47:25'),
(308, 'ut', 39, '2021-10-12 00:47:25', '2021-10-12 00:47:25'),
(309, 'magni', 39, '2021-10-12 00:47:25', '2021-10-12 00:47:25'),
(310, 'iusto', 39, '2021-10-12 00:47:25', '2021-10-12 00:47:25'),
(311, 'voluptate', 39, '2021-10-12 00:47:25', '2021-10-12 00:47:25'),
(312, 'iste', 39, '2021-10-12 00:47:25', '2021-10-12 00:47:25'),
(313, 'explicabo', 40, '2021-10-12 00:47:25', '2021-10-12 00:47:25'),
(314, 'et', 40, '2021-10-12 00:47:25', '2021-10-12 00:47:25'),
(315, 'soluta', 40, '2021-10-12 00:47:25', '2021-10-12 00:47:25'),
(316, 'quo', 40, '2021-10-12 00:47:25', '2021-10-12 00:47:25'),
(317, 'sit', 40, '2021-10-12 00:47:25', '2021-10-12 00:47:25'),
(318, 'illum', 40, '2021-10-12 00:47:25', '2021-10-12 00:47:25'),
(319, 'quam', 40, '2021-10-12 00:47:25', '2021-10-12 00:47:25'),
(320, 'deleniti', 40, '2021-10-12 00:47:25', '2021-10-12 00:47:25'),
(321, 'sed', 41, '2021-10-12 00:47:25', '2021-10-12 00:47:25'),
(322, 'eaque', 41, '2021-10-12 00:47:25', '2021-10-12 00:47:25'),
(323, 'debitis', 41, '2021-10-12 00:47:25', '2021-10-12 00:47:25'),
(324, 'explicabo', 41, '2021-10-12 00:47:25', '2021-10-12 00:47:25'),
(325, 'voluptatum', 41, '2021-10-12 00:47:25', '2021-10-12 00:47:25'),
(326, 'dignissimos', 41, '2021-10-12 00:47:25', '2021-10-12 00:47:25'),
(327, 'amet', 41, '2021-10-12 00:47:25', '2021-10-12 00:47:25'),
(328, 'cum', 41, '2021-10-12 00:47:25', '2021-10-12 00:47:25'),
(329, 'rerum', 42, '2021-10-12 00:47:25', '2021-10-12 00:47:25'),
(330, 'nesciunt', 42, '2021-10-12 00:47:25', '2021-10-12 00:47:25'),
(331, 'dolore', 42, '2021-10-12 00:47:25', '2021-10-12 00:47:25'),
(332, 'eveniet', 42, '2021-10-12 00:47:25', '2021-10-12 00:47:25'),
(333, 'dolor', 42, '2021-10-12 00:47:25', '2021-10-12 00:47:25'),
(334, 'culpa', 42, '2021-10-12 00:47:25', '2021-10-12 00:47:25'),
(335, 'quibusdam', 42, '2021-10-12 00:47:25', '2021-10-12 00:47:25'),
(336, 'rem', 42, '2021-10-12 00:47:25', '2021-10-12 00:47:25'),
(337, 'voluptate', 43, '2021-10-12 00:47:25', '2021-10-12 00:47:25'),
(338, 'error', 43, '2021-10-12 00:47:25', '2021-10-12 00:47:25'),
(339, 'amet', 43, '2021-10-12 00:47:25', '2021-10-12 00:47:25'),
(340, 'quam', 43, '2021-10-12 00:47:25', '2021-10-12 00:47:25'),
(341, 'quia', 43, '2021-10-12 00:47:25', '2021-10-12 00:47:25'),
(342, 'voluptas', 43, '2021-10-12 00:47:25', '2021-10-12 00:47:25'),
(343, 'facilis', 43, '2021-10-12 00:47:25', '2021-10-12 00:47:25'),
(344, 'quibusdam', 43, '2021-10-12 00:47:25', '2021-10-12 00:47:25'),
(345, 'dolorum', 44, '2021-10-12 00:47:25', '2021-10-12 00:47:25'),
(346, 'repellat', 44, '2021-10-12 00:47:25', '2021-10-12 00:47:25'),
(347, 'ad', 44, '2021-10-12 00:47:25', '2021-10-12 00:47:25'),
(348, 'dolorum', 44, '2021-10-12 00:47:25', '2021-10-12 00:47:25'),
(349, 'repellat', 44, '2021-10-12 00:47:25', '2021-10-12 00:47:25'),
(350, 'debitis', 44, '2021-10-12 00:47:25', '2021-10-12 00:47:25'),
(351, 'impedit', 44, '2021-10-12 00:47:25', '2021-10-12 00:47:25'),
(352, 'incidunt', 44, '2021-10-12 00:47:25', '2021-10-12 00:47:25'),
(353, 'alias', 45, '2021-10-12 00:47:25', '2021-10-12 00:47:25'),
(354, 'voluptate', 45, '2021-10-12 00:47:25', '2021-10-12 00:47:25'),
(355, 'voluptates', 45, '2021-10-12 00:47:25', '2021-10-12 00:47:25'),
(356, 'aut', 45, '2021-10-12 00:47:25', '2021-10-12 00:47:25'),
(357, 'nam', 45, '2021-10-12 00:47:25', '2021-10-12 00:47:25'),
(358, 'sapiente', 45, '2021-10-12 00:47:25', '2021-10-12 00:47:25'),
(359, 'et', 45, '2021-10-12 00:47:25', '2021-10-12 00:47:25'),
(360, 'nulla', 45, '2021-10-12 00:47:25', '2021-10-12 00:47:25'),
(361, 'et', 46, '2021-10-12 00:47:25', '2021-10-12 00:47:25'),
(362, 'atque', 46, '2021-10-12 00:47:25', '2021-10-12 00:47:25'),
(363, 'quisquam', 46, '2021-10-12 00:47:25', '2021-10-12 00:47:25'),
(364, 'a', 46, '2021-10-12 00:47:25', '2021-10-12 00:47:25'),
(365, 'consequatur', 46, '2021-10-12 00:47:25', '2021-10-12 00:47:25'),
(366, 'ut', 46, '2021-10-12 00:47:25', '2021-10-12 00:47:25'),
(367, 'quia', 46, '2021-10-12 00:47:25', '2021-10-12 00:47:25'),
(368, 'amet', 46, '2021-10-12 00:47:25', '2021-10-12 00:47:25'),
(369, 'natus', 47, '2021-10-12 00:47:25', '2021-10-12 00:47:25'),
(370, 'eos', 47, '2021-10-12 00:47:25', '2021-10-12 00:47:25'),
(371, 'dolores', 47, '2021-10-12 00:47:25', '2021-10-12 00:47:25'),
(372, 'id', 47, '2021-10-12 00:47:25', '2021-10-12 00:47:25'),
(373, 'qui', 47, '2021-10-12 00:47:25', '2021-10-12 00:47:25'),
(374, 'laudantium', 47, '2021-10-12 00:47:25', '2021-10-12 00:47:25'),
(375, 'officiis', 47, '2021-10-12 00:47:25', '2021-10-12 00:47:25'),
(376, 'ab', 47, '2021-10-12 00:47:25', '2021-10-12 00:47:25'),
(377, 'mollitia', 48, '2021-10-12 00:47:25', '2021-10-12 00:47:25'),
(378, 'esse', 48, '2021-10-12 00:47:25', '2021-10-12 00:47:25'),
(379, 'repudiandae', 48, '2021-10-12 00:47:25', '2021-10-12 00:47:25'),
(380, 'deserunt', 48, '2021-10-12 00:47:25', '2021-10-12 00:47:25'),
(381, 'ut', 48, '2021-10-12 00:47:25', '2021-10-12 00:47:25'),
(382, 'autem', 48, '2021-10-12 00:47:25', '2021-10-12 00:47:25'),
(383, 'magni', 48, '2021-10-12 00:47:25', '2021-10-12 00:47:25'),
(384, 'explicabo', 48, '2021-10-12 00:47:25', '2021-10-12 00:47:25'),
(385, 'non', 49, '2021-10-12 00:47:25', '2021-10-12 00:47:25'),
(386, 'provident', 49, '2021-10-12 00:47:25', '2021-10-12 00:47:25'),
(387, 'est', 49, '2021-10-12 00:47:25', '2021-10-12 00:47:25'),
(388, 'qui', 49, '2021-10-12 00:47:25', '2021-10-12 00:47:25'),
(389, 'neque', 49, '2021-10-12 00:47:25', '2021-10-12 00:47:25'),
(390, 'aliquam', 49, '2021-10-12 00:47:25', '2021-10-12 00:47:25'),
(391, 'sunt', 49, '2021-10-12 00:47:25', '2021-10-12 00:47:25'),
(392, 'earum', 49, '2021-10-12 00:47:25', '2021-10-12 00:47:25'),
(393, 'qui', 50, '2021-10-12 00:47:25', '2021-10-12 00:47:25'),
(394, 'itaque', 50, '2021-10-12 00:47:25', '2021-10-12 00:47:25'),
(395, 'perspiciatis', 50, '2021-10-12 00:47:25', '2021-10-12 00:47:25'),
(396, 'possimus', 50, '2021-10-12 00:47:25', '2021-10-12 00:47:25'),
(397, 'magnam', 50, '2021-10-12 00:47:25', '2021-10-12 00:47:25'),
(398, 'blanditiis', 50, '2021-10-12 00:47:25', '2021-10-12 00:47:25'),
(399, 'eius', 50, '2021-10-12 00:47:25', '2021-10-12 00:47:25'),
(400, 'possimus', 50, '2021-10-12 00:47:25', '2021-10-12 00:47:25'),
(401, 'perferendis', 51, '2021-10-12 00:47:25', '2021-10-12 00:47:25'),
(402, 'quia', 51, '2021-10-12 00:47:25', '2021-10-12 00:47:25'),
(403, 'laudantium', 51, '2021-10-12 00:47:25', '2021-10-12 00:47:25'),
(404, 'ut', 51, '2021-10-12 00:47:25', '2021-10-12 00:47:25'),
(405, 'ad', 51, '2021-10-12 00:47:25', '2021-10-12 00:47:25'),
(406, 'blanditiis', 51, '2021-10-12 00:47:25', '2021-10-12 00:47:25'),
(407, 'illo', 51, '2021-10-12 00:47:25', '2021-10-12 00:47:25'),
(408, 'vel', 51, '2021-10-12 00:47:25', '2021-10-12 00:47:25'),
(409, 'aut', 52, '2021-10-12 00:47:25', '2021-10-12 00:47:25'),
(410, 'est', 52, '2021-10-12 00:47:25', '2021-10-12 00:47:25'),
(411, 'deserunt', 52, '2021-10-12 00:47:25', '2021-10-12 00:47:25'),
(412, 'sapiente', 52, '2021-10-12 00:47:25', '2021-10-12 00:47:25'),
(413, 'voluptatem', 52, '2021-10-12 00:47:25', '2021-10-12 00:47:25'),
(414, 'et', 52, '2021-10-12 00:47:25', '2021-10-12 00:47:25'),
(415, 'est', 52, '2021-10-12 00:47:25', '2021-10-12 00:47:25'),
(416, 'voluptas', 52, '2021-10-12 00:47:25', '2021-10-12 00:47:25'),
(417, 'molestias', 53, '2021-10-12 00:47:25', '2021-10-12 00:47:25'),
(418, 'et', 53, '2021-10-12 00:47:25', '2021-10-12 00:47:25'),
(419, 'placeat', 53, '2021-10-12 00:47:25', '2021-10-12 00:47:25'),
(420, 'odio', 53, '2021-10-12 00:47:25', '2021-10-12 00:47:25'),
(421, 'unde', 53, '2021-10-12 00:47:25', '2021-10-12 00:47:25'),
(422, 'consequatur', 53, '2021-10-12 00:47:25', '2021-10-12 00:47:25'),
(423, 'laborum', 53, '2021-10-12 00:47:25', '2021-10-12 00:47:25'),
(424, 'consectetur', 53, '2021-10-12 00:47:25', '2021-10-12 00:47:25'),
(425, 'eum', 54, '2021-10-12 00:47:25', '2021-10-12 00:47:25'),
(426, 'quaerat', 54, '2021-10-12 00:47:25', '2021-10-12 00:47:25'),
(427, 'aut', 54, '2021-10-12 00:47:25', '2021-10-12 00:47:25'),
(428, 'eos', 54, '2021-10-12 00:47:25', '2021-10-12 00:47:25'),
(429, 'et', 54, '2021-10-12 00:47:25', '2021-10-12 00:47:25'),
(430, 'quis', 54, '2021-10-12 00:47:25', '2021-10-12 00:47:25'),
(431, 'beatae', 54, '2021-10-12 00:47:25', '2021-10-12 00:47:25'),
(432, 'quibusdam', 54, '2021-10-12 00:47:25', '2021-10-12 00:47:25'),
(433, 'velit', 55, '2021-10-12 00:47:25', '2021-10-12 00:47:25'),
(434, 'quos', 55, '2021-10-12 00:47:25', '2021-10-12 00:47:25'),
(435, 'eum', 55, '2021-10-12 00:47:25', '2021-10-12 00:47:25'),
(436, 'qui', 55, '2021-10-12 00:47:25', '2021-10-12 00:47:25'),
(437, 'aut', 55, '2021-10-12 00:47:25', '2021-10-12 00:47:25'),
(438, 'culpa', 55, '2021-10-12 00:47:25', '2021-10-12 00:47:25'),
(439, 'nisi', 55, '2021-10-12 00:47:25', '2021-10-12 00:47:25'),
(440, 'mollitia', 55, '2021-10-12 00:47:25', '2021-10-12 00:47:25'),
(441, 'labore', 56, '2021-10-12 00:47:25', '2021-10-12 00:47:25'),
(442, 'perspiciatis', 56, '2021-10-12 00:47:25', '2021-10-12 00:47:25'),
(443, 'eos', 56, '2021-10-12 00:47:25', '2021-10-12 00:47:25'),
(444, 'ea', 56, '2021-10-12 00:47:25', '2021-10-12 00:47:25'),
(445, 'modi', 56, '2021-10-12 00:47:25', '2021-10-12 00:47:25'),
(446, 'repellendus', 56, '2021-10-12 00:47:25', '2021-10-12 00:47:25'),
(447, 'debitis', 56, '2021-10-12 00:47:25', '2021-10-12 00:47:25'),
(448, 'aspernatur', 56, '2021-10-12 00:47:25', '2021-10-12 00:47:25'),
(449, 'quaerat', 57, '2021-10-12 00:47:25', '2021-10-12 00:47:25'),
(450, 'sit', 57, '2021-10-12 00:47:25', '2021-10-12 00:47:25'),
(451, 'in', 57, '2021-10-12 00:47:25', '2021-10-12 00:47:25'),
(452, 'omnis', 57, '2021-10-12 00:47:25', '2021-10-12 00:47:25'),
(453, 'molestias', 57, '2021-10-12 00:47:25', '2021-10-12 00:47:25'),
(454, 'occaecati', 57, '2021-10-12 00:47:25', '2021-10-12 00:47:25'),
(455, 'autem', 57, '2021-10-12 00:47:25', '2021-10-12 00:47:25'),
(456, 'placeat', 57, '2021-10-12 00:47:25', '2021-10-12 00:47:25'),
(457, 'quasi', 58, '2021-10-12 00:47:25', '2021-10-12 00:47:25'),
(458, 'ipsam', 58, '2021-10-12 00:47:25', '2021-10-12 00:47:25'),
(459, 'facere', 58, '2021-10-12 00:47:25', '2021-10-12 00:47:25'),
(460, 'facere', 58, '2021-10-12 00:47:25', '2021-10-12 00:47:25'),
(461, 'ad', 58, '2021-10-12 00:47:25', '2021-10-12 00:47:25'),
(462, 'provident', 58, '2021-10-12 00:47:25', '2021-10-12 00:47:25'),
(463, 'dolores', 58, '2021-10-12 00:47:25', '2021-10-12 00:47:25'),
(464, 'enim', 58, '2021-10-12 00:47:25', '2021-10-12 00:47:25'),
(465, 'modi', 59, '2021-10-12 00:47:25', '2021-10-12 00:47:25'),
(466, 'esse', 59, '2021-10-12 00:47:25', '2021-10-12 00:47:25'),
(467, 'rerum', 59, '2021-10-12 00:47:25', '2021-10-12 00:47:25'),
(468, 'quo', 59, '2021-10-12 00:47:25', '2021-10-12 00:47:25'),
(469, 'recusandae', 59, '2021-10-12 00:47:25', '2021-10-12 00:47:25'),
(470, 'quam', 59, '2021-10-12 00:47:25', '2021-10-12 00:47:25'),
(471, 'in', 59, '2021-10-12 00:47:25', '2021-10-12 00:47:25'),
(472, 'qui', 59, '2021-10-12 00:47:25', '2021-10-12 00:47:25'),
(473, 'et', 60, '2021-10-12 00:47:25', '2021-10-12 00:47:25'),
(474, 'quia', 60, '2021-10-12 00:47:25', '2021-10-12 00:47:25'),
(475, 'consequuntur', 60, '2021-10-12 00:47:25', '2021-10-12 00:47:25'),
(476, 'velit', 60, '2021-10-12 00:47:25', '2021-10-12 00:47:25'),
(477, 'blanditiis', 60, '2021-10-12 00:47:25', '2021-10-12 00:47:25'),
(478, 'ex', 60, '2021-10-12 00:47:25', '2021-10-12 00:47:25'),
(479, 'quasi', 60, '2021-10-12 00:47:25', '2021-10-12 00:47:25'),
(480, 'dolores', 60, '2021-10-12 00:47:25', '2021-10-12 00:47:25'),
(481, 'at', 61, '2021-10-12 00:47:25', '2021-10-12 00:47:25'),
(482, 'officia', 61, '2021-10-12 00:47:25', '2021-10-12 00:47:25'),
(483, 'necessitatibus', 61, '2021-10-12 00:47:25', '2021-10-12 00:47:25'),
(484, 'cum', 61, '2021-10-12 00:47:25', '2021-10-12 00:47:25'),
(485, 'quia', 61, '2021-10-12 00:47:25', '2021-10-12 00:47:25'),
(486, 'numquam', 61, '2021-10-12 00:47:25', '2021-10-12 00:47:25'),
(487, 'id', 61, '2021-10-12 00:47:25', '2021-10-12 00:47:25'),
(488, 'quis', 61, '2021-10-12 00:47:25', '2021-10-12 00:47:25'),
(489, 'est', 62, '2021-10-12 00:47:25', '2021-10-12 00:47:25'),
(490, 'quas', 62, '2021-10-12 00:47:25', '2021-10-12 00:47:25'),
(491, 'voluptatem', 62, '2021-10-12 00:47:25', '2021-10-12 00:47:25'),
(492, 'eveniet', 62, '2021-10-12 00:47:25', '2021-10-12 00:47:25'),
(493, 'mollitia', 62, '2021-10-12 00:47:25', '2021-10-12 00:47:25'),
(494, 'asperiores', 62, '2021-10-12 00:47:25', '2021-10-12 00:47:25'),
(495, 'quibusdam', 62, '2021-10-12 00:47:25', '2021-10-12 00:47:25'),
(496, 'porro', 62, '2021-10-12 00:47:25', '2021-10-12 00:47:25'),
(497, 'dolorem', 63, '2021-10-12 00:47:25', '2021-10-12 00:47:25'),
(498, 'repellendus', 63, '2021-10-12 00:47:25', '2021-10-12 00:47:25'),
(499, 'deleniti', 63, '2021-10-12 00:47:25', '2021-10-12 00:47:25'),
(500, 'ipsa', 63, '2021-10-12 00:47:25', '2021-10-12 00:47:25'),
(501, 'tempore', 63, '2021-10-12 00:47:25', '2021-10-12 00:47:25'),
(502, 'natus', 63, '2021-10-12 00:47:25', '2021-10-12 00:47:25'),
(503, 'beatae', 63, '2021-10-12 00:47:25', '2021-10-12 00:47:25'),
(504, 'ut', 63, '2021-10-12 00:47:25', '2021-10-12 00:47:25'),
(505, 'voluptatibus', 64, '2021-10-12 00:47:25', '2021-10-12 00:47:25'),
(506, 'iusto', 64, '2021-10-12 00:47:25', '2021-10-12 00:47:25'),
(507, 'quo', 64, '2021-10-12 00:47:25', '2021-10-12 00:47:25'),
(508, 'accusamus', 64, '2021-10-12 00:47:25', '2021-10-12 00:47:25'),
(509, 'beatae', 64, '2021-10-12 00:47:25', '2021-10-12 00:47:25'),
(510, 'alias', 64, '2021-10-12 00:47:25', '2021-10-12 00:47:25'),
(511, 'quasi', 64, '2021-10-12 00:47:25', '2021-10-12 00:47:25'),
(512, 'molestiae', 64, '2021-10-12 00:47:25', '2021-10-12 00:47:25');

-- --------------------------------------------------------

--
-- Estructura de tabla para la tabla `failed_jobs`
--

CREATE TABLE `failed_jobs` (
  `id` bigint(20) UNSIGNED NOT NULL,
  `uuid` varchar(255) COLLATE utf8mb4_unicode_ci NOT NULL,
  `connection` text COLLATE utf8mb4_unicode_ci NOT NULL,
  `queue` text COLLATE utf8mb4_unicode_ci NOT NULL,
  `payload` longtext COLLATE utf8mb4_unicode_ci NOT NULL,
  `exception` longtext COLLATE utf8mb4_unicode_ci NOT NULL,
  `failed_at` timestamp NOT NULL DEFAULT CURRENT_TIMESTAMP
) ENGINE=InnoDB DEFAULT CHARSET=utf8mb4 COLLATE=utf8mb4_unicode_ci;

-- --------------------------------------------------------

--
-- Estructura de tabla para la tabla `images`
--

CREATE TABLE `images` (
  `id` bigint(20) UNSIGNED NOT NULL,
  `url` varchar(255) COLLATE utf8mb4_unicode_ci NOT NULL,
  `imageable_id` bigint(20) UNSIGNED NOT NULL,
  `imageable_type` varchar(255) COLLATE utf8mb4_unicode_ci NOT NULL,
  `created_at` timestamp NULL DEFAULT NULL,
  `updated_at` timestamp NULL DEFAULT NULL
) ENGINE=InnoDB DEFAULT CHARSET=utf8mb4 COLLATE=utf8mb4_unicode_ci;

--
-- Volcado de datos para la tabla `images`
--

INSERT INTO `images` (`id`, `url`, `imageable_id`, `imageable_type`, `created_at`, `updated_at`) VALUES
(1, 'products/974720e446004a7a6c44e88387d9f4be.png', 1, 'App\\Models\\Product', '2021-10-12 00:47:07', '2021-10-12 00:47:07'),
(2, 'products/421838df13c55696bd2cb3b1327bbb4f.png', 1, 'App\\Models\\Product', '2021-10-12 00:47:07', '2021-10-12 00:47:07'),
(3, 'products/479ff120958815ce4838e51bb08a04a9.png', 2, 'App\\Models\\Product', '2021-10-12 00:47:07', '2021-10-12 00:47:07'),
(4, 'products/ad011da52fcbee34bba8e578812bfd3e.png', 2, 'App\\Models\\Product', '2021-10-12 00:47:07', '2021-10-12 00:47:07'),
(5, 'products/a936507d2bdcd5efff9d9dcece474e29.png', 3, 'App\\Models\\Product', '2021-10-12 00:47:08', '2021-10-12 00:47:08'),
(6, 'products/0b91104fbae503c402024ac2e206796e.png', 3, 'App\\Models\\Product', '2021-10-12 00:47:08', '2021-10-12 00:47:08'),
(7, 'products/465ed0c9da36e0befa6b7a3bcb6f309d.png', 4, 'App\\Models\\Product', '2021-10-12 00:47:09', '2021-10-12 00:47:09'),
(8, 'products/53e6ba632f6d2aba17bd234e06d5691d.png', 4, 'App\\Models\\Product', '2021-10-12 00:47:09', '2021-10-12 00:47:09'),
(9, 'products/0a047b84f348dc64bfd6bfc5a646b05b.png', 5, 'App\\Models\\Product', '2021-10-12 00:47:09', '2021-10-12 00:47:09'),
(10, 'products/11b92be4ace34ac0b9a615e66757744a.png', 5, 'App\\Models\\Product', '2021-10-12 00:47:09', '2021-10-12 00:47:09'),
(11, 'products/fa2f5d22aabb7cdb5c23ec81624a6ca5.png', 6, 'App\\Models\\Product', '2021-10-12 00:47:09', '2021-10-12 00:47:09'),
(12, 'products/b2f5dbe4ec8c86dc6c2d62d93d698418.png', 6, 'App\\Models\\Product', '2021-10-12 00:47:09', '2021-10-12 00:47:09'),
(13, 'products/7c73fbb237d717bd269d254c5397b864.png', 7, 'App\\Models\\Product', '2021-10-12 00:47:09', '2021-10-12 00:47:09'),
(14, 'products/7bcdffa1436478340d00159ebfa603ea.png', 7, 'App\\Models\\Product', '2021-10-12 00:47:09', '2021-10-12 00:47:09'),
(15, 'products/9b4f69de2cdee678826f65e5991f4eb3.png', 8, 'App\\Models\\Product', '2021-10-12 00:47:10', '2021-10-12 00:47:10'),
(16, 'products/c703376ae0fed04cdc4fd5ef850feaa3.png', 8, 'App\\Models\\Product', '2021-10-12 00:47:10', '2021-10-12 00:47:10'),
(17, 'products/b9bb1b2d2cb30cec1bac76d0e8f24add.png', 9, 'App\\Models\\Product', '2021-10-12 00:47:10', '2021-10-12 00:47:10'),
(18, 'products/c651108f37a189d7d5e83515918c4274.png', 9, 'App\\Models\\Product', '2021-10-12 00:47:10', '2021-10-12 00:47:10'),
(19, 'products/a867ac4c5f14bf27c8cd03065cde99a7.png', 10, 'App\\Models\\Product', '2021-10-12 00:47:10', '2021-10-12 00:47:10'),
(20, 'products/049f3651a2c4962355b220cbab4f23e6.png', 10, 'App\\Models\\Product', '2021-10-12 00:47:10', '2021-10-12 00:47:10'),
(21, 'products/428fc6d8a3ff678fee216ff3905ece72.png', 11, 'App\\Models\\Product', '2021-10-12 00:47:11', '2021-10-12 00:47:11'),
(22, 'products/f5f9d239e97ba65eb60d232a410a4486.png', 11, 'App\\Models\\Product', '2021-10-12 00:47:11', '2021-10-12 00:47:11'),
(23, 'products/de36135f1b359303e41c6f801e313d69.png', 12, 'App\\Models\\Product', '2021-10-12 00:47:11', '2021-10-12 00:47:11'),
(24, 'products/318e5edda716f8133eabcf2bac37f6dc.png', 12, 'App\\Models\\Product', '2021-10-12 00:47:11', '2021-10-12 00:47:11'),
(25, 'products/1d876768802beaeb4dfe24cee9a3b1e8.png', 13, 'App\\Models\\Product', '2021-10-12 00:47:11', '2021-10-12 00:47:11'),
(26, 'products/5c928333648cb464c17249eb76a93879.png', 13, 'App\\Models\\Product', '2021-10-12 00:47:11', '2021-10-12 00:47:11'),
(27, 'products/dfb684f125552a53ccda2f3617929f22.png', 14, 'App\\Models\\Product', '2021-10-12 00:47:12', '2021-10-12 00:47:12'),
(28, 'products/aa9753526031fad933b7b7c5db4f9197.png', 14, 'App\\Models\\Product', '2021-10-12 00:47:12', '2021-10-12 00:47:12'),
(29, 'products/e037798c0a445d4da5ff8af3b476631c.png', 15, 'App\\Models\\Product', '2021-10-12 00:47:12', '2021-10-12 00:47:12'),
(30, 'products/1a942fca933765d71b4d50b5c9e9c0b5.png', 15, 'App\\Models\\Product', '2021-10-12 00:47:12', '2021-10-12 00:47:12'),
(31, 'products/3f6807d129f9e3b019cd023b93a8eb5d.png', 16, 'App\\Models\\Product', '2021-10-12 00:47:13', '2021-10-12 00:47:13'),
(32, 'products/b707e33e4480b467e4cac8fe0977d607.png', 16, 'App\\Models\\Product', '2021-10-12 00:47:13', '2021-10-12 00:47:13'),
(33, 'products/f16d95e6a040a8b838b39bfbebc7a52a.png', 17, 'App\\Models\\Product', '2021-10-12 00:47:13', '2021-10-12 00:47:13'),
(34, 'products/6cee6df5b4de956de407b1c2a69faf56.png', 17, 'App\\Models\\Product', '2021-10-12 00:47:13', '2021-10-12 00:47:13'),
(35, 'products/6d91c4e64b87f588139f04cbbe2d596c.png', 18, 'App\\Models\\Product', '2021-10-12 00:47:14', '2021-10-12 00:47:14'),
(36, 'products/d9cb4066a1f480f4fe5afd1b5a70099b.png', 18, 'App\\Models\\Product', '2021-10-12 00:47:14', '2021-10-12 00:47:14'),
(37, 'products/619759dee42e20c003573882c1c3f17a.png', 19, 'App\\Models\\Product', '2021-10-12 00:47:14', '2021-10-12 00:47:14'),
(38, 'products/9245c3341768a61970cc712ce98251bd.png', 19, 'App\\Models\\Product', '2021-10-12 00:47:14', '2021-10-12 00:47:14'),
(39, 'products/c6c3a57a7165b47b2557dad4c76e313a.png', 20, 'App\\Models\\Product', '2021-10-12 00:47:15', '2021-10-12 00:47:15'),
(40, 'products/2e32ca2b6dfd6038fb5fea59e70cf844.png', 20, 'App\\Models\\Product', '2021-10-12 00:47:15', '2021-10-12 00:47:15'),
(41, 'products/d1f669f09f8afd5a7125aa9db60126ba.png', 21, 'App\\Models\\Product', '2021-10-12 00:47:15', '2021-10-12 00:47:15'),
(42, 'products/296fdeb5fc5491d5948f59e36f0b1acf.png', 21, 'App\\Models\\Product', '2021-10-12 00:47:15', '2021-10-12 00:47:15'),
(43, 'products/d34c9b0cfa1e82de784a04d57f0b3707.png', 22, 'App\\Models\\Product', '2021-10-12 00:47:15', '2021-10-12 00:47:15'),
(44, 'products/8804a1521ee4f3f06359d9848cf384db.png', 22, 'App\\Models\\Product', '2021-10-12 00:47:15', '2021-10-12 00:47:15'),
(45, 'products/10c02293073661e27cae974a5c9d9d44.png', 23, 'App\\Models\\Product', '2021-10-12 00:47:16', '2021-10-12 00:47:16'),
(46, 'products/cb06cc787880d420fca272d34a1edec2.png', 23, 'App\\Models\\Product', '2021-10-12 00:47:16', '2021-10-12 00:47:16'),
(47, 'products/d37dc8cb0ae736cd12764bdc95817307.png', 24, 'App\\Models\\Product', '2021-10-12 00:47:16', '2021-10-12 00:47:16'),
(48, 'products/51c6f927f7d5648c5f6e1a9891acd83b.png', 24, 'App\\Models\\Product', '2021-10-12 00:47:16', '2021-10-12 00:47:16'),
(49, 'products/667c080e1f66d53cbefe5b50daddd45b.png', 25, 'App\\Models\\Product', '2021-10-12 00:47:16', '2021-10-12 00:47:16'),
(50, 'products/d359f9bebdeee12c8119c05795587041.png', 25, 'App\\Models\\Product', '2021-10-12 00:47:16', '2021-10-12 00:47:16'),
(51, 'products/bda41e1eb11860dd5e0604ab7428e7d6.png', 26, 'App\\Models\\Product', '2021-10-12 00:47:17', '2021-10-12 00:47:17'),
(52, 'products/f6670bcdaeb518c86cd93bfdf60c985f.png', 26, 'App\\Models\\Product', '2021-10-12 00:47:17', '2021-10-12 00:47:17'),
(53, 'products/32877f5dde9800ba35654171a62feb1e.png', 27, 'App\\Models\\Product', '2021-10-12 00:47:17', '2021-10-12 00:47:17'),
(54, 'products/cef5adb745aa381ba7febbfb3f18fdcc.png', 27, 'App\\Models\\Product', '2021-10-12 00:47:17', '2021-10-12 00:47:17'),
(55, 'products/35001588b402081adbee72d332190fc6.png', 28, 'App\\Models\\Product', '2021-10-12 00:47:17', '2021-10-12 00:47:17'),
(56, 'products/96c2fb89a0b0b721d05ba00e68690b55.png', 28, 'App\\Models\\Product', '2021-10-12 00:47:17', '2021-10-12 00:47:17'),
(57, 'products/bb3a519927cc8fcb09969a24939da1c9.png', 29, 'App\\Models\\Product', '2021-10-12 00:47:17', '2021-10-12 00:47:17'),
(58, 'products/7b0243cc91413e98b4aeee4c68a3d5f5.png', 29, 'App\\Models\\Product', '2021-10-12 00:47:17', '2021-10-12 00:47:17'),
(59, 'products/90398038985dd4d978893c4c36fe3a67.png', 30, 'App\\Models\\Product', '2021-10-12 00:47:18', '2021-10-12 00:47:18'),
(60, 'products/e4e546b51bb6d38bc84578abd5428593.png', 30, 'App\\Models\\Product', '2021-10-12 00:47:18', '2021-10-12 00:47:18'),
(61, 'products/21c3b755cabc96106b9eae0078b1a09b.png', 31, 'App\\Models\\Product', '2021-10-12 00:47:18', '2021-10-12 00:47:18'),
(62, 'products/16c47d3491e34ee38e709f1fda5f74c2.png', 31, 'App\\Models\\Product', '2021-10-12 00:47:18', '2021-10-12 00:47:18'),
(63, 'products/9a5cc4404a1300c637f2d3eec89f6275.png', 32, 'App\\Models\\Product', '2021-10-12 00:47:18', '2021-10-12 00:47:18'),
(64, 'products/bec26bf19034f7787b530413f3fb963e.png', 32, 'App\\Models\\Product', '2021-10-12 00:47:18', '2021-10-12 00:47:18'),
(65, 'products/d9d38aa1d18bef9d719c44c77b185cce.png', 33, 'App\\Models\\Product', '2021-10-12 00:47:19', '2021-10-12 00:47:19'),
(66, 'products/83d3e533263c8f2310743fda01b4ea32.png', 33, 'App\\Models\\Product', '2021-10-12 00:47:19', '2021-10-12 00:47:19'),
(67, 'products/d2ce194306f08c5a55dd480b40ac0550.png', 34, 'App\\Models\\Product', '2021-10-12 00:47:19', '2021-10-12 00:47:19'),
(68, 'products/656d75285a586151b045186b7475a9d9.png', 34, 'App\\Models\\Product', '2021-10-12 00:47:19', '2021-10-12 00:47:19'),
(69, 'products/16f808fdefa537ab0d8d9320f98fc625.png', 35, 'App\\Models\\Product', '2021-10-12 00:47:19', '2021-10-12 00:47:19'),
(70, 'products/90145ba3e88ec845d48316c3d35ea310.png', 35, 'App\\Models\\Product', '2021-10-12 00:47:19', '2021-10-12 00:47:19'),
(71, 'products/210b3b12050a22a178e450804a5577e5.png', 36, 'App\\Models\\Product', '2021-10-12 00:47:19', '2021-10-12 00:47:19'),
(72, 'products/354e6abaa2b1af088157ac211f378024.png', 36, 'App\\Models\\Product', '2021-10-12 00:47:19', '2021-10-12 00:47:19'),
(73, 'products/9166a50ac919dfa8a92e2c41c1ee1794.png', 37, 'App\\Models\\Product', '2021-10-12 00:47:20', '2021-10-12 00:47:20'),
(74, 'products/a49f4eeebab92f6b68fa45c7659c5864.png', 37, 'App\\Models\\Product', '2021-10-12 00:47:20', '2021-10-12 00:47:20'),
(75, 'products/215162ecb54a2a77c00c3bc94f40e168.png', 38, 'App\\Models\\Product', '2021-10-12 00:47:20', '2021-10-12 00:47:20'),
(76, 'products/3bb82b3d4d9a87fe7fc75b15d44ac206.png', 38, 'App\\Models\\Product', '2021-10-12 00:47:20', '2021-10-12 00:47:20'),
(77, 'products/b594a31265c5178715eec22f01f1497f.png', 39, 'App\\Models\\Product', '2021-10-12 00:47:20', '2021-10-12 00:47:20'),
(78, 'products/23ddd08e2fcb8660a25d0dee5e89729e.png', 39, 'App\\Models\\Product', '2021-10-12 00:47:20', '2021-10-12 00:47:20'),
(79, 'products/148d0ccf621c3c7c2f16e69ba1de4fe4.png', 40, 'App\\Models\\Product', '2021-10-12 00:47:21', '2021-10-12 00:47:21'),
(80, 'products/e6d4a4535eb5c09db2273bf0f037e7e3.png', 40, 'App\\Models\\Product', '2021-10-12 00:47:21', '2021-10-12 00:47:21'),
(81, 'products/1318b6ef4d0219f1bc43d6db592a81dd.png', 41, 'App\\Models\\Product', '2021-10-12 00:47:21', '2021-10-12 00:47:21'),
(82, 'products/6957e678f7c1e44f8759283f76149a57.png', 41, 'App\\Models\\Product', '2021-10-12 00:47:21', '2021-10-12 00:47:21'),
(83, 'products/8252ff85faaf86a6b6bbc01f72df0e89.png', 42, 'App\\Models\\Product', '2021-10-12 00:47:21', '2021-10-12 00:47:21'),
(84, 'products/0e0e49c47bf59faeff8781edc8547558.png', 42, 'App\\Models\\Product', '2021-10-12 00:47:21', '2021-10-12 00:47:21'),
(85, 'products/b0080f36f0cff60a5019869c14f6f0cf.png', 43, 'App\\Models\\Product', '2021-10-12 00:47:22', '2021-10-12 00:47:22'),
(86, 'products/f77acce8e008a4f25864c6e0311f47c5.png', 43, 'App\\Models\\Product', '2021-10-12 00:47:22', '2021-10-12 00:47:22'),
(87, 'products/18598e676c73ae58df86b44ea99d1c1a.png', 44, 'App\\Models\\Product', '2021-10-12 00:47:22', '2021-10-12 00:47:22'),
(88, 'products/0835b3f57637d77691cf7edd9284f87d.png', 44, 'App\\Models\\Product', '2021-10-12 00:47:22', '2021-10-12 00:47:22'),
(89, 'products/55f6926ddfa709e12a06ebc872870449.png', 45, 'App\\Models\\Product', '2021-10-12 00:47:22', '2021-10-12 00:47:22'),
(90, 'products/36430d1183da4e70fcb0bc7ee6a32a0b.png', 45, 'App\\Models\\Product', '2021-10-12 00:47:22', '2021-10-12 00:47:22'),
(91, 'products/7e27b05464dab2ceae30d69cf548cb5d.png', 46, 'App\\Models\\Product', '2021-10-12 00:47:23', '2021-10-12 00:47:23'),
(92, 'products/571ad4077baa8c1725292affe43e126b.png', 46, 'App\\Models\\Product', '2021-10-12 00:47:23', '2021-10-12 00:47:23'),
(93, 'products/30fa5c7e6bb1dd6493b1e2e161af817c.png', 47, 'App\\Models\\Product', '2021-10-12 00:47:23', '2021-10-12 00:47:23'),
(94, 'products/b6edaf992908f7911a26f50e56662b42.png', 47, 'App\\Models\\Product', '2021-10-12 00:47:23', '2021-10-12 00:47:23'),
(95, 'products/4fc27fec2394c494bf53b23449341070.png', 48, 'App\\Models\\Product', '2021-10-12 00:47:23', '2021-10-12 00:47:23'),
(96, 'products/93afbf2a1e7da5b92fea324eed455ef7.png', 48, 'App\\Models\\Product', '2021-10-12 00:47:23', '2021-10-12 00:47:23'),
(97, 'products/5357814a5b66ff06e8ed6bd59cb1556d.png', 49, 'App\\Models\\Product', '2021-10-12 00:47:23', '2021-10-12 00:47:23'),
(98, 'products/65008be9f24c876b0ece989bb5fd2b79.png', 49, 'App\\Models\\Product', '2021-10-12 00:47:23', '2021-10-12 00:47:23'),
(99, 'products/5dfef22fbf132fef1a3b69b80725a735.png', 50, 'App\\Models\\Product', '2021-10-12 00:47:24', '2021-10-12 00:47:24'),
(100, 'products/5abbfc6f2840ab634c543343d4f0372f.png', 50, 'App\\Models\\Product', '2021-10-12 00:47:24', '2021-10-12 00:47:24');

-- --------------------------------------------------------

--
-- Estructura de tabla para la tabla `migrations`
--

CREATE TABLE `migrations` (
  `id` int(10) UNSIGNED NOT NULL,
  `migration` varchar(255) COLLATE utf8mb4_unicode_ci NOT NULL,
  `batch` int(11) NOT NULL
) ENGINE=InnoDB DEFAULT CHARSET=utf8mb4 COLLATE=utf8mb4_unicode_ci;

--
-- Volcado de datos para la tabla `migrations`
--

INSERT INTO `migrations` (`id`, `migration`, `batch`) VALUES
(1, '2014_01_07_154137_create_countries_table', 1),
(2, '2014_01_08_154137_create_states_table', 1),
(3, '2014_10_12_000000_create_users_table', 1),
(4, '2014_10_12_100000_create_password_resets_table', 1),
(5, '2014_10_12_200000_add_two_factor_columns_to_users_table', 1),
(6, '2018_12_23_120000_create_shoppingcart_table', 1),
(7, '2019_08_19_000000_create_failed_jobs_table', 1),
(8, '2019_12_14_000001_create_personal_access_tokens_table', 1),
(9, '2021_04_08_152050_create_sessions_table', 1),
(10, '2021_04_08_222652_create_categories_table', 1),
(11, '2021_04_08_222853_create_brands_table', 1),
(12, '2021_04_08_223013_create_subcategories_table', 1),
(13, '2021_04_08_224139_create_brand_category_table', 1),
(14, '2021_04_08_224140_create_products_table', 1),
(15, '2021_04_08_224322_create_colors_table', 1),
(16, '2021_04_08_224421_create_color_product_table', 1),
(17, '2021_04_08_224931_create_sizes_table', 1),
(18, '2021_04_08_225106_create_color_size_table', 1),
(19, '2021_04_09_000616_create_images_table', 1),
(20, '2021_05_13_061119_create_departments_table', 1),
(21, '2021_05_13_062018_create_cities_table', 1),
(22, '2021_05_13_062139_create_districts_table', 1),
(23, '2021_05_13_062228_create_orders_table', 1),
(24, '2021_07_23_145033_create_permission_tables', 1);

-- --------------------------------------------------------

--
-- Estructura de tabla para la tabla `model_has_permissions`
--

CREATE TABLE `model_has_permissions` (
  `permission_id` bigint(20) UNSIGNED NOT NULL,
  `model_type` varchar(255) COLLATE utf8mb4_unicode_ci NOT NULL,
  `model_id` bigint(20) UNSIGNED NOT NULL
) ENGINE=InnoDB DEFAULT CHARSET=utf8mb4 COLLATE=utf8mb4_unicode_ci;

-- --------------------------------------------------------

--
-- Estructura de tabla para la tabla `model_has_roles`
--

CREATE TABLE `model_has_roles` (
  `role_id` bigint(20) UNSIGNED NOT NULL,
  `model_type` varchar(255) COLLATE utf8mb4_unicode_ci NOT NULL,
  `model_id` bigint(20) UNSIGNED NOT NULL
) ENGINE=InnoDB DEFAULT CHARSET=utf8mb4 COLLATE=utf8mb4_unicode_ci;

--
-- Volcado de datos para la tabla `model_has_roles`
--

INSERT INTO `model_has_roles` (`role_id`, `model_type`, `model_id`) VALUES
(1, 'App\\Models\\User', 1);

-- --------------------------------------------------------

--
-- Estructura de tabla para la tabla `orders`
--

CREATE TABLE `orders` (
  `id` bigint(20) UNSIGNED NOT NULL,
  `user_id` bigint(20) UNSIGNED NOT NULL,
  `contact` varchar(255) COLLATE utf8mb4_unicode_ci NOT NULL,
  `phone` varchar(255) COLLATE utf8mb4_unicode_ci NOT NULL,
  `status` enum('1','2','3','4','5') COLLATE utf8mb4_unicode_ci NOT NULL DEFAULT '1',
  `envio_type` enum('1','2') COLLATE utf8mb4_unicode_ci NOT NULL,
  `shipping_cost` double(8,2) NOT NULL,
  `total` double(8,2) NOT NULL,
  `content` json NOT NULL,
  `envio` json DEFAULT NULL,
  `created_at` timestamp NULL DEFAULT NULL,
  `updated_at` timestamp NULL DEFAULT NULL
) ENGINE=InnoDB DEFAULT CHARSET=utf8mb4 COLLATE=utf8mb4_unicode_ci;

-- --------------------------------------------------------

--
-- Estructura de tabla para la tabla `password_resets`
--

CREATE TABLE `password_resets` (
  `email` varchar(255) COLLATE utf8mb4_unicode_ci NOT NULL,
  `token` varchar(255) COLLATE utf8mb4_unicode_ci NOT NULL,
  `created_at` timestamp NULL DEFAULT NULL
) ENGINE=InnoDB DEFAULT CHARSET=utf8mb4 COLLATE=utf8mb4_unicode_ci;

-- --------------------------------------------------------

--
-- Estructura de tabla para la tabla `permissions`
--

CREATE TABLE `permissions` (
  `id` bigint(20) UNSIGNED NOT NULL,
  `name` varchar(255) COLLATE utf8mb4_unicode_ci NOT NULL,
  `guard_name` varchar(255) COLLATE utf8mb4_unicode_ci NOT NULL,
  `created_at` timestamp NULL DEFAULT NULL,
  `updated_at` timestamp NULL DEFAULT NULL
) ENGINE=InnoDB DEFAULT CHARSET=utf8mb4 COLLATE=utf8mb4_unicode_ci;

-- --------------------------------------------------------

--
-- Estructura de tabla para la tabla `personal_access_tokens`
--

CREATE TABLE `personal_access_tokens` (
  `id` bigint(20) UNSIGNED NOT NULL,
  `tokenable_type` varchar(255) COLLATE utf8mb4_unicode_ci NOT NULL,
  `tokenable_id` bigint(20) UNSIGNED NOT NULL,
  `name` varchar(255) COLLATE utf8mb4_unicode_ci NOT NULL,
  `token` varchar(64) COLLATE utf8mb4_unicode_ci NOT NULL,
  `abilities` text COLLATE utf8mb4_unicode_ci,
  `last_used_at` timestamp NULL DEFAULT NULL,
  `created_at` timestamp NULL DEFAULT NULL,
  `updated_at` timestamp NULL DEFAULT NULL
) ENGINE=InnoDB DEFAULT CHARSET=utf8mb4 COLLATE=utf8mb4_unicode_ci;

-- --------------------------------------------------------

--
-- Estructura de tabla para la tabla `products`
--

CREATE TABLE `products` (
  `id` bigint(20) UNSIGNED NOT NULL,
  `name` varchar(255) COLLATE utf8mb4_unicode_ci NOT NULL,
  `slug` varchar(255) COLLATE utf8mb4_unicode_ci NOT NULL,
  `description` text COLLATE utf8mb4_unicode_ci NOT NULL,
  `model` text COLLATE utf8mb4_unicode_ci NOT NULL,
  `serie_number` text COLLATE utf8mb4_unicode_ci NOT NULL,
  `price` double(8,2) NOT NULL,
  `commercial_price` double(8,2) NOT NULL,
  `shipping_cost` double(8,2) NOT NULL DEFAULT '0.00',
  `quantity` int(11) DEFAULT NULL,
  `status` enum('1','2') COLLATE utf8mb4_unicode_ci NOT NULL DEFAULT '1',
  `shipping` tinyint(1) NOT NULL DEFAULT '0',
  `subcategory_id` bigint(20) UNSIGNED NOT NULL,
  `category_id` bigint(20) UNSIGNED NOT NULL,
  `brand_id` bigint(20) UNSIGNED NOT NULL,
  `state_id` bigint(20) UNSIGNED NOT NULL,
  `user_id` bigint(20) UNSIGNED NOT NULL,
  `created_at` timestamp NULL DEFAULT NULL,
  `updated_at` timestamp NULL DEFAULT NULL
) ENGINE=InnoDB DEFAULT CHARSET=utf8mb4 COLLATE=utf8mb4_unicode_ci;

--
-- Volcado de datos para la tabla `products`
--

INSERT INTO `products` (`id`, `name`, `slug`, `description`, `model`, `serie_number`, `price`, `commercial_price`, `shipping_cost`, `quantity`, `status`, `shipping`, `subcategory_id`, `category_id`, `brand_id`, `state_id`, `user_id`, `created_at`, `updated_at`) VALUES
(1, 'Ullam est similique.', 'ullam-est-similique', 'Numquam aut libero voluptate odio et esse. Corporis eos aut ullam quo. Ut repudiandae provident consequatur dolorum esse dolor. Debitis alias deserunt optio dolor deserunt maiores et.', 'Consequatur omnis et animi.', 'Facere fuga rem.', 19.99, 29.99, 20.00, 15, '2', 0, 3, 9, 4, 1, 1, '2021-10-12 00:47:07', '2021-10-12 00:47:07'),
(2, 'Exercitationem neque.', 'exercitationem-neque', 'Sunt autem nisi architecto fugit iusto quia. Ut rem doloribus optio ab ut. Est illum modi qui incidunt ut quia iusto. Eveniet numquam aut vel numquam aut provident. Omnis sequi tempora ut voluptatem.', 'Dignissimos nostrum exercitationem.', 'Dolore officiis id.', 19.99, 29.99, 20.00, 15, '2', 0, 2, 5, 4, 1, 1, '2021-10-12 00:47:07', '2021-10-12 00:47:07'),
(3, 'Molestiae praesentium dolores.', 'molestiae-praesentium-dolores', 'Ipsa quaerat velit rerum earum. Ullam amet saepe vel sint non. Assumenda reprehenderit temporibus sapiente officiis aut quis officia.', 'Dolor aspernatur sit.', 'Corporis architecto atque facere accusamus.', 19.99, 119.99, 400.00, 3, '2', 1, 1, 1, 1, 1, 1, '2021-10-12 00:47:07', '2021-10-12 00:47:07'),
(4, 'Aut enim molestiae.', 'aut-enim-molestiae', 'A et aut laboriosam ducimus. Aut aut veniam sed itaque fugit ad. Explicabo sunt occaecati illum sit eum corporis. Debitis fugit id possimus voluptatem praesentium.', 'Expedita voluptas in.', 'Sit eligendi nemo.', 49.99, 29.99, 400.00, 15, '2', 1, 1, 8, 2, 1, 1, '2021-10-12 00:47:07', '2021-10-12 00:47:07'),
(5, 'Nihil enim.', 'nihil-enim', 'Cumque autem facilis quo nihil. Similique voluptatem vel voluptatibus tenetur doloribus autem inventore. Hic minus qui voluptas rerum laboriosam nam. At tenetur sequi dolorem sit.', 'Eveniet eum.', 'Voluptas minima et.', 99.99, 29.99, 20.00, 15, '2', 1, 3, 6, 1, 1, 1, '2021-10-12 00:47:07', '2021-10-12 00:47:07'),
(6, 'Id aut non.', 'id-aut-non', 'Hic quasi et magnam voluptatem amet. Rerum esse deleniti rerum illo dicta omnis repellendus. Rerum id deserunt voluptates. Sed eligendi aliquid ut enim quia est temporibus.', 'Ex sit molestias eum.', 'Sapiente consequatur ab inventore.', 49.99, 29.99, 400.00, 15, '2', 1, 3, 3, 4, 1, 1, '2021-10-12 00:47:07', '2021-10-12 00:47:07'),
(7, 'Esse aliquid temporibus.', 'esse-aliquid-temporibus', 'Quae ut voluptatem expedita minus est perferendis. A soluta a earum eum est. Non facere ullam voluptates facere quo.', 'Consequatur laborum et.', 'Placeat sit veniam molestiae aspernatur.', 19.99, 59.99, 400.00, 15, '2', 0, 3, 7, 3, 1, 1, '2021-10-12 00:47:07', '2021-10-12 00:47:07'),
(8, 'Delectus expedita.', 'delectus-expedita', 'Nulla et a porro nesciunt sint possimus. Saepe eos sed deleniti quia. Laudantium aperiam fugit rerum.', 'Ea accusamus.', 'Vitae tempore perferendis.', 49.99, 59.99, 20.00, 15, '2', 0, 3, 10, 3, 1, 1, '2021-10-12 00:47:07', '2021-10-12 00:47:07'),
(9, 'Deleniti excepturi minus.', 'deleniti-excepturi-minus', 'Rem sunt dolor at inventore atque. In quia omnis nostrum blanditiis. Consequatur delectus porro eligendi quod reiciendis adipisci.', 'Aut rerum dolores.', 'Consequuntur nihil ab id.', 99.99, 59.99, 400.00, 15, '2', 1, 3, 1, 1, 1, 1, '2021-10-12 00:47:07', '2021-10-12 00:47:07'),
(10, 'Dolores error laudantium.', 'dolores-error-laudantium', 'Et ipsa libero ut quibusdam sunt voluptatum. Debitis praesentium aut amet fuga blanditiis hic ut. Et praesentium hic odio voluptatibus. Non aut dicta deleniti voluptas nostrum sapiente quia.', 'Ex necessitatibus hic.', 'Delectus reprehenderit et.', 99.99, 119.99, 20.00, 15, '2', 0, 3, 8, 3, 1, 1, '2021-10-12 00:47:07', '2021-10-12 00:47:07'),
(11, 'Hic quibusdam.', 'hic-quibusdam', 'A necessitatibus explicabo sed. Id et facere totam voluptate. Et tempore quis ea sequi. Dolores et sed necessitatibus quam fugit quae sed.', 'Assumenda et repellat.', 'Deleniti vel tenetur aliquid in.', 49.99, 119.99, 100.00, 15, '2', 0, 3, 9, 3, 1, 1, '2021-10-12 00:47:07', '2021-10-12 00:47:07'),
(12, 'Est excepturi.', 'est-excepturi', 'Quia est aperiam nemo recusandae beatae est rem. Et est aut odio rerum corporis voluptas non sunt. Et molestias dolorum deserunt atque illo in dolores.', 'Quasi voluptatem.', 'Unde necessitatibus sunt.', 99.99, 59.99, 20.00, 15, '2', 0, 1, 5, 6, 1, 1, '2021-10-12 00:47:07', '2021-10-12 00:47:07'),
(13, 'Quibusdam laborum velit.', 'quibusdam-laborum-velit', 'Debitis nihil vel quo temporibus et beatae adipisci numquam. Officiis quo inventore eveniet amet at neque dolorum accusantium. Ipsum mollitia incidunt est cumque quos.', 'Veritatis quas non.', 'Esse consequuntur optio ratione.', 19.99, 119.99, 400.00, 15, '2', 1, 3, 9, 1, 1, 1, '2021-10-12 00:47:07', '2021-10-12 00:47:07'),
(14, 'Omnis pariatur eum.', 'omnis-pariatur-eum', 'Ut id maxime provident labore. Quibusdam doloribus sed odio vel non. Vel dolore sequi et tempore vitae consequatur. Ab quia quos veniam voluptatibus ut.', 'Ipsa error autem quo.', 'Recusandae quis aspernatur.', 49.99, 29.99, 100.00, 15, '2', 1, 3, 8, 5, 1, 1, '2021-10-12 00:47:07', '2021-10-12 00:47:07'),
(15, 'Consectetur optio.', 'consectetur-optio', 'Ut quas nesciunt sint est. At explicabo aut suscipit quo. Nostrum vero vero sit ipsam. Et quod officiis quidem voluptatem deserunt ipsa.', 'Cupiditate ducimus sunt.', 'Omnis veniam.', 49.99, 29.99, 100.00, 15, '2', 0, 2, 9, 5, 1, 1, '2021-10-12 00:47:07', '2021-10-12 00:47:07'),
(16, 'Qui fugiat voluptatem.', 'qui-fugiat-voluptatem', 'Ea aut et repellat. Amet quos voluptatem ab et voluptatum. Qui accusantium autem harum ab sint. Dolor labore minus cupiditate et.', 'Explicabo aperiam quo perspiciatis inventore.', 'Sunt perspiciatis quod.', 19.99, 29.99, 20.00, 15, '2', 0, 3, 3, 3, 1, 1, '2021-10-12 00:47:07', '2021-10-12 00:47:07'),
(17, 'Rerum sapiente deleniti.', 'rerum-sapiente-deleniti', 'Aut aliquid et quia dolor magni vitae placeat ab. Qui beatae aut vitae. Est provident veritatis animi nostrum fugiat.', 'Minima sit maxime.', 'Laboriosam rerum quae.', 19.99, 29.99, 20.00, 15, '2', 0, 2, 5, 2, 1, 1, '2021-10-12 00:47:07', '2021-10-12 00:47:07'),
(18, 'Voluptatem veniam.', 'voluptatem-veniam', 'Voluptas dolore cumque amet dolor mollitia similique occaecati. Vitae est aliquam qui. Placeat at quo laborum quam soluta.', 'Minima optio.', 'Et rem nostrum.', 49.99, 119.99, 20.00, 15, '2', 0, 1, 2, 7, 1, 1, '2021-10-12 00:47:07', '2021-10-12 00:47:07'),
(19, 'Quae officia.', 'quae-officia', 'Enim in quia quis ex itaque. Enim ut aut quidem. Doloribus maxime doloremque enim enim veniam porro. Unde in voluptate voluptatem quo numquam.', 'Atque similique odit nam.', 'Autem pariatur beatae.', 19.99, 119.99, 100.00, 15, '2', 1, 3, 10, 1, 1, 1, '2021-10-12 00:47:07', '2021-10-12 00:47:07'),
(20, 'Molestiae ut.', 'molestiae-ut', 'Quidem dolorem ut hic voluptatem quia enim. Voluptas temporibus aut minima voluptatibus natus. Aut et possimus ut beatae soluta ipsa ut nobis.', 'Ut placeat consequatur.', 'Repudiandae voluptas quia voluptatem.', 19.99, 119.99, 100.00, 15, '2', 1, 3, 5, 3, 1, 1, '2021-10-12 00:47:07', '2021-10-12 00:47:07'),
(21, 'Vitae cumque.', 'vitae-cumque', 'Totam non nam et laudantium. Non modi omnis voluptas. Quo sed dolor blanditiis. Nesciunt veniam commodi vitae necessitatibus sed. Ratione ut autem distinctio.', 'Fugiat ipsum.', 'Repellat iure saepe voluptatem.', 99.99, 119.99, 400.00, 15, '2', 1, 3, 9, 1, 1, 1, '2021-10-12 00:47:07', '2021-10-12 00:47:07'),
(22, 'Eum dolorum.', 'eum-dolorum', 'Praesentium maiores est velit quidem. Minus et repellendus qui error in sint mollitia. Qui reiciendis minima facere quo dolorem porro sed quia.', 'Laborum dignissimos qui placeat.', 'Eaque maxime velit dolores.', 19.99, 59.99, 20.00, 15, '2', 0, 1, 6, 5, 1, 1, '2021-10-12 00:47:07', '2021-10-12 00:47:07'),
(23, 'Saepe in.', 'saepe-in', 'Itaque sed aspernatur aspernatur. Provident tempore quibusdam aut sit deserunt quasi ea non. Qui est corporis quia quibusdam ut. Omnis voluptas iste labore autem aspernatur ut.', 'Eligendi nam ea aperiam minima.', 'Laborum aut.', 99.99, 59.99, 100.00, 15, '2', 0, 3, 1, 4, 1, 1, '2021-10-12 00:47:07', '2021-10-12 00:47:07'),
(24, 'Id commodi.', 'id-commodi', 'Et distinctio ut sint explicabo veritatis et alias vero. Cum at veritatis provident voluptatem dolore qui magni. Qui sint corrupti illum enim assumenda.', 'Hic quia ut dolor.', 'Laborum enim et repudiandae.', 19.99, 119.99, 100.00, 15, '2', 1, 2, 10, 7, 1, 1, '2021-10-12 00:47:07', '2021-10-12 00:47:07'),
(25, 'Qui ducimus.', 'qui-ducimus', 'Qui tenetur dolore rerum optio reprehenderit sunt quia qui. Voluptatem aut ea nesciunt cupiditate quidem.', 'Possimus iste in qui facilis.', 'Expedita ea aperiam.', 19.99, 29.99, 400.00, 15, '2', 1, 1, 2, 5, 1, 1, '2021-10-12 00:47:07', '2021-10-12 00:47:07'),
(26, 'Est mollitia quasi.', 'est-mollitia-quasi', 'Incidunt voluptas fuga sunt distinctio quisquam eos ab. Dolorum consequatur rerum inventore dicta impedit ut. Velit suscipit maiores dolores.', 'Rerum et sapiente enim.', 'Quisquam quo.', 19.99, 59.99, 100.00, 15, '2', 0, 3, 9, 2, 1, 1, '2021-10-12 00:47:07', '2021-10-12 00:47:07'),
(27, 'Non esse illum.', 'non-esse-illum', 'Perferendis omnis dolorum est deleniti accusantium. Eligendi natus eos id dicta. Est architecto enim culpa perspiciatis eligendi sapiente odit quam. Odio atque tenetur quis nobis.', 'Deserunt magnam laborum voluptatem.', 'Nam sint impedit nesciunt.', 19.99, 29.99, 20.00, 15, '2', 0, 2, 9, 3, 1, 1, '2021-10-12 00:47:07', '2021-10-12 00:47:07'),
(28, 'Illo doloribus.', 'illo-doloribus', 'Quia eaque voluptas nulla quas hic a iste. Saepe et quia aut nesciunt accusantium. Dolor aut non accusantium perferendis dicta vel dolores.', 'Iure delectus quisquam exercitationem.', 'Aspernatur perspiciatis accusamus.', 99.99, 59.99, 100.00, 15, '2', 0, 3, 3, 5, 1, 1, '2021-10-12 00:47:07', '2021-10-12 00:47:07'),
(29, 'Libero saepe et.', 'libero-saepe-et', 'Hic unde ea ut id ut. Qui ad a et explicabo rerum inventore aliquam at. Temporibus vel ut sit ut repellat et dolor.', 'Alias inventore ipsam nihil.', 'Perspiciatis vel nulla.', 19.99, 119.99, 100.00, 15, '2', 0, 2, 2, 7, 1, 1, '2021-10-12 00:47:07', '2021-10-12 00:47:07'),
(30, 'Sed debitis sit.', 'sed-debitis-sit', 'Distinctio inventore facilis natus natus et laborum aut. Dolor deserunt aperiam occaecati iste quia rerum placeat. Cumque et id dolore accusamus. Sit incidunt enim ipsa aut earum laboriosam et.', 'In velit sint est culpa.', 'Perferendis deleniti aut voluptatem.', 99.99, 59.99, 100.00, 15, '2', 1, 3, 9, 1, 1, 1, '2021-10-12 00:47:07', '2021-10-12 00:47:07'),
(31, 'Amet ut est.', 'amet-ut-est', 'Laborum quia voluptas sequi dolores enim. Suscipit et sint in autem nemo. Iure recusandae exercitationem sunt eligendi incidunt laboriosam alias. At ipsam nostrum occaecati quidem.', 'Rem blanditiis dignissimos dolor.', 'Est velit.', 99.99, 59.99, 400.00, 15, '2', 1, 1, 7, 7, 1, 1, '2021-10-12 00:47:07', '2021-10-12 00:47:07'),
(32, 'Aliquam expedita molestias.', 'aliquam-expedita-molestias', 'Quos quia incidunt quas ipsa. Nulla laboriosam blanditiis voluptates. Itaque voluptatum doloribus aut similique. Sint et fugit quasi sapiente.', 'Consequuntur eos.', 'Qui fuga est sit.', 99.99, 119.99, 100.00, 15, '2', 0, 2, 4, 1, 1, 1, '2021-10-12 00:47:07', '2021-10-12 00:47:07'),
(33, 'Id laborum rem.', 'id-laborum-rem', 'Molestiae amet qui iste deserunt consequatur. Velit cumque enim sequi eligendi modi. Aut sit aspernatur quo tempore tempora. Labore quia et repudiandae ut consequatur voluptatem dignissimos.', 'Praesentium sequi sunt et eum.', 'Enim velit ratione perferendis asperiores.', 99.99, 119.99, 100.00, 15, '2', 0, 1, 2, 2, 1, 1, '2021-10-12 00:47:07', '2021-10-12 00:47:07'),
(34, 'Et voluptatum eum.', 'et-voluptatum-eum', 'Occaecati dolorem excepturi debitis sed. Fugit nostrum corporis quia excepturi. Id commodi vel facere et expedita. Hic fuga temporibus beatae.', 'Et iusto quam natus.', 'Quidem quam animi excepturi.', 19.99, 59.99, 100.00, 15, '2', 1, 3, 1, 1, 1, 1, '2021-10-12 00:47:07', '2021-10-12 00:47:07'),
(35, 'Inventore libero nemo.', 'inventore-libero-nemo', 'Quas dolor nulla fugiat dolores ut ut. Vero voluptas esse sed ab. Sequi sint qui accusantium occaecati voluptatum iusto.', 'Sunt modi accusamus sunt.', 'Ut et molestiae fuga ducimus.', 99.99, 59.99, 20.00, 15, '2', 1, 3, 10, 1, 1, 1, '2021-10-12 00:47:07', '2021-10-12 00:47:07'),
(36, 'Dicta dolorum.', 'dicta-dolorum', 'Omnis occaecati consequuntur tempora quo consequatur quaerat tenetur. Reiciendis rerum delectus nesciunt velit eum error. Sunt qui quo dolore optio ea. Fugit expedita pariatur soluta nihil.', 'Aperiam voluptate tenetur.', 'Ut asperiores voluptatem eaque.', 99.99, 119.99, 20.00, 15, '2', 0, 2, 1, 5, 1, 1, '2021-10-12 00:47:07', '2021-10-12 00:47:07'),
(37, 'Voluptate reprehenderit.', 'voluptate-reprehenderit', 'Veniam illo inventore vel natus eveniet. Odio iure recusandae sed id quibusdam. Earum quo quisquam non vel.', 'Sed voluptas commodi.', 'Deleniti ut fugit.', 99.99, 119.99, 400.00, 15, '2', 0, 2, 1, 3, 1, 1, '2021-10-12 00:47:07', '2021-10-12 00:47:07'),
(38, 'Qui ut aut.', 'qui-ut-aut', 'Saepe commodi repellendus reiciendis repudiandae. Dolore est nesciunt officia sit vel sapiente dolorem. Dolorum omnis assumenda facere quia perferendis eius. Velit nisi recusandae non mollitia ab.', 'Odio odit nam.', 'Possimus odit velit.', 19.99, 119.99, 100.00, 15, '2', 0, 2, 3, 3, 1, 1, '2021-10-12 00:47:07', '2021-10-12 00:47:07'),
(39, 'Deserunt excepturi possimus.', 'deserunt-excepturi-possimus', 'Delectus aut repellat rem dolorem. Ea deleniti aut quia tempora dicta quis. Vitae molestiae perspiciatis aliquid enim quae sit ad.', 'Et quas repudiandae sit.', 'Dignissimos voluptatum excepturi.', 19.99, 59.99, 20.00, 15, '2', 0, 1, 1, 4, 1, 1, '2021-10-12 00:47:07', '2021-10-12 00:47:07'),
(40, 'Quae inventore.', 'quae-inventore', 'Quaerat qui sint dolor. Adipisci neque necessitatibus quidem. Incidunt atque similique dolorem consequatur dignissimos.', 'Doloremque temporibus animi dicta.', 'Ea et et odit maxime.', 19.99, 29.99, 100.00, 15, '2', 1, 2, 2, 5, 1, 1, '2021-10-12 00:47:07', '2021-10-12 00:47:07'),
(41, 'Rem delectus.', 'rem-delectus', 'Ipsum libero rerum dolorem facere veniam non. Omnis laborum dolore maiores amet omnis. Sit laboriosam numquam facere voluptate. Dolorem nemo possimus ut iure iure nulla consequatur.', 'Vel provident reprehenderit provident.', 'Earum iure.', 99.99, 59.99, 20.00, 15, '2', 0, 3, 9, 5, 1, 1, '2021-10-12 00:47:07', '2021-10-12 00:47:07'),
(42, 'Et quo.', 'et-quo', 'Eaque vero ea ratione est. Id occaecati quia facilis temporibus a accusantium. Vitae nemo quae aut ut asperiores hic quia.', 'Beatae et ad.', 'Id deleniti et.', 49.99, 119.99, 100.00, 15, '2', 1, 2, 4, 3, 1, 1, '2021-10-12 00:47:07', '2021-10-12 00:47:07'),
(43, 'Quia et.', 'quia-et', 'Repellendus rerum facilis velit molestiae. Iusto architecto consectetur consectetur non et provident debitis. Et quia voluptate dicta velit et inventore possimus.', 'Velit maxime.', 'In ea odio.', 99.99, 119.99, 20.00, 15, '2', 1, 1, 4, 3, 1, 1, '2021-10-12 00:47:07', '2021-10-12 00:47:07'),
(44, 'Quia dolor.', 'quia-dolor', 'Cum ratione ullam porro. Assumenda adipisci possimus aut natus cumque quaerat. Architecto amet pariatur reprehenderit natus et soluta distinctio.', 'Accusamus accusantium et quam quidem.', 'Libero sit rerum qui.', 19.99, 29.99, 100.00, 15, '2', 1, 1, 3, 3, 1, 1, '2021-10-12 00:47:07', '2021-10-12 00:47:07'),
(45, 'Et laboriosam.', 'et-laboriosam', 'Ut commodi provident assumenda sunt. Qui unde consectetur consequatur inventore. Qui ea maiores tempore amet quis soluta. Consequatur eum possimus culpa in aut necessitatibus et.', 'Eveniet et illo.', 'Commodi earum expedita.', 19.99, 119.99, 20.00, 15, '2', 1, 2, 3, 2, 1, 1, '2021-10-12 00:47:07', '2021-10-12 00:47:07'),
(46, 'Est aut.', 'est-aut', 'Sapiente fugit odit quia sunt exercitationem voluptate et dolor. Commodi ut architecto voluptatem et. Amet a deserunt dolorem maiores. Inventore laudantium incidunt esse quasi sed.', 'Eos eius veniam perspiciatis ullam.', 'Harum delectus ipsam.', 99.99, 59.99, 100.00, 15, '2', 0, 2, 2, 3, 1, 1, '2021-10-12 00:47:07', '2021-10-12 00:47:07'),
(47, 'Minima est vero.', 'minima-est-vero', 'Rerum praesentium vero magnam optio et eveniet repellat. Et beatae esse consequatur dicta aliquam voluptatem. Adipisci nulla aut amet pariatur temporibus. Et tenetur iure voluptas sequi distinctio.', 'Animi occaecati dolor ad.', 'Repudiandae sed impedit est.', 99.99, 29.99, 400.00, 15, '2', 0, 1, 5, 5, 1, 1, '2021-10-12 00:47:07', '2021-10-12 00:47:07'),
(48, 'Enim dolores quis.', 'enim-dolores-quis', 'Tenetur maiores culpa tenetur molestiae fuga sed. Odio sit rerum laborum error. Quis a et nihil eos sit est. Possimus facilis laborum dolores accusamus animi.', 'Quo autem optio.', 'Nisi libero accusamus ratione.', 49.99, 29.99, 20.00, 15, '2', 0, 1, 2, 7, 1, 1, '2021-10-12 00:47:07', '2021-10-12 00:47:07'),
(49, 'Iure et facilis.', 'iure-et-facilis', 'Rerum non sit deserunt maiores consequatur distinctio. Neque asperiores dolor qui autem autem ea et. Accusantium voluptatum qui qui.', 'Sunt sunt autem.', 'Dicta est amet.', 49.99, 119.99, 400.00, 15, '2', 0, 3, 6, 7, 1, 1, '2021-10-12 00:47:07', '2021-10-12 00:47:07'),
(50, 'Dolorum nesciunt.', 'dolorum-nesciunt', 'Rerum quos aut aut in quia quis omnis. Animi officia commodi omnis.', 'Dolorem voluptas.', 'Doloremque quasi voluptatum.', 19.99, 119.99, 100.00, 15, '2', 0, 2, 10, 7, 1, 1, '2021-10-12 00:47:07', '2021-10-12 00:47:07');

-- --------------------------------------------------------

--
-- Estructura de tabla para la tabla `roles`
--

CREATE TABLE `roles` (
  `id` bigint(20) UNSIGNED NOT NULL,
  `name` varchar(255) COLLATE utf8mb4_unicode_ci NOT NULL,
  `guard_name` varchar(255) COLLATE utf8mb4_unicode_ci NOT NULL,
  `created_at` timestamp NULL DEFAULT NULL,
  `updated_at` timestamp NULL DEFAULT NULL
) ENGINE=InnoDB DEFAULT CHARSET=utf8mb4 COLLATE=utf8mb4_unicode_ci;

--
-- Volcado de datos para la tabla `roles`
--

INSERT INTO `roles` (`id`, `name`, `guard_name`, `created_at`, `updated_at`) VALUES
(1, 'admin', 'web', '2021-10-12 00:47:05', '2021-10-12 00:47:05');

-- --------------------------------------------------------

--
-- Estructura de tabla para la tabla `role_has_permissions`
--

CREATE TABLE `role_has_permissions` (
  `permission_id` bigint(20) UNSIGNED NOT NULL,
  `role_id` bigint(20) UNSIGNED NOT NULL
) ENGINE=InnoDB DEFAULT CHARSET=utf8mb4 COLLATE=utf8mb4_unicode_ci;

-- --------------------------------------------------------

--
-- Estructura de tabla para la tabla `sessions`
--

CREATE TABLE `sessions` (
  `id` varchar(255) COLLATE utf8mb4_unicode_ci NOT NULL,
  `user_id` bigint(20) UNSIGNED DEFAULT NULL,
  `ip_address` varchar(45) COLLATE utf8mb4_unicode_ci DEFAULT NULL,
  `user_agent` text COLLATE utf8mb4_unicode_ci,
  `payload` text COLLATE utf8mb4_unicode_ci NOT NULL,
  `last_activity` int(11) NOT NULL
) ENGINE=InnoDB DEFAULT CHARSET=utf8mb4 COLLATE=utf8mb4_unicode_ci;

--
-- Volcado de datos para la tabla `sessions`
--

INSERT INTO `sessions` (`id`, `user_id`, `ip_address`, `user_agent`, `payload`, `last_activity`) VALUES
('3iD54w70qdSHMqEcJuYmwrzUCjxiwWeV70xSQhts', 1, '127.0.0.1', 'Mozilla/5.0 (Windows NT 10.0; Win64; x64) AppleWebKit/537.36 (KHTML, like Gecko) Chrome/94.0.4606.71 Safari/537.36 Edg/94.0.992.38', 'YTo2OntzOjY6Il90b2tlbiI7czo0MDoiem5KeXVvSXh3aWN5WDR4V2RkRUJ5M1Z4MUphWWpwMThKcVRXeU96OSI7czo5OiJfcHJldmlvdXMiO2E6MTp7czozOiJ1cmwiO3M6Njc6Imh0dHA6Ly8xMjcuMC4wLjE6ODAwMC9wcm9kdWN0cy81ZGZlZjIyZmJmMTMyZmVmMWEzYjY5YjgwNzI1YTczNS5wbmciO31zOjY6Il9mbGFzaCI7YToyOntzOjM6Im9sZCI7YTowOnt9czozOiJuZXciO2E6MDp7fX1zOjUwOiJsb2dpbl93ZWJfNTliYTM2YWRkYzJiMmY5NDAxNTgwZjAxNGM3ZjU4ZWE0ZTMwOTg5ZCI7aToxO3M6MTc6InBhc3N3b3JkX2hhc2hfd2ViIjtzOjYwOiIkMnkkMTAkLnNJVmtkRlVJbFJ5ZC5YeVRRc1NLZXZXQkJxMzJibEdSWVk3RXZrVFRQcHI1aXJyOXJwYUciO3M6NDoiY2FydCI7YTowOnt9fQ==', 1633983138);

-- --------------------------------------------------------

--
-- Estructura de tabla para la tabla `shoppingcart`
--

CREATE TABLE `shoppingcart` (
  `identifier` varchar(255) COLLATE utf8mb4_unicode_ci NOT NULL,
  `instance` varchar(255) COLLATE utf8mb4_unicode_ci NOT NULL,
  `content` longtext COLLATE utf8mb4_unicode_ci NOT NULL,
  `created_at` timestamp NULL DEFAULT NULL,
  `updated_at` timestamp NULL DEFAULT NULL
) ENGINE=InnoDB DEFAULT CHARSET=utf8mb4 COLLATE=utf8mb4_unicode_ci;

-- --------------------------------------------------------

--
-- Estructura de tabla para la tabla `sizes`
--

CREATE TABLE `sizes` (
  `id` bigint(20) UNSIGNED NOT NULL,
  `name` varchar(255) COLLATE utf8mb4_unicode_ci NOT NULL,
  `product_id` bigint(20) UNSIGNED NOT NULL,
  `created_at` timestamp NULL DEFAULT NULL,
  `updated_at` timestamp NULL DEFAULT NULL
) ENGINE=InnoDB DEFAULT CHARSET=utf8mb4 COLLATE=utf8mb4_unicode_ci;

-- --------------------------------------------------------

--
-- Estructura de tabla para la tabla `states`
--

CREATE TABLE `states` (
  `id` bigint(20) UNSIGNED NOT NULL,
  `name` varchar(255) COLLATE utf8mb4_unicode_ci NOT NULL,
  `country_id` bigint(20) UNSIGNED NOT NULL,
  `created_at` timestamp NULL DEFAULT NULL,
  `updated_at` timestamp NULL DEFAULT NULL
) ENGINE=InnoDB DEFAULT CHARSET=utf8mb4 COLLATE=utf8mb4_unicode_ci;

--
-- Volcado de datos para la tabla `states`
--

INSERT INTO `states` (`id`, `name`, `country_id`, `created_at`, `updated_at`) VALUES
(1, 'Querétaro', 1, '2021-10-12 00:47:05', '2021-10-12 00:47:05');

-- --------------------------------------------------------

--
-- Estructura de tabla para la tabla `subcategories`
--

CREATE TABLE `subcategories` (
  `id` bigint(20) UNSIGNED NOT NULL,
  `name` varchar(255) COLLATE utf8mb4_unicode_ci NOT NULL,
  `slug` varchar(255) COLLATE utf8mb4_unicode_ci NOT NULL,
  `color` tinyint(1) NOT NULL DEFAULT '0',
  `size` tinyint(1) NOT NULL DEFAULT '0',
  `created_at` timestamp NULL DEFAULT NULL,
  `updated_at` timestamp NULL DEFAULT NULL
) ENGINE=InnoDB DEFAULT CHARSET=utf8mb4 COLLATE=utf8mb4_unicode_ci;

--
-- Volcado de datos para la tabla `subcategories`
--

INSERT INTO `subcategories` (`id`, `name`, `slug`, `color`, `size`, `created_at`, `updated_at`) VALUES
(1, 'Nuevo', 'nuevo', 0, 0, '2021-10-12 00:47:06', '2021-10-12 00:47:06'),
(2, 'Usado', 'usado', 0, 0, '2021-10-12 00:47:06', '2021-10-12 00:47:06'),
(3, 'Sin Usar', 'sin-usar', 0, 0, '2021-10-12 00:47:06', '2021-10-12 00:47:06');

-- --------------------------------------------------------

--
-- Estructura de tabla para la tabla `users`
--

CREATE TABLE `users` (
  `id` bigint(20) UNSIGNED NOT NULL,
  `name` varchar(255) COLLATE utf8mb4_unicode_ci NOT NULL,
  `email` varchar(255) COLLATE utf8mb4_unicode_ci NOT NULL,
  `email_verified_at` timestamp NULL DEFAULT NULL,
  `password` varchar(255) COLLATE utf8mb4_unicode_ci NOT NULL,
  `two_factor_secret` text COLLATE utf8mb4_unicode_ci,
  `two_factor_recovery_codes` text COLLATE utf8mb4_unicode_ci,
  `remember_token` varchar(100) COLLATE utf8mb4_unicode_ci DEFAULT NULL,
  `current_team_id` bigint(20) UNSIGNED DEFAULT NULL,
  `profile_photo_path` text COLLATE utf8mb4_unicode_ci,
  `country_id` bigint(20) UNSIGNED NOT NULL,
  `created_at` timestamp NULL DEFAULT NULL,
  `updated_at` timestamp NULL DEFAULT NULL
) ENGINE=InnoDB DEFAULT CHARSET=utf8mb4 COLLATE=utf8mb4_unicode_ci;

--
-- Volcado de datos para la tabla `users`
--

INSERT INTO `users` (`id`, `name`, `email`, `email_verified_at`, `password`, `two_factor_secret`, `two_factor_recovery_codes`, `remember_token`, `current_team_id`, `profile_photo_path`, `country_id`, `created_at`, `updated_at`) VALUES
(1, 'Victor Morales', 'victor.morales@nanodela.com', NULL, '$2y$10$.sIVkdFUIlRyd.XyTQsSKevWBBq32blGRYY7EvkTTPpr5irr9rpaG', NULL, NULL, NULL, NULL, NULL, 1, '2021-10-12 00:47:05', '2021-10-12 00:47:05'),
(2, 'Dr. Herminio Schneider', 'gulgowski.peggie@example.com', '2021-10-12 00:47:05', '$2y$10$92IXUNpkjO0rOQ5byMi.Ye4oKoEa3Ro9llC/.og/at2.uheWG/igi', NULL, NULL, 'dc5IGD9L2I', NULL, NULL, 1, '2021-10-12 00:47:05', '2021-10-12 00:47:05'),
(3, 'Dorothy McDermott', 'coralie44@example.net', '2021-10-12 00:47:05', '$2y$10$92IXUNpkjO0rOQ5byMi.Ye4oKoEa3Ro9llC/.og/at2.uheWG/igi', NULL, NULL, 'Cm0fR4LOsZ', NULL, NULL, 1, '2021-10-12 00:47:05', '2021-10-12 00:47:05');

--
-- Índices para tablas volcadas
--

--
-- Indices de la tabla `brands`
--
ALTER TABLE `brands`
  ADD PRIMARY KEY (`id`);

--
-- Indices de la tabla `brand_category`
--
ALTER TABLE `brand_category`
  ADD PRIMARY KEY (`id`),
  ADD KEY `brand_category_brand_id_foreign` (`brand_id`),
  ADD KEY `brand_category_category_id_foreign` (`category_id`);

--
-- Indices de la tabla `categories`
--
ALTER TABLE `categories`
  ADD PRIMARY KEY (`id`);

--
-- Indices de la tabla `cities`
--
ALTER TABLE `cities`
  ADD PRIMARY KEY (`id`),
  ADD KEY `cities_department_id_foreign` (`department_id`);

--
-- Indices de la tabla `colors`
--
ALTER TABLE `colors`
  ADD PRIMARY KEY (`id`);

--
-- Indices de la tabla `color_product`
--
ALTER TABLE `color_product`
  ADD PRIMARY KEY (`id`),
  ADD KEY `color_product_color_id_foreign` (`color_id`),
  ADD KEY `color_product_product_id_foreign` (`product_id`);

--
-- Indices de la tabla `color_size`
--
ALTER TABLE `color_size`
  ADD PRIMARY KEY (`id`),
  ADD KEY `color_size_color_id_foreign` (`color_id`),
  ADD KEY `color_size_size_id_foreign` (`size_id`);

--
-- Indices de la tabla `countries`
--
ALTER TABLE `countries`
  ADD PRIMARY KEY (`id`);

--
-- Indices de la tabla `departments`
--
ALTER TABLE `departments`
  ADD PRIMARY KEY (`id`);

--
-- Indices de la tabla `districts`
--
ALTER TABLE `districts`
  ADD PRIMARY KEY (`id`),
  ADD KEY `districts_city_id_foreign` (`city_id`);

--
-- Indices de la tabla `failed_jobs`
--
ALTER TABLE `failed_jobs`
  ADD PRIMARY KEY (`id`),
  ADD UNIQUE KEY `failed_jobs_uuid_unique` (`uuid`);

--
-- Indices de la tabla `images`
--
ALTER TABLE `images`
  ADD PRIMARY KEY (`id`);

--
-- Indices de la tabla `migrations`
--
ALTER TABLE `migrations`
  ADD PRIMARY KEY (`id`);

--
-- Indices de la tabla `model_has_permissions`
--
ALTER TABLE `model_has_permissions`
  ADD PRIMARY KEY (`permission_id`,`model_id`,`model_type`),
  ADD KEY `model_has_permissions_model_id_model_type_index` (`model_id`,`model_type`);

--
-- Indices de la tabla `model_has_roles`
--
ALTER TABLE `model_has_roles`
  ADD PRIMARY KEY (`role_id`,`model_id`,`model_type`),
  ADD KEY `model_has_roles_model_id_model_type_index` (`model_id`,`model_type`);

--
-- Indices de la tabla `orders`
--
ALTER TABLE `orders`
  ADD PRIMARY KEY (`id`),
  ADD KEY `orders_user_id_foreign` (`user_id`);

--
-- Indices de la tabla `password_resets`
--
ALTER TABLE `password_resets`
  ADD KEY `password_resets_email_index` (`email`);

--
-- Indices de la tabla `permissions`
--
ALTER TABLE `permissions`
  ADD PRIMARY KEY (`id`),
  ADD UNIQUE KEY `permissions_name_guard_name_unique` (`name`,`guard_name`);

--
-- Indices de la tabla `personal_access_tokens`
--
ALTER TABLE `personal_access_tokens`
  ADD PRIMARY KEY (`id`),
  ADD UNIQUE KEY `personal_access_tokens_token_unique` (`token`),
  ADD KEY `personal_access_tokens_tokenable_type_tokenable_id_index` (`tokenable_type`,`tokenable_id`);

--
-- Indices de la tabla `products`
--
ALTER TABLE `products`
  ADD PRIMARY KEY (`id`),
  ADD KEY `products_subcategory_id_foreign` (`subcategory_id`),
  ADD KEY `products_category_id_foreign` (`category_id`),
  ADD KEY `products_brand_id_foreign` (`brand_id`),
  ADD KEY `products_state_id_foreign` (`state_id`),
  ADD KEY `products_user_id_foreign` (`user_id`);

--
-- Indices de la tabla `roles`
--
ALTER TABLE `roles`
  ADD PRIMARY KEY (`id`),
  ADD UNIQUE KEY `roles_name_guard_name_unique` (`name`,`guard_name`);

--
-- Indices de la tabla `role_has_permissions`
--
ALTER TABLE `role_has_permissions`
  ADD PRIMARY KEY (`permission_id`,`role_id`),
  ADD KEY `role_has_permissions_role_id_foreign` (`role_id`);

--
-- Indices de la tabla `sessions`
--
ALTER TABLE `sessions`
  ADD PRIMARY KEY (`id`),
  ADD KEY `sessions_user_id_index` (`user_id`),
  ADD KEY `sessions_last_activity_index` (`last_activity`);

--
-- Indices de la tabla `shoppingcart`
--
ALTER TABLE `shoppingcart`
  ADD PRIMARY KEY (`identifier`,`instance`);

--
-- Indices de la tabla `sizes`
--
ALTER TABLE `sizes`
  ADD PRIMARY KEY (`id`),
  ADD KEY `sizes_product_id_foreign` (`product_id`);

--
-- Indices de la tabla `states`
--
ALTER TABLE `states`
  ADD PRIMARY KEY (`id`),
  ADD KEY `states_country_id_foreign` (`country_id`);

--
-- Indices de la tabla `subcategories`
--
ALTER TABLE `subcategories`
  ADD PRIMARY KEY (`id`);

--
-- Indices de la tabla `users`
--
ALTER TABLE `users`
  ADD PRIMARY KEY (`id`),
  ADD UNIQUE KEY `users_email_unique` (`email`),
  ADD KEY `users_country_id_foreign` (`country_id`);

--
-- AUTO_INCREMENT de las tablas volcadas
--

--
-- AUTO_INCREMENT de la tabla `brands`
--
ALTER TABLE `brands`
  MODIFY `id` bigint(20) UNSIGNED NOT NULL AUTO_INCREMENT, AUTO_INCREMENT=8;

--
-- AUTO_INCREMENT de la tabla `brand_category`
--
ALTER TABLE `brand_category`
  MODIFY `id` bigint(20) UNSIGNED NOT NULL AUTO_INCREMENT;

--
-- AUTO_INCREMENT de la tabla `categories`
--
ALTER TABLE `categories`
  MODIFY `id` bigint(20) UNSIGNED NOT NULL AUTO_INCREMENT, AUTO_INCREMENT=11;

--
-- AUTO_INCREMENT de la tabla `cities`
--
ALTER TABLE `cities`
  MODIFY `id` bigint(20) UNSIGNED NOT NULL AUTO_INCREMENT, AUTO_INCREMENT=65;

--
-- AUTO_INCREMENT de la tabla `colors`
--
ALTER TABLE `colors`
  MODIFY `id` bigint(20) UNSIGNED NOT NULL AUTO_INCREMENT, AUTO_INCREMENT=5;

--
-- AUTO_INCREMENT de la tabla `color_product`
--
ALTER TABLE `color_product`
  MODIFY `id` bigint(20) UNSIGNED NOT NULL AUTO_INCREMENT;

--
-- AUTO_INCREMENT de la tabla `color_size`
--
ALTER TABLE `color_size`
  MODIFY `id` bigint(20) UNSIGNED NOT NULL AUTO_INCREMENT;

--
-- AUTO_INCREMENT de la tabla `countries`
--
ALTER TABLE `countries`
  MODIFY `id` bigint(20) UNSIGNED NOT NULL AUTO_INCREMENT, AUTO_INCREMENT=2;

--
-- AUTO_INCREMENT de la tabla `departments`
--
ALTER TABLE `departments`
  MODIFY `id` bigint(20) UNSIGNED NOT NULL AUTO_INCREMENT, AUTO_INCREMENT=9;

--
-- AUTO_INCREMENT de la tabla `districts`
--
ALTER TABLE `districts`
  MODIFY `id` bigint(20) UNSIGNED NOT NULL AUTO_INCREMENT, AUTO_INCREMENT=513;

--
-- AUTO_INCREMENT de la tabla `failed_jobs`
--
ALTER TABLE `failed_jobs`
  MODIFY `id` bigint(20) UNSIGNED NOT NULL AUTO_INCREMENT;

--
-- AUTO_INCREMENT de la tabla `images`
--
ALTER TABLE `images`
  MODIFY `id` bigint(20) UNSIGNED NOT NULL AUTO_INCREMENT, AUTO_INCREMENT=101;

--
-- AUTO_INCREMENT de la tabla `migrations`
--
ALTER TABLE `migrations`
  MODIFY `id` int(10) UNSIGNED NOT NULL AUTO_INCREMENT, AUTO_INCREMENT=25;

--
-- AUTO_INCREMENT de la tabla `orders`
--
ALTER TABLE `orders`
  MODIFY `id` bigint(20) UNSIGNED NOT NULL AUTO_INCREMENT;

--
-- AUTO_INCREMENT de la tabla `permissions`
--
ALTER TABLE `permissions`
  MODIFY `id` bigint(20) UNSIGNED NOT NULL AUTO_INCREMENT;

--
-- AUTO_INCREMENT de la tabla `personal_access_tokens`
--
ALTER TABLE `personal_access_tokens`
  MODIFY `id` bigint(20) UNSIGNED NOT NULL AUTO_INCREMENT;

--
-- AUTO_INCREMENT de la tabla `products`
--
ALTER TABLE `products`
  MODIFY `id` bigint(20) UNSIGNED NOT NULL AUTO_INCREMENT, AUTO_INCREMENT=51;

--
-- AUTO_INCREMENT de la tabla `roles`
--
ALTER TABLE `roles`
  MODIFY `id` bigint(20) UNSIGNED NOT NULL AUTO_INCREMENT, AUTO_INCREMENT=2;

--
-- AUTO_INCREMENT de la tabla `sizes`
--
ALTER TABLE `sizes`
  MODIFY `id` bigint(20) UNSIGNED NOT NULL AUTO_INCREMENT;

--
-- AUTO_INCREMENT de la tabla `states`
--
ALTER TABLE `states`
  MODIFY `id` bigint(20) UNSIGNED NOT NULL AUTO_INCREMENT, AUTO_INCREMENT=2;

--
-- AUTO_INCREMENT de la tabla `subcategories`
--
ALTER TABLE `subcategories`
  MODIFY `id` bigint(20) UNSIGNED NOT NULL AUTO_INCREMENT, AUTO_INCREMENT=4;

--
-- AUTO_INCREMENT de la tabla `users`
--
ALTER TABLE `users`
  MODIFY `id` bigint(20) UNSIGNED NOT NULL AUTO_INCREMENT, AUTO_INCREMENT=4;

--
-- Restricciones para tablas volcadas
--

--
-- Filtros para la tabla `brand_category`
--
ALTER TABLE `brand_category`
  ADD CONSTRAINT `brand_category_brand_id_foreign` FOREIGN KEY (`brand_id`) REFERENCES `brands` (`id`) ON DELETE CASCADE,
  ADD CONSTRAINT `brand_category_category_id_foreign` FOREIGN KEY (`category_id`) REFERENCES `categories` (`id`) ON DELETE CASCADE;

--
-- Filtros para la tabla `cities`
--
ALTER TABLE `cities`
  ADD CONSTRAINT `cities_department_id_foreign` FOREIGN KEY (`department_id`) REFERENCES `departments` (`id`) ON DELETE CASCADE;

--
-- Filtros para la tabla `color_product`
--
ALTER TABLE `color_product`
  ADD CONSTRAINT `color_product_color_id_foreign` FOREIGN KEY (`color_id`) REFERENCES `colors` (`id`) ON DELETE CASCADE,
  ADD CONSTRAINT `color_product_product_id_foreign` FOREIGN KEY (`product_id`) REFERENCES `products` (`id`) ON DELETE CASCADE;

--
-- Filtros para la tabla `color_size`
--
ALTER TABLE `color_size`
  ADD CONSTRAINT `color_size_color_id_foreign` FOREIGN KEY (`color_id`) REFERENCES `colors` (`id`) ON DELETE CASCADE,
  ADD CONSTRAINT `color_size_size_id_foreign` FOREIGN KEY (`size_id`) REFERENCES `sizes` (`id`) ON DELETE CASCADE;

--
-- Filtros para la tabla `districts`
--
ALTER TABLE `districts`
  ADD CONSTRAINT `districts_city_id_foreign` FOREIGN KEY (`city_id`) REFERENCES `cities` (`id`) ON DELETE CASCADE;

--
-- Filtros para la tabla `model_has_permissions`
--
ALTER TABLE `model_has_permissions`
  ADD CONSTRAINT `model_has_permissions_permission_id_foreign` FOREIGN KEY (`permission_id`) REFERENCES `permissions` (`id`) ON DELETE CASCADE;

--
-- Filtros para la tabla `model_has_roles`
--
ALTER TABLE `model_has_roles`
  ADD CONSTRAINT `model_has_roles_role_id_foreign` FOREIGN KEY (`role_id`) REFERENCES `roles` (`id`) ON DELETE CASCADE;

--
-- Filtros para la tabla `orders`
--
ALTER TABLE `orders`
  ADD CONSTRAINT `orders_user_id_foreign` FOREIGN KEY (`user_id`) REFERENCES `users` (`id`);

--
-- Filtros para la tabla `products`
--
ALTER TABLE `products`
  ADD CONSTRAINT `products_brand_id_foreign` FOREIGN KEY (`brand_id`) REFERENCES `brands` (`id`) ON DELETE CASCADE,
  ADD CONSTRAINT `products_category_id_foreign` FOREIGN KEY (`category_id`) REFERENCES `categories` (`id`) ON DELETE CASCADE,
  ADD CONSTRAINT `products_state_id_foreign` FOREIGN KEY (`state_id`) REFERENCES `states` (`id`) ON DELETE CASCADE,
  ADD CONSTRAINT `products_subcategory_id_foreign` FOREIGN KEY (`subcategory_id`) REFERENCES `subcategories` (`id`) ON DELETE CASCADE,
  ADD CONSTRAINT `products_user_id_foreign` FOREIGN KEY (`user_id`) REFERENCES `users` (`id`) ON DELETE CASCADE;

--
-- Filtros para la tabla `role_has_permissions`
--
ALTER TABLE `role_has_permissions`
  ADD CONSTRAINT `role_has_permissions_permission_id_foreign` FOREIGN KEY (`permission_id`) REFERENCES `permissions` (`id`) ON DELETE CASCADE,
  ADD CONSTRAINT `role_has_permissions_role_id_foreign` FOREIGN KEY (`role_id`) REFERENCES `roles` (`id`) ON DELETE CASCADE;

--
-- Filtros para la tabla `sizes`
--
ALTER TABLE `sizes`
  ADD CONSTRAINT `sizes_product_id_foreign` FOREIGN KEY (`product_id`) REFERENCES `products` (`id`) ON DELETE CASCADE;

--
-- Filtros para la tabla `states`
--
ALTER TABLE `states`
  ADD CONSTRAINT `states_country_id_foreign` FOREIGN KEY (`country_id`) REFERENCES `countries` (`id`) ON DELETE CASCADE;

--
-- Filtros para la tabla `users`
--
ALTER TABLE `users`
  ADD CONSTRAINT `users_country_id_foreign` FOREIGN KEY (`country_id`) REFERENCES `countries` (`id`) ON DELETE CASCADE;
COMMIT;

/*!40101 SET CHARACTER_SET_CLIENT=@OLD_CHARACTER_SET_CLIENT */;
/*!40101 SET CHARACTER_SET_RESULTS=@OLD_CHARACTER_SET_RESULTS */;
/*!40101 SET COLLATION_CONNECTION=@OLD_COLLATION_CONNECTION */;
