-- phpMyAdmin SQL Dump
-- version 4.9.5
-- https://www.phpmyadmin.net/
--
-- Servidor: 127.0.0.1:3306
-- Tiempo de generación: 28-10-2021 a las 21:58:34
-- Versión del servidor: 10.5.12-MariaDB-cll-lve
-- Versión de PHP: 7.2.34

SET SQL_MODE = "NO_AUTO_VALUE_ON_ZERO";
SET AUTOCOMMIT = 0;
START TRANSACTION;
SET time_zone = "+00:00";


/*!40101 SET @OLD_CHARACTER_SET_CLIENT=@@CHARACTER_SET_CLIENT */;
/*!40101 SET @OLD_CHARACTER_SET_RESULTS=@@CHARACTER_SET_RESULTS */;
/*!40101 SET @OLD_COLLATION_CONNECTION=@@COLLATION_CONNECTION */;
/*!40101 SET NAMES utf8mb4 */;

--
-- Base de datos: `u638558086_saldoshvac`
--

-- --------------------------------------------------------

--
-- Estructura de tabla para la tabla `brands`
--

CREATE TABLE `brands` (
  `id` bigint(20) UNSIGNED NOT NULL,
  `name` varchar(255) COLLATE utf8mb4_unicode_ci NOT NULL,
  `created_at` timestamp NULL DEFAULT NULL,
  `updated_at` timestamp NULL DEFAULT NULL
) ENGINE=InnoDB DEFAULT CHARSET=utf8mb4 COLLATE=utf8mb4_unicode_ci;

--
-- Volcado de datos para la tabla `brands`
--

INSERT INTO `brands` (`id`, `name`, `created_at`, `updated_at`) VALUES
(1, 'Carrier', '2021-10-12 00:47:06', '2021-10-12 00:47:06'),
(2, 'LG', '2021-10-12 00:47:06', '2021-10-12 00:47:06'),
(3, 'Soler and Palau', '2021-10-12 00:47:06', '2021-10-12 00:47:06'),
(4, 'Vent Depot', '2021-10-12 00:47:06', '2021-10-12 00:47:06'),
(5, 'YUCO', '2021-10-12 00:47:06', '2021-10-12 00:47:06'),
(6, 'MOTIF', '2021-10-12 00:47:06', '2021-10-12 00:47:06'),
(7, 'DAYTON', '2021-10-12 00:47:06', '2021-10-12 00:47:06'),
(8, 'Aaon', NULL, NULL),
(9, 'AC&R Tubería', NULL, NULL),
(11, 'Addison', NULL, NULL),
(12, 'Allied', NULL, NULL),
(13, 'Amana', NULL, NULL),
(14, 'American Standard', NULL, NULL),
(15, 'Belimo', NULL, NULL),
(16, 'Bitzer', NULL, NULL),
(17, 'Bosch', NULL, NULL),
(18, 'Breezair', NULL, NULL),
(19, 'Bryant', NULL, NULL),
(20, 'CaptiveAire', NULL, NULL),
(21, 'Coleman', NULL, NULL),
(22, 'Copeland', NULL, NULL),
(23, 'Daikin', NULL, NULL),
(24, 'Danfoss', NULL, NULL),
(25, 'Emerson', NULL, NULL),
(26, 'Field Piece', NULL, NULL),
(27, 'Fluke', NULL, NULL),
(28, 'Friedrich', NULL, NULL),
(29, 'Frigidaire', NULL, NULL),
(30, 'Fujitsu', NULL, NULL),
(31, 'General Electric', NULL, NULL),
(32, 'Goodman', NULL, NULL),
(33, 'Greenheck', NULL, NULL),
(34, 'Harris', NULL, NULL),
(35, 'Honeywell', NULL, NULL),
(36, 'Jard', NULL, NULL),
(37, 'Johnson Controls', NULL, NULL),
(38, 'Lennox', NULL, NULL),
(39, 'Liebert', NULL, NULL),
(40, 'Lux', NULL, NULL),
(41, 'Mammoth', NULL, NULL),
(42, 'Mars', NULL, NULL),
(43, 'Mastercool', NULL, NULL),
(44, 'McQuay', NULL, NULL),
(45, 'Midea', NULL, NULL),
(46, 'Mitsubishi', NULL, NULL),
(47, 'Panasonic', NULL, NULL),
(48, 'Parker', NULL, NULL),
(49, 'Rheem', NULL, NULL),
(50, 'Robinair', NULL, NULL),
(51, 'S&P', NULL, NULL),
(52, 'Samsung', NULL, NULL),
(53, 'Sanyo', NULL, NULL),
(54, 'Siemens', NULL, NULL),
(55, 'Sporlan', NULL, NULL),
(56, 'SPX', NULL, NULL),
(57, 'Supco', NULL, NULL),
(58, 'Testo', NULL, NULL),
(59, 'Trane', NULL, NULL),
(60, 'Westinghouse', NULL, NULL),
(61, 'Yellow Jacket', NULL, NULL),
(62, 'York', NULL, NULL),
(63, '(Otra marca)', NULL, NULL);

-- --------------------------------------------------------

--
-- Estructura de tabla para la tabla `brand_category`
--

CREATE TABLE `brand_category` (
  `id` bigint(20) UNSIGNED NOT NULL,
  `brand_id` bigint(20) UNSIGNED NOT NULL,
  `category_id` bigint(20) UNSIGNED NOT NULL,
  `created_at` timestamp NULL DEFAULT NULL,
  `updated_at` timestamp NULL DEFAULT NULL
) ENGINE=InnoDB DEFAULT CHARSET=utf8mb4 COLLATE=utf8mb4_unicode_ci;

--
-- Volcado de datos para la tabla `brand_category`
--

INSERT INTO `brand_category` (`id`, `brand_id`, `category_id`, `created_at`, `updated_at`) VALUES
(1, 1, 1, NULL, NULL);

-- --------------------------------------------------------

--
-- Estructura de tabla para la tabla `categories`
--

CREATE TABLE `categories` (
  `id` bigint(20) UNSIGNED NOT NULL,
  `name` varchar(255) COLLATE utf8mb4_unicode_ci NOT NULL,
  `slug` varchar(255) COLLATE utf8mb4_unicode_ci NOT NULL,
  `icon` varchar(255) COLLATE utf8mb4_unicode_ci NOT NULL,
  `image` varchar(255) COLLATE utf8mb4_unicode_ci NOT NULL,
  `created_at` timestamp NULL DEFAULT NULL,
  `updated_at` timestamp NULL DEFAULT NULL
) ENGINE=InnoDB DEFAULT CHARSET=utf8mb4 COLLATE=utf8mb4_unicode_ci;

--
-- Volcado de datos para la tabla `categories`
--

INSERT INTO `categories` (`id`, `name`, `slug`, `icon`, `image`, `created_at`, `updated_at`) VALUES
(1, 'Equipos HVAC', 'equipos-hvac', '<i class=\"fas fa-mobile-alt\"></i>', 'images/admin/categories/equipos-hvac.png', '2021-10-12 00:47:05', '2021-10-12 18:04:03'),
(2, 'Refacciones Mecánicas', 'refacciones-mecanicas', '<i class=\"fas fa-tv\"></i>', 'images/admin/categories/refacciones-mecanicas.png', '2021-10-12 00:47:05', '2021-10-12 00:47:05'),
(3, 'Refacciones Eléctricas', 'refacciones-electricas', '<i class=\"fas fa-gamepad\"></i>', 'images/admin/categories/refacciones-electricas.png', '2021-10-12 00:47:05', '2021-10-12 00:47:05'),
(4, 'Refacciones Electrónicas', 'refacciones-electronicas', '<i class=\"fas fa-laptop\"></i>', 'images/admin/categories/refacciones-electronicas.png', '2021-10-12 00:47:06', '2021-10-12 00:47:06'),
(5, 'Controles', 'controles', '<i class=\"fas fa-tshirt\"></i>', 'images/admin/categories/controles.png', '2021-10-12 00:47:06', '2021-10-12 00:47:06'),
(6, 'Materiales Eléctricos', 'materiales-electricos', '<i class=\"fas fa-tshirt\"></i>', 'images/admin/categories/materiales-electricos.png', '2021-10-12 00:47:06', '2021-10-12 00:47:06'),
(7, 'Materiales Mecánicos', 'materiales-mecanicos', '<i class=\"fas fa-tshirt\"></i>', 'images/admin/categories/materiales-mecanicos.png', '2021-10-12 00:47:06', '2021-10-12 00:47:06'),
(8, 'Herramientas y Accesorios', 'herramientas-y-accesorios', '<i class=\"fas fa-tshirt\"></i>', 'images/admin/categories/herramientas-y-accesorios.png', '2021-10-12 00:47:06', '2021-10-12 00:47:06'),
(9, 'Accesorios de HVAC', 'accesorios-de-hvac', '<i class=\"fas fa-tshirt\"></i>', 'images/admin/categories/accesorios-hvac.png', '2021-10-12 00:47:06', '2021-10-12 00:47:06'),
(10, 'Accesorios de Refrigeración', 'accesorios-de-refrigeracion', '<i class=\"fas fa-tshirt\"></i>', 'images/admin/categories/accesorios-refrigeracion.png', '2021-10-12 00:47:06', '2021-10-12 00:47:06');

-- --------------------------------------------------------

--
-- Estructura de tabla para la tabla `cities`
--

CREATE TABLE `cities` (
  `id` bigint(20) UNSIGNED NOT NULL,
  `name` varchar(255) COLLATE utf8mb4_unicode_ci NOT NULL,
  `cost` double(8,2) NOT NULL,
  `department_id` bigint(20) UNSIGNED NOT NULL,
  `created_at` timestamp NULL DEFAULT NULL,
  `updated_at` timestamp NULL DEFAULT NULL
) ENGINE=InnoDB DEFAULT CHARSET=utf8mb4 COLLATE=utf8mb4_unicode_ci;

--
-- Volcado de datos para la tabla `cities`
--

INSERT INTO `cities` (`id`, `name`, `cost`, `department_id`, `created_at`, `updated_at`) VALUES
(1, 'id', 10.00, 1, '2021-10-12 00:47:24', '2021-10-12 00:47:24'),
(2, 'est', 5.00, 1, '2021-10-12 00:47:24', '2021-10-12 00:47:24'),
(3, 'perferendis', 10.00, 1, '2021-10-12 00:47:24', '2021-10-12 00:47:24'),
(4, 'porro', 5.00, 1, '2021-10-12 00:47:24', '2021-10-12 00:47:24'),
(5, 'dolor', 10.00, 1, '2021-10-12 00:47:24', '2021-10-12 00:47:24'),
(6, 'nemo', 15.00, 1, '2021-10-12 00:47:24', '2021-10-12 00:47:24'),
(7, 'voluptatem', 5.00, 1, '2021-10-12 00:47:24', '2021-10-12 00:47:24'),
(8, 'asperiores', 10.00, 1, '2021-10-12 00:47:24', '2021-10-12 00:47:24'),
(9, 'illo', 15.00, 2, '2021-10-12 00:47:24', '2021-10-12 00:47:24'),
(10, 'ab', 5.00, 2, '2021-10-12 00:47:24', '2021-10-12 00:47:24'),
(11, 'similique', 5.00, 2, '2021-10-12 00:47:24', '2021-10-12 00:47:24'),
(12, 'qui', 5.00, 2, '2021-10-12 00:47:24', '2021-10-12 00:47:24'),
(13, 'itaque', 15.00, 2, '2021-10-12 00:47:24', '2021-10-12 00:47:24'),
(14, 'praesentium', 15.00, 2, '2021-10-12 00:47:24', '2021-10-12 00:47:24'),
(15, 'ut', 15.00, 2, '2021-10-12 00:47:24', '2021-10-12 00:47:24'),
(16, 'repellat', 5.00, 2, '2021-10-12 00:47:24', '2021-10-12 00:47:24'),
(17, 'fugiat', 15.00, 3, '2021-10-12 00:47:24', '2021-10-12 00:47:24'),
(18, 'et', 10.00, 3, '2021-10-12 00:47:24', '2021-10-12 00:47:24'),
(19, 'aut', 5.00, 3, '2021-10-12 00:47:24', '2021-10-12 00:47:24'),
(20, 'quia', 10.00, 3, '2021-10-12 00:47:24', '2021-10-12 00:47:24'),
(21, 'ex', 5.00, 3, '2021-10-12 00:47:24', '2021-10-12 00:47:24'),
(22, 'dignissimos', 15.00, 3, '2021-10-12 00:47:24', '2021-10-12 00:47:24'),
(23, 'ab', 15.00, 3, '2021-10-12 00:47:24', '2021-10-12 00:47:24'),
(24, 'autem', 15.00, 3, '2021-10-12 00:47:24', '2021-10-12 00:47:24'),
(25, 'et', 10.00, 4, '2021-10-12 00:47:24', '2021-10-12 00:47:24'),
(26, 'temporibus', 15.00, 4, '2021-10-12 00:47:24', '2021-10-12 00:47:24'),
(27, 'corporis', 10.00, 4, '2021-10-12 00:47:24', '2021-10-12 00:47:24'),
(28, 'quis', 15.00, 4, '2021-10-12 00:47:24', '2021-10-12 00:47:24'),
(29, 'voluptatem', 10.00, 4, '2021-10-12 00:47:24', '2021-10-12 00:47:24'),
(30, 'beatae', 15.00, 4, '2021-10-12 00:47:24', '2021-10-12 00:47:24'),
(31, 'deleniti', 10.00, 4, '2021-10-12 00:47:24', '2021-10-12 00:47:24'),
(32, 'sint', 10.00, 4, '2021-10-12 00:47:24', '2021-10-12 00:47:24'),
(33, 'et', 15.00, 5, '2021-10-12 00:47:24', '2021-10-12 00:47:24'),
(34, 'rerum', 10.00, 5, '2021-10-12 00:47:24', '2021-10-12 00:47:24'),
(35, 'eos', 15.00, 5, '2021-10-12 00:47:24', '2021-10-12 00:47:24'),
(36, 'vitae', 5.00, 5, '2021-10-12 00:47:24', '2021-10-12 00:47:24'),
(37, 'aperiam', 10.00, 5, '2021-10-12 00:47:24', '2021-10-12 00:47:24'),
(38, 'harum', 15.00, 5, '2021-10-12 00:47:24', '2021-10-12 00:47:24'),
(39, 'molestiae', 10.00, 5, '2021-10-12 00:47:24', '2021-10-12 00:47:24'),
(40, 'autem', 10.00, 5, '2021-10-12 00:47:24', '2021-10-12 00:47:24'),
(41, 'in', 15.00, 6, '2021-10-12 00:47:25', '2021-10-12 00:47:25'),
(42, 'est', 15.00, 6, '2021-10-12 00:47:25', '2021-10-12 00:47:25'),
(43, 'ducimus', 5.00, 6, '2021-10-12 00:47:25', '2021-10-12 00:47:25'),
(44, 'nam', 10.00, 6, '2021-10-12 00:47:25', '2021-10-12 00:47:25'),
(45, 'vero', 15.00, 6, '2021-10-12 00:47:25', '2021-10-12 00:47:25'),
(46, 'quasi', 10.00, 6, '2021-10-12 00:47:25', '2021-10-12 00:47:25'),
(47, 'nostrum', 5.00, 6, '2021-10-12 00:47:25', '2021-10-12 00:47:25'),
(48, 'blanditiis', 10.00, 6, '2021-10-12 00:47:25', '2021-10-12 00:47:25'),
(49, 'voluptas', 15.00, 7, '2021-10-12 00:47:25', '2021-10-12 00:47:25'),
(50, 'magnam', 5.00, 7, '2021-10-12 00:47:25', '2021-10-12 00:47:25'),
(51, 'dolorem', 15.00, 7, '2021-10-12 00:47:25', '2021-10-12 00:47:25'),
(52, 'aliquam', 15.00, 7, '2021-10-12 00:47:25', '2021-10-12 00:47:25'),
(53, 'labore', 15.00, 7, '2021-10-12 00:47:25', '2021-10-12 00:47:25'),
(54, 'odit', 5.00, 7, '2021-10-12 00:47:25', '2021-10-12 00:47:25'),
(55, 'voluptas', 10.00, 7, '2021-10-12 00:47:25', '2021-10-12 00:47:25'),
(56, 'enim', 5.00, 7, '2021-10-12 00:47:25', '2021-10-12 00:47:25'),
(57, 'molestiae', 5.00, 8, '2021-10-12 00:47:25', '2021-10-12 00:47:25'),
(58, 'voluptas', 10.00, 8, '2021-10-12 00:47:25', '2021-10-12 00:47:25'),
(59, 'et', 5.00, 8, '2021-10-12 00:47:25', '2021-10-12 00:47:25'),
(60, 'et', 5.00, 8, '2021-10-12 00:47:25', '2021-10-12 00:47:25'),
(61, 'et', 5.00, 8, '2021-10-12 00:47:25', '2021-10-12 00:47:25'),
(62, 'aut', 15.00, 8, '2021-10-12 00:47:25', '2021-10-12 00:47:25'),
(63, 'deleniti', 15.00, 8, '2021-10-12 00:47:25', '2021-10-12 00:47:25'),
(64, 'sit', 5.00, 8, '2021-10-12 00:47:25', '2021-10-12 00:47:25');

-- --------------------------------------------------------

--
-- Estructura de tabla para la tabla `colors`
--

CREATE TABLE `colors` (
  `id` bigint(20) UNSIGNED NOT NULL,
  `name` varchar(255) COLLATE utf8mb4_unicode_ci NOT NULL,
  `created_at` timestamp NULL DEFAULT NULL,
  `updated_at` timestamp NULL DEFAULT NULL
) ENGINE=InnoDB DEFAULT CHARSET=utf8mb4 COLLATE=utf8mb4_unicode_ci;

--
-- Volcado de datos para la tabla `colors`
--

INSERT INTO `colors` (`id`, `name`, `created_at`, `updated_at`) VALUES
(1, 'white', '2021-10-12 00:47:24', '2021-10-12 00:47:24'),
(2, 'blue', '2021-10-12 00:47:24', '2021-10-12 00:47:24'),
(3, 'red', '2021-10-12 00:47:24', '2021-10-12 00:47:24'),
(4, 'black', '2021-10-12 00:47:24', '2021-10-12 00:47:24');

-- --------------------------------------------------------

--
-- Estructura de tabla para la tabla `color_product`
--

CREATE TABLE `color_product` (
  `id` bigint(20) UNSIGNED NOT NULL,
  `color_id` bigint(20) UNSIGNED NOT NULL,
  `product_id` bigint(20) UNSIGNED NOT NULL,
  `quantity` int(11) NOT NULL,
  `created_at` timestamp NULL DEFAULT NULL,
  `updated_at` timestamp NULL DEFAULT NULL
) ENGINE=InnoDB DEFAULT CHARSET=utf8mb4 COLLATE=utf8mb4_unicode_ci;

-- --------------------------------------------------------

--
-- Estructura de tabla para la tabla `color_size`
--

CREATE TABLE `color_size` (
  `id` bigint(20) UNSIGNED NOT NULL,
  `color_id` bigint(20) UNSIGNED NOT NULL,
  `size_id` bigint(20) UNSIGNED NOT NULL,
  `quantity` int(11) NOT NULL,
  `created_at` timestamp NULL DEFAULT NULL,
  `updated_at` timestamp NULL DEFAULT NULL
) ENGINE=InnoDB DEFAULT CHARSET=utf8mb4 COLLATE=utf8mb4_unicode_ci;

-- --------------------------------------------------------

--
-- Estructura de tabla para la tabla `companies`
--

CREATE TABLE `companies` (
  `id` int(11) NOT NULL,
  `name` varchar(50) COLLATE utf8mb4_unicode_ci NOT NULL,
  `tax_data` varchar(500) COLLATE utf8mb4_unicode_ci NOT NULL,
  `user_id` int(11) NOT NULL
) ENGINE=InnoDB DEFAULT CHARSET=utf8mb4 COLLATE=utf8mb4_unicode_ci;

--
-- Volcado de datos para la tabla `companies`
--

INSERT INTO `companies` (`id`, `name`, `tax_data`, `user_id`) VALUES
(1, '1', 'rfc: dwsdwwd', 1),
(2, 'Coppel', 'rfc:920428q20', 6),
(3, 'Nano degree', 'RFC: NANDEGREE', 41);

-- --------------------------------------------------------

--
-- Estructura de tabla para la tabla `countries`
--

CREATE TABLE `countries` (
  `id` bigint(20) UNSIGNED NOT NULL,
  `name` varchar(255) COLLATE utf8mb4_unicode_ci NOT NULL,
  `currency` varchar(255) COLLATE utf8mb4_unicode_ci NOT NULL,
  `denotation` varchar(255) COLLATE utf8mb4_unicode_ci NOT NULL,
  `delimiter` varchar(255) COLLATE utf8mb4_unicode_ci NOT NULL,
  `tld` varchar(5) COLLATE utf8mb4_unicode_ci NOT NULL,
  `created_at` timestamp NULL DEFAULT NULL,
  `updated_at` timestamp NULL DEFAULT NULL
) ENGINE=InnoDB DEFAULT CHARSET=utf8mb4 COLLATE=utf8mb4_unicode_ci;

--
-- Volcado de datos para la tabla `countries`
--

INSERT INTO `countries` (`id`, `name`, `currency`, `denotation`, `delimiter`, `tld`, `created_at`, `updated_at`) VALUES
(1, 'México', 'MXN', '$', ',', 'MX', '2021-10-12 00:47:05', '2021-10-12 00:47:05'),
(4, 'Ecuador', 'EC', '$', ',', 'EC', NULL, NULL),
(5, 'Costa Rica', 'CR', '$', ',', 'CR', NULL, NULL),
(6, 'Chile', 'CL', '$', '.', 'CL', NULL, NULL);

-- --------------------------------------------------------

--
-- Estructura de tabla para la tabla `departments`
--

CREATE TABLE `departments` (
  `id` bigint(20) UNSIGNED NOT NULL,
  `name` varchar(255) COLLATE utf8mb4_unicode_ci NOT NULL,
  `created_at` timestamp NULL DEFAULT NULL,
  `updated_at` timestamp NULL DEFAULT NULL
) ENGINE=InnoDB DEFAULT CHARSET=utf8mb4 COLLATE=utf8mb4_unicode_ci;

--
-- Volcado de datos para la tabla `departments`
--

INSERT INTO `departments` (`id`, `name`, `created_at`, `updated_at`) VALUES
(1, 'aut', '2021-10-12 00:47:24', '2021-10-12 00:47:24'),
(2, 'tempore', '2021-10-12 00:47:24', '2021-10-12 00:47:24'),
(3, 'delectus', '2021-10-12 00:47:24', '2021-10-12 00:47:24'),
(4, 'at', '2021-10-12 00:47:24', '2021-10-12 00:47:24'),
(5, 'fuga', '2021-10-12 00:47:24', '2021-10-12 00:47:24'),
(6, 'sunt', '2021-10-12 00:47:24', '2021-10-12 00:47:24'),
(7, 'sint', '2021-10-12 00:47:24', '2021-10-12 00:47:24'),
(8, 'velit', '2021-10-12 00:47:24', '2021-10-12 00:47:24');

-- --------------------------------------------------------

--
-- Estructura de tabla para la tabla `districts`
--

CREATE TABLE `districts` (
  `id` bigint(20) UNSIGNED NOT NULL,
  `name` varchar(255) COLLATE utf8mb4_unicode_ci NOT NULL,
  `city_id` bigint(20) UNSIGNED NOT NULL,
  `created_at` timestamp NULL DEFAULT NULL,
  `updated_at` timestamp NULL DEFAULT NULL
) ENGINE=InnoDB DEFAULT CHARSET=utf8mb4 COLLATE=utf8mb4_unicode_ci;

--
-- Volcado de datos para la tabla `districts`
--

INSERT INTO `districts` (`id`, `name`, `city_id`, `created_at`, `updated_at`) VALUES
(1, 'et', 1, '2021-10-12 00:47:24', '2021-10-12 00:47:24'),
(2, 'aut', 1, '2021-10-12 00:47:24', '2021-10-12 00:47:24'),
(3, 'quod', 1, '2021-10-12 00:47:24', '2021-10-12 00:47:24'),
(4, 'et', 1, '2021-10-12 00:47:24', '2021-10-12 00:47:24'),
(5, 'sunt', 1, '2021-10-12 00:47:24', '2021-10-12 00:47:24'),
(6, 'recusandae', 1, '2021-10-12 00:47:24', '2021-10-12 00:47:24'),
(7, 'ut', 1, '2021-10-12 00:47:24', '2021-10-12 00:47:24'),
(8, 'architecto', 1, '2021-10-12 00:47:24', '2021-10-12 00:47:24'),
(9, 'officia', 2, '2021-10-12 00:47:24', '2021-10-12 00:47:24'),
(10, 'qui', 2, '2021-10-12 00:47:24', '2021-10-12 00:47:24'),
(11, 'est', 2, '2021-10-12 00:47:24', '2021-10-12 00:47:24'),
(12, 'sit', 2, '2021-10-12 00:47:24', '2021-10-12 00:47:24'),
(13, 'explicabo', 2, '2021-10-12 00:47:24', '2021-10-12 00:47:24'),
(14, 'doloremque', 2, '2021-10-12 00:47:24', '2021-10-12 00:47:24'),
(15, 'modi', 2, '2021-10-12 00:47:24', '2021-10-12 00:47:24'),
(16, 'dolorem', 2, '2021-10-12 00:47:24', '2021-10-12 00:47:24'),
(17, 'et', 3, '2021-10-12 00:47:24', '2021-10-12 00:47:24'),
(18, 'illo', 3, '2021-10-12 00:47:24', '2021-10-12 00:47:24'),
(19, 'aut', 3, '2021-10-12 00:47:24', '2021-10-12 00:47:24'),
(20, 'quis', 3, '2021-10-12 00:47:24', '2021-10-12 00:47:24'),
(21, 'dolorem', 3, '2021-10-12 00:47:24', '2021-10-12 00:47:24'),
(22, 'iusto', 3, '2021-10-12 00:47:24', '2021-10-12 00:47:24'),
(23, 'voluptatem', 3, '2021-10-12 00:47:24', '2021-10-12 00:47:24'),
(24, 'voluptas', 3, '2021-10-12 00:47:24', '2021-10-12 00:47:24'),
(25, 'aut', 4, '2021-10-12 00:47:24', '2021-10-12 00:47:24'),
(26, 'magni', 4, '2021-10-12 00:47:24', '2021-10-12 00:47:24'),
(27, 'minima', 4, '2021-10-12 00:47:24', '2021-10-12 00:47:24'),
(28, 'tempora', 4, '2021-10-12 00:47:24', '2021-10-12 00:47:24'),
(29, 'et', 4, '2021-10-12 00:47:24', '2021-10-12 00:47:24'),
(30, 'molestiae', 4, '2021-10-12 00:47:24', '2021-10-12 00:47:24'),
(31, 'voluptas', 4, '2021-10-12 00:47:24', '2021-10-12 00:47:24'),
(32, 'nihil', 4, '2021-10-12 00:47:24', '2021-10-12 00:47:24'),
(33, 'est', 5, '2021-10-12 00:47:24', '2021-10-12 00:47:24'),
(34, 'ut', 5, '2021-10-12 00:47:24', '2021-10-12 00:47:24'),
(35, 'voluptatem', 5, '2021-10-12 00:47:24', '2021-10-12 00:47:24'),
(36, 'cupiditate', 5, '2021-10-12 00:47:24', '2021-10-12 00:47:24'),
(37, 'laudantium', 5, '2021-10-12 00:47:24', '2021-10-12 00:47:24'),
(38, 'ullam', 5, '2021-10-12 00:47:24', '2021-10-12 00:47:24'),
(39, 'et', 5, '2021-10-12 00:47:24', '2021-10-12 00:47:24'),
(40, 'minima', 5, '2021-10-12 00:47:24', '2021-10-12 00:47:24'),
(41, 'voluptates', 6, '2021-10-12 00:47:24', '2021-10-12 00:47:24'),
(42, 'possimus', 6, '2021-10-12 00:47:24', '2021-10-12 00:47:24'),
(43, 'vitae', 6, '2021-10-12 00:47:24', '2021-10-12 00:47:24'),
(44, 'non', 6, '2021-10-12 00:47:24', '2021-10-12 00:47:24'),
(45, 'quam', 6, '2021-10-12 00:47:24', '2021-10-12 00:47:24'),
(46, 'pariatur', 6, '2021-10-12 00:47:24', '2021-10-12 00:47:24'),
(47, 'accusantium', 6, '2021-10-12 00:47:24', '2021-10-12 00:47:24'),
(48, 'voluptas', 6, '2021-10-12 00:47:24', '2021-10-12 00:47:24'),
(49, 'numquam', 7, '2021-10-12 00:47:24', '2021-10-12 00:47:24'),
(50, 'aut', 7, '2021-10-12 00:47:24', '2021-10-12 00:47:24'),
(51, 'harum', 7, '2021-10-12 00:47:24', '2021-10-12 00:47:24'),
(52, 'est', 7, '2021-10-12 00:47:24', '2021-10-12 00:47:24'),
(53, 'est', 7, '2021-10-12 00:47:24', '2021-10-12 00:47:24'),
(54, 'laudantium', 7, '2021-10-12 00:47:24', '2021-10-12 00:47:24'),
(55, 'non', 7, '2021-10-12 00:47:24', '2021-10-12 00:47:24'),
(56, 'eos', 7, '2021-10-12 00:47:24', '2021-10-12 00:47:24'),
(57, 'quis', 8, '2021-10-12 00:47:24', '2021-10-12 00:47:24'),
(58, 'distinctio', 8, '2021-10-12 00:47:24', '2021-10-12 00:47:24'),
(59, 'sint', 8, '2021-10-12 00:47:24', '2021-10-12 00:47:24'),
(60, 'deserunt', 8, '2021-10-12 00:47:24', '2021-10-12 00:47:24'),
(61, 'impedit', 8, '2021-10-12 00:47:24', '2021-10-12 00:47:24'),
(62, 'consequatur', 8, '2021-10-12 00:47:24', '2021-10-12 00:47:24'),
(63, 'illum', 8, '2021-10-12 00:47:24', '2021-10-12 00:47:24'),
(64, 'aspernatur', 8, '2021-10-12 00:47:24', '2021-10-12 00:47:24'),
(65, 'earum', 9, '2021-10-12 00:47:24', '2021-10-12 00:47:24'),
(66, 'vitae', 9, '2021-10-12 00:47:24', '2021-10-12 00:47:24'),
(67, 'at', 9, '2021-10-12 00:47:24', '2021-10-12 00:47:24'),
(68, 'modi', 9, '2021-10-12 00:47:24', '2021-10-12 00:47:24'),
(69, 'repudiandae', 9, '2021-10-12 00:47:24', '2021-10-12 00:47:24'),
(70, 'rem', 9, '2021-10-12 00:47:24', '2021-10-12 00:47:24'),
(71, 'in', 9, '2021-10-12 00:47:24', '2021-10-12 00:47:24'),
(72, 'natus', 9, '2021-10-12 00:47:24', '2021-10-12 00:47:24'),
(73, 'deserunt', 10, '2021-10-12 00:47:24', '2021-10-12 00:47:24'),
(74, 'reiciendis', 10, '2021-10-12 00:47:24', '2021-10-12 00:47:24'),
(75, 'sint', 10, '2021-10-12 00:47:24', '2021-10-12 00:47:24'),
(76, 'voluptatem', 10, '2021-10-12 00:47:24', '2021-10-12 00:47:24'),
(77, 'numquam', 10, '2021-10-12 00:47:24', '2021-10-12 00:47:24'),
(78, 'ipsum', 10, '2021-10-12 00:47:24', '2021-10-12 00:47:24'),
(79, 'dolores', 10, '2021-10-12 00:47:24', '2021-10-12 00:47:24'),
(80, 'similique', 10, '2021-10-12 00:47:24', '2021-10-12 00:47:24'),
(81, 'vitae', 11, '2021-10-12 00:47:24', '2021-10-12 00:47:24'),
(82, 'repudiandae', 11, '2021-10-12 00:47:24', '2021-10-12 00:47:24'),
(83, 'aut', 11, '2021-10-12 00:47:24', '2021-10-12 00:47:24'),
(84, 'cupiditate', 11, '2021-10-12 00:47:24', '2021-10-12 00:47:24'),
(85, 'provident', 11, '2021-10-12 00:47:24', '2021-10-12 00:47:24'),
(86, 'est', 11, '2021-10-12 00:47:24', '2021-10-12 00:47:24'),
(87, 'aut', 11, '2021-10-12 00:47:24', '2021-10-12 00:47:24'),
(88, 'voluptatibus', 11, '2021-10-12 00:47:24', '2021-10-12 00:47:24'),
(89, 'quas', 12, '2021-10-12 00:47:24', '2021-10-12 00:47:24'),
(90, 'atque', 12, '2021-10-12 00:47:24', '2021-10-12 00:47:24'),
(91, 'id', 12, '2021-10-12 00:47:24', '2021-10-12 00:47:24'),
(92, 'reprehenderit', 12, '2021-10-12 00:47:24', '2021-10-12 00:47:24'),
(93, 'sint', 12, '2021-10-12 00:47:24', '2021-10-12 00:47:24'),
(94, 'totam', 12, '2021-10-12 00:47:24', '2021-10-12 00:47:24'),
(95, 'eos', 12, '2021-10-12 00:47:24', '2021-10-12 00:47:24'),
(96, 'sit', 12, '2021-10-12 00:47:24', '2021-10-12 00:47:24'),
(97, 'sapiente', 13, '2021-10-12 00:47:24', '2021-10-12 00:47:24'),
(98, 'qui', 13, '2021-10-12 00:47:24', '2021-10-12 00:47:24'),
(99, 'voluptas', 13, '2021-10-12 00:47:24', '2021-10-12 00:47:24'),
(100, 'omnis', 13, '2021-10-12 00:47:24', '2021-10-12 00:47:24'),
(101, 'omnis', 13, '2021-10-12 00:47:24', '2021-10-12 00:47:24'),
(102, 'et', 13, '2021-10-12 00:47:24', '2021-10-12 00:47:24'),
(103, 'aspernatur', 13, '2021-10-12 00:47:24', '2021-10-12 00:47:24'),
(104, 'beatae', 13, '2021-10-12 00:47:24', '2021-10-12 00:47:24'),
(105, 'voluptatum', 14, '2021-10-12 00:47:24', '2021-10-12 00:47:24'),
(106, 'quo', 14, '2021-10-12 00:47:24', '2021-10-12 00:47:24'),
(107, 'itaque', 14, '2021-10-12 00:47:24', '2021-10-12 00:47:24'),
(108, 'quae', 14, '2021-10-12 00:47:24', '2021-10-12 00:47:24'),
(109, 'explicabo', 14, '2021-10-12 00:47:24', '2021-10-12 00:47:24'),
(110, 'delectus', 14, '2021-10-12 00:47:24', '2021-10-12 00:47:24'),
(111, 'officia', 14, '2021-10-12 00:47:24', '2021-10-12 00:47:24'),
(112, 'illo', 14, '2021-10-12 00:47:24', '2021-10-12 00:47:24'),
(113, 'qui', 15, '2021-10-12 00:47:24', '2021-10-12 00:47:24'),
(114, 'quisquam', 15, '2021-10-12 00:47:24', '2021-10-12 00:47:24'),
(115, 'eum', 15, '2021-10-12 00:47:24', '2021-10-12 00:47:24'),
(116, 'omnis', 15, '2021-10-12 00:47:24', '2021-10-12 00:47:24'),
(117, 'sunt', 15, '2021-10-12 00:47:24', '2021-10-12 00:47:24'),
(118, 'dolorem', 15, '2021-10-12 00:47:24', '2021-10-12 00:47:24'),
(119, 'repudiandae', 15, '2021-10-12 00:47:24', '2021-10-12 00:47:24'),
(120, 'sunt', 15, '2021-10-12 00:47:24', '2021-10-12 00:47:24'),
(121, 'qui', 16, '2021-10-12 00:47:24', '2021-10-12 00:47:24'),
(122, 'aut', 16, '2021-10-12 00:47:24', '2021-10-12 00:47:24'),
(123, 'sapiente', 16, '2021-10-12 00:47:24', '2021-10-12 00:47:24'),
(124, 'aut', 16, '2021-10-12 00:47:24', '2021-10-12 00:47:24'),
(125, 'maiores', 16, '2021-10-12 00:47:24', '2021-10-12 00:47:24'),
(126, 'consequuntur', 16, '2021-10-12 00:47:24', '2021-10-12 00:47:24'),
(127, 'molestiae', 16, '2021-10-12 00:47:24', '2021-10-12 00:47:24'),
(128, 'autem', 16, '2021-10-12 00:47:24', '2021-10-12 00:47:24'),
(129, 'placeat', 17, '2021-10-12 00:47:24', '2021-10-12 00:47:24'),
(130, 'accusantium', 17, '2021-10-12 00:47:24', '2021-10-12 00:47:24'),
(131, 'voluptate', 17, '2021-10-12 00:47:24', '2021-10-12 00:47:24'),
(132, 'omnis', 17, '2021-10-12 00:47:24', '2021-10-12 00:47:24'),
(133, 'neque', 17, '2021-10-12 00:47:24', '2021-10-12 00:47:24'),
(134, 'alias', 17, '2021-10-12 00:47:24', '2021-10-12 00:47:24'),
(135, 'totam', 17, '2021-10-12 00:47:24', '2021-10-12 00:47:24'),
(136, 'nobis', 17, '2021-10-12 00:47:24', '2021-10-12 00:47:24'),
(137, 'culpa', 18, '2021-10-12 00:47:24', '2021-10-12 00:47:24'),
(138, 'rerum', 18, '2021-10-12 00:47:24', '2021-10-12 00:47:24'),
(139, 'perferendis', 18, '2021-10-12 00:47:24', '2021-10-12 00:47:24'),
(140, 'quidem', 18, '2021-10-12 00:47:24', '2021-10-12 00:47:24'),
(141, 'reprehenderit', 18, '2021-10-12 00:47:24', '2021-10-12 00:47:24'),
(142, 'soluta', 18, '2021-10-12 00:47:24', '2021-10-12 00:47:24'),
(143, 'quo', 18, '2021-10-12 00:47:24', '2021-10-12 00:47:24'),
(144, 'vero', 18, '2021-10-12 00:47:24', '2021-10-12 00:47:24'),
(145, 'officiis', 19, '2021-10-12 00:47:24', '2021-10-12 00:47:24'),
(146, 'nemo', 19, '2021-10-12 00:47:24', '2021-10-12 00:47:24'),
(147, 'numquam', 19, '2021-10-12 00:47:24', '2021-10-12 00:47:24'),
(148, 'voluptatem', 19, '2021-10-12 00:47:24', '2021-10-12 00:47:24'),
(149, 'odit', 19, '2021-10-12 00:47:24', '2021-10-12 00:47:24'),
(150, 'et', 19, '2021-10-12 00:47:24', '2021-10-12 00:47:24'),
(151, 'excepturi', 19, '2021-10-12 00:47:24', '2021-10-12 00:47:24'),
(152, 'praesentium', 19, '2021-10-12 00:47:24', '2021-10-12 00:47:24'),
(153, 'inventore', 20, '2021-10-12 00:47:24', '2021-10-12 00:47:24'),
(154, 'optio', 20, '2021-10-12 00:47:24', '2021-10-12 00:47:24'),
(155, 'excepturi', 20, '2021-10-12 00:47:24', '2021-10-12 00:47:24'),
(156, 'autem', 20, '2021-10-12 00:47:24', '2021-10-12 00:47:24'),
(157, 'beatae', 20, '2021-10-12 00:47:24', '2021-10-12 00:47:24'),
(158, 'iusto', 20, '2021-10-12 00:47:24', '2021-10-12 00:47:24'),
(159, 'quasi', 20, '2021-10-12 00:47:24', '2021-10-12 00:47:24'),
(160, 'quibusdam', 20, '2021-10-12 00:47:24', '2021-10-12 00:47:24'),
(161, 'eveniet', 21, '2021-10-12 00:47:24', '2021-10-12 00:47:24'),
(162, 'animi', 21, '2021-10-12 00:47:24', '2021-10-12 00:47:24'),
(163, 'dolorem', 21, '2021-10-12 00:47:24', '2021-10-12 00:47:24'),
(164, 'tempore', 21, '2021-10-12 00:47:24', '2021-10-12 00:47:24'),
(165, 'saepe', 21, '2021-10-12 00:47:24', '2021-10-12 00:47:24'),
(166, 'voluptatem', 21, '2021-10-12 00:47:24', '2021-10-12 00:47:24'),
(167, 'velit', 21, '2021-10-12 00:47:24', '2021-10-12 00:47:24'),
(168, 'esse', 21, '2021-10-12 00:47:24', '2021-10-12 00:47:24'),
(169, 'ad', 22, '2021-10-12 00:47:24', '2021-10-12 00:47:24'),
(170, 'quas', 22, '2021-10-12 00:47:24', '2021-10-12 00:47:24'),
(171, 'animi', 22, '2021-10-12 00:47:24', '2021-10-12 00:47:24'),
(172, 'eaque', 22, '2021-10-12 00:47:24', '2021-10-12 00:47:24'),
(173, 'tempore', 22, '2021-10-12 00:47:24', '2021-10-12 00:47:24'),
(174, 'mollitia', 22, '2021-10-12 00:47:24', '2021-10-12 00:47:24'),
(175, 'fugiat', 22, '2021-10-12 00:47:24', '2021-10-12 00:47:24'),
(176, 'provident', 22, '2021-10-12 00:47:24', '2021-10-12 00:47:24'),
(177, 'harum', 23, '2021-10-12 00:47:24', '2021-10-12 00:47:24'),
(178, 'recusandae', 23, '2021-10-12 00:47:24', '2021-10-12 00:47:24'),
(179, 'nemo', 23, '2021-10-12 00:47:24', '2021-10-12 00:47:24'),
(180, 'incidunt', 23, '2021-10-12 00:47:24', '2021-10-12 00:47:24'),
(181, 'nihil', 23, '2021-10-12 00:47:24', '2021-10-12 00:47:24'),
(182, 'voluptas', 23, '2021-10-12 00:47:24', '2021-10-12 00:47:24'),
(183, 'nemo', 23, '2021-10-12 00:47:24', '2021-10-12 00:47:24'),
(184, 'ad', 23, '2021-10-12 00:47:24', '2021-10-12 00:47:24'),
(185, 'ad', 24, '2021-10-12 00:47:24', '2021-10-12 00:47:24'),
(186, 'nihil', 24, '2021-10-12 00:47:24', '2021-10-12 00:47:24'),
(187, 'vitae', 24, '2021-10-12 00:47:24', '2021-10-12 00:47:24'),
(188, 'voluptatem', 24, '2021-10-12 00:47:24', '2021-10-12 00:47:24'),
(189, 'commodi', 24, '2021-10-12 00:47:24', '2021-10-12 00:47:24'),
(190, 'voluptatem', 24, '2021-10-12 00:47:24', '2021-10-12 00:47:24'),
(191, 'sint', 24, '2021-10-12 00:47:24', '2021-10-12 00:47:24'),
(192, 'quia', 24, '2021-10-12 00:47:24', '2021-10-12 00:47:24'),
(193, 'suscipit', 25, '2021-10-12 00:47:24', '2021-10-12 00:47:24'),
(194, 'eaque', 25, '2021-10-12 00:47:24', '2021-10-12 00:47:24'),
(195, 'iusto', 25, '2021-10-12 00:47:24', '2021-10-12 00:47:24'),
(196, 'voluptatem', 25, '2021-10-12 00:47:24', '2021-10-12 00:47:24'),
(197, 'modi', 25, '2021-10-12 00:47:24', '2021-10-12 00:47:24'),
(198, 'nihil', 25, '2021-10-12 00:47:24', '2021-10-12 00:47:24'),
(199, 'facere', 25, '2021-10-12 00:47:24', '2021-10-12 00:47:24'),
(200, 'est', 25, '2021-10-12 00:47:24', '2021-10-12 00:47:24'),
(201, 'totam', 26, '2021-10-12 00:47:24', '2021-10-12 00:47:24'),
(202, 'velit', 26, '2021-10-12 00:47:24', '2021-10-12 00:47:24'),
(203, 'non', 26, '2021-10-12 00:47:24', '2021-10-12 00:47:24'),
(204, 'necessitatibus', 26, '2021-10-12 00:47:24', '2021-10-12 00:47:24'),
(205, 'ducimus', 26, '2021-10-12 00:47:24', '2021-10-12 00:47:24'),
(206, 'iusto', 26, '2021-10-12 00:47:24', '2021-10-12 00:47:24'),
(207, 'incidunt', 26, '2021-10-12 00:47:24', '2021-10-12 00:47:24'),
(208, 'quisquam', 26, '2021-10-12 00:47:24', '2021-10-12 00:47:24'),
(209, 'laborum', 27, '2021-10-12 00:47:24', '2021-10-12 00:47:24'),
(210, 'id', 27, '2021-10-12 00:47:24', '2021-10-12 00:47:24'),
(211, 'voluptas', 27, '2021-10-12 00:47:24', '2021-10-12 00:47:24'),
(212, 'eligendi', 27, '2021-10-12 00:47:24', '2021-10-12 00:47:24'),
(213, 'fugiat', 27, '2021-10-12 00:47:24', '2021-10-12 00:47:24'),
(214, 'quisquam', 27, '2021-10-12 00:47:24', '2021-10-12 00:47:24'),
(215, 'occaecati', 27, '2021-10-12 00:47:24', '2021-10-12 00:47:24'),
(216, 'velit', 27, '2021-10-12 00:47:24', '2021-10-12 00:47:24'),
(217, 'ipsam', 28, '2021-10-12 00:47:24', '2021-10-12 00:47:24'),
(218, 'ad', 28, '2021-10-12 00:47:24', '2021-10-12 00:47:24'),
(219, 'quisquam', 28, '2021-10-12 00:47:24', '2021-10-12 00:47:24'),
(220, 'necessitatibus', 28, '2021-10-12 00:47:24', '2021-10-12 00:47:24'),
(221, 'numquam', 28, '2021-10-12 00:47:24', '2021-10-12 00:47:24'),
(222, 'qui', 28, '2021-10-12 00:47:24', '2021-10-12 00:47:24'),
(223, 'aut', 28, '2021-10-12 00:47:24', '2021-10-12 00:47:24'),
(224, 'voluptatem', 28, '2021-10-12 00:47:24', '2021-10-12 00:47:24'),
(225, 'fuga', 29, '2021-10-12 00:47:24', '2021-10-12 00:47:24'),
(226, 'eos', 29, '2021-10-12 00:47:24', '2021-10-12 00:47:24'),
(227, 'est', 29, '2021-10-12 00:47:24', '2021-10-12 00:47:24'),
(228, 'placeat', 29, '2021-10-12 00:47:24', '2021-10-12 00:47:24'),
(229, 'eum', 29, '2021-10-12 00:47:24', '2021-10-12 00:47:24'),
(230, 'autem', 29, '2021-10-12 00:47:24', '2021-10-12 00:47:24'),
(231, 'neque', 29, '2021-10-12 00:47:24', '2021-10-12 00:47:24'),
(232, 'ut', 29, '2021-10-12 00:47:24', '2021-10-12 00:47:24'),
(233, 'aut', 30, '2021-10-12 00:47:24', '2021-10-12 00:47:24'),
(234, 'blanditiis', 30, '2021-10-12 00:47:24', '2021-10-12 00:47:24'),
(235, 'id', 30, '2021-10-12 00:47:24', '2021-10-12 00:47:24'),
(236, 'possimus', 30, '2021-10-12 00:47:24', '2021-10-12 00:47:24'),
(237, 'error', 30, '2021-10-12 00:47:24', '2021-10-12 00:47:24'),
(238, 'quo', 30, '2021-10-12 00:47:24', '2021-10-12 00:47:24'),
(239, 'quaerat', 30, '2021-10-12 00:47:24', '2021-10-12 00:47:24'),
(240, 'autem', 30, '2021-10-12 00:47:24', '2021-10-12 00:47:24'),
(241, 'reprehenderit', 31, '2021-10-12 00:47:24', '2021-10-12 00:47:24'),
(242, 'et', 31, '2021-10-12 00:47:24', '2021-10-12 00:47:24'),
(243, 'et', 31, '2021-10-12 00:47:24', '2021-10-12 00:47:24'),
(244, 'magnam', 31, '2021-10-12 00:47:24', '2021-10-12 00:47:24'),
(245, 'voluptas', 31, '2021-10-12 00:47:24', '2021-10-12 00:47:24'),
(246, 'praesentium', 31, '2021-10-12 00:47:24', '2021-10-12 00:47:24'),
(247, 'veniam', 31, '2021-10-12 00:47:24', '2021-10-12 00:47:24'),
(248, 'voluptatem', 31, '2021-10-12 00:47:24', '2021-10-12 00:47:24'),
(249, 'quasi', 32, '2021-10-12 00:47:24', '2021-10-12 00:47:24'),
(250, 'assumenda', 32, '2021-10-12 00:47:24', '2021-10-12 00:47:24'),
(251, 'omnis', 32, '2021-10-12 00:47:24', '2021-10-12 00:47:24'),
(252, 'magnam', 32, '2021-10-12 00:47:24', '2021-10-12 00:47:24'),
(253, 'impedit', 32, '2021-10-12 00:47:24', '2021-10-12 00:47:24'),
(254, 'sit', 32, '2021-10-12 00:47:24', '2021-10-12 00:47:24'),
(255, 'repellat', 32, '2021-10-12 00:47:24', '2021-10-12 00:47:24'),
(256, 'iusto', 32, '2021-10-12 00:47:24', '2021-10-12 00:47:24'),
(257, 'et', 33, '2021-10-12 00:47:24', '2021-10-12 00:47:24'),
(258, 'autem', 33, '2021-10-12 00:47:24', '2021-10-12 00:47:24'),
(259, 'nam', 33, '2021-10-12 00:47:24', '2021-10-12 00:47:24'),
(260, 'quas', 33, '2021-10-12 00:47:24', '2021-10-12 00:47:24'),
(261, 'consequatur', 33, '2021-10-12 00:47:24', '2021-10-12 00:47:24'),
(262, 'in', 33, '2021-10-12 00:47:24', '2021-10-12 00:47:24'),
(263, 'dolores', 33, '2021-10-12 00:47:24', '2021-10-12 00:47:24'),
(264, 'dolor', 33, '2021-10-12 00:47:24', '2021-10-12 00:47:24'),
(265, 'minus', 34, '2021-10-12 00:47:24', '2021-10-12 00:47:24'),
(266, 'voluptatem', 34, '2021-10-12 00:47:24', '2021-10-12 00:47:24'),
(267, 'et', 34, '2021-10-12 00:47:24', '2021-10-12 00:47:24'),
(268, 'accusantium', 34, '2021-10-12 00:47:24', '2021-10-12 00:47:24'),
(269, 'natus', 34, '2021-10-12 00:47:24', '2021-10-12 00:47:24'),
(270, 'labore', 34, '2021-10-12 00:47:24', '2021-10-12 00:47:24'),
(271, 'iste', 34, '2021-10-12 00:47:24', '2021-10-12 00:47:24'),
(272, 'voluptatem', 34, '2021-10-12 00:47:24', '2021-10-12 00:47:24'),
(273, 'ut', 35, '2021-10-12 00:47:24', '2021-10-12 00:47:24'),
(274, 'rem', 35, '2021-10-12 00:47:24', '2021-10-12 00:47:24'),
(275, 'voluptatem', 35, '2021-10-12 00:47:24', '2021-10-12 00:47:24'),
(276, 'ratione', 35, '2021-10-12 00:47:24', '2021-10-12 00:47:24'),
(277, 'sed', 35, '2021-10-12 00:47:24', '2021-10-12 00:47:24'),
(278, 'voluptatem', 35, '2021-10-12 00:47:24', '2021-10-12 00:47:24'),
(279, 'repudiandae', 35, '2021-10-12 00:47:24', '2021-10-12 00:47:24'),
(280, 'amet', 35, '2021-10-12 00:47:24', '2021-10-12 00:47:24'),
(281, 'modi', 36, '2021-10-12 00:47:24', '2021-10-12 00:47:24'),
(282, 'rerum', 36, '2021-10-12 00:47:24', '2021-10-12 00:47:24'),
(283, 'ducimus', 36, '2021-10-12 00:47:24', '2021-10-12 00:47:24'),
(284, 'earum', 36, '2021-10-12 00:47:24', '2021-10-12 00:47:24'),
(285, 'consectetur', 36, '2021-10-12 00:47:24', '2021-10-12 00:47:24'),
(286, 'aliquam', 36, '2021-10-12 00:47:24', '2021-10-12 00:47:24'),
(287, 'asperiores', 36, '2021-10-12 00:47:24', '2021-10-12 00:47:24'),
(288, 'doloremque', 36, '2021-10-12 00:47:24', '2021-10-12 00:47:24'),
(289, 'hic', 37, '2021-10-12 00:47:24', '2021-10-12 00:47:24'),
(290, 'consectetur', 37, '2021-10-12 00:47:24', '2021-10-12 00:47:24'),
(291, 'voluptatum', 37, '2021-10-12 00:47:24', '2021-10-12 00:47:24'),
(292, 'dolor', 37, '2021-10-12 00:47:24', '2021-10-12 00:47:24'),
(293, 'officiis', 37, '2021-10-12 00:47:24', '2021-10-12 00:47:24'),
(294, 'aspernatur', 37, '2021-10-12 00:47:24', '2021-10-12 00:47:24'),
(295, 'impedit', 37, '2021-10-12 00:47:24', '2021-10-12 00:47:24'),
(296, 'rem', 37, '2021-10-12 00:47:24', '2021-10-12 00:47:24'),
(297, 'est', 38, '2021-10-12 00:47:24', '2021-10-12 00:47:24'),
(298, 'magnam', 38, '2021-10-12 00:47:25', '2021-10-12 00:47:25'),
(299, 'ipsum', 38, '2021-10-12 00:47:25', '2021-10-12 00:47:25'),
(300, 'quia', 38, '2021-10-12 00:47:25', '2021-10-12 00:47:25'),
(301, 'aut', 38, '2021-10-12 00:47:25', '2021-10-12 00:47:25'),
(302, 'minima', 38, '2021-10-12 00:47:25', '2021-10-12 00:47:25'),
(303, 'voluptatem', 38, '2021-10-12 00:47:25', '2021-10-12 00:47:25'),
(304, 'quis', 38, '2021-10-12 00:47:25', '2021-10-12 00:47:25'),
(305, 'natus', 39, '2021-10-12 00:47:25', '2021-10-12 00:47:25'),
(306, 'consequatur', 39, '2021-10-12 00:47:25', '2021-10-12 00:47:25'),
(307, 'reprehenderit', 39, '2021-10-12 00:47:25', '2021-10-12 00:47:25'),
(308, 'ut', 39, '2021-10-12 00:47:25', '2021-10-12 00:47:25'),
(309, 'magni', 39, '2021-10-12 00:47:25', '2021-10-12 00:47:25'),
(310, 'iusto', 39, '2021-10-12 00:47:25', '2021-10-12 00:47:25'),
(311, 'voluptate', 39, '2021-10-12 00:47:25', '2021-10-12 00:47:25'),
(312, 'iste', 39, '2021-10-12 00:47:25', '2021-10-12 00:47:25'),
(313, 'explicabo', 40, '2021-10-12 00:47:25', '2021-10-12 00:47:25'),
(314, 'et', 40, '2021-10-12 00:47:25', '2021-10-12 00:47:25'),
(315, 'soluta', 40, '2021-10-12 00:47:25', '2021-10-12 00:47:25'),
(316, 'quo', 40, '2021-10-12 00:47:25', '2021-10-12 00:47:25'),
(317, 'sit', 40, '2021-10-12 00:47:25', '2021-10-12 00:47:25'),
(318, 'illum', 40, '2021-10-12 00:47:25', '2021-10-12 00:47:25'),
(319, 'quam', 40, '2021-10-12 00:47:25', '2021-10-12 00:47:25'),
(320, 'deleniti', 40, '2021-10-12 00:47:25', '2021-10-12 00:47:25'),
(321, 'sed', 41, '2021-10-12 00:47:25', '2021-10-12 00:47:25'),
(322, 'eaque', 41, '2021-10-12 00:47:25', '2021-10-12 00:47:25'),
(323, 'debitis', 41, '2021-10-12 00:47:25', '2021-10-12 00:47:25'),
(324, 'explicabo', 41, '2021-10-12 00:47:25', '2021-10-12 00:47:25'),
(325, 'voluptatum', 41, '2021-10-12 00:47:25', '2021-10-12 00:47:25'),
(326, 'dignissimos', 41, '2021-10-12 00:47:25', '2021-10-12 00:47:25'),
(327, 'amet', 41, '2021-10-12 00:47:25', '2021-10-12 00:47:25'),
(328, 'cum', 41, '2021-10-12 00:47:25', '2021-10-12 00:47:25'),
(329, 'rerum', 42, '2021-10-12 00:47:25', '2021-10-12 00:47:25'),
(330, 'nesciunt', 42, '2021-10-12 00:47:25', '2021-10-12 00:47:25'),
(331, 'dolore', 42, '2021-10-12 00:47:25', '2021-10-12 00:47:25'),
(332, 'eveniet', 42, '2021-10-12 00:47:25', '2021-10-12 00:47:25'),
(333, 'dolor', 42, '2021-10-12 00:47:25', '2021-10-12 00:47:25'),
(334, 'culpa', 42, '2021-10-12 00:47:25', '2021-10-12 00:47:25'),
(335, 'quibusdam', 42, '2021-10-12 00:47:25', '2021-10-12 00:47:25'),
(336, 'rem', 42, '2021-10-12 00:47:25', '2021-10-12 00:47:25'),
(337, 'voluptate', 43, '2021-10-12 00:47:25', '2021-10-12 00:47:25'),
(338, 'error', 43, '2021-10-12 00:47:25', '2021-10-12 00:47:25'),
(339, 'amet', 43, '2021-10-12 00:47:25', '2021-10-12 00:47:25'),
(340, 'quam', 43, '2021-10-12 00:47:25', '2021-10-12 00:47:25'),
(341, 'quia', 43, '2021-10-12 00:47:25', '2021-10-12 00:47:25'),
(342, 'voluptas', 43, '2021-10-12 00:47:25', '2021-10-12 00:47:25'),
(343, 'facilis', 43, '2021-10-12 00:47:25', '2021-10-12 00:47:25'),
(344, 'quibusdam', 43, '2021-10-12 00:47:25', '2021-10-12 00:47:25'),
(345, 'dolorum', 44, '2021-10-12 00:47:25', '2021-10-12 00:47:25'),
(346, 'repellat', 44, '2021-10-12 00:47:25', '2021-10-12 00:47:25'),
(347, 'ad', 44, '2021-10-12 00:47:25', '2021-10-12 00:47:25'),
(348, 'dolorum', 44, '2021-10-12 00:47:25', '2021-10-12 00:47:25'),
(349, 'repellat', 44, '2021-10-12 00:47:25', '2021-10-12 00:47:25'),
(350, 'debitis', 44, '2021-10-12 00:47:25', '2021-10-12 00:47:25'),
(351, 'impedit', 44, '2021-10-12 00:47:25', '2021-10-12 00:47:25'),
(352, 'incidunt', 44, '2021-10-12 00:47:25', '2021-10-12 00:47:25'),
(353, 'alias', 45, '2021-10-12 00:47:25', '2021-10-12 00:47:25'),
(354, 'voluptate', 45, '2021-10-12 00:47:25', '2021-10-12 00:47:25'),
(355, 'voluptates', 45, '2021-10-12 00:47:25', '2021-10-12 00:47:25'),
(356, 'aut', 45, '2021-10-12 00:47:25', '2021-10-12 00:47:25'),
(357, 'nam', 45, '2021-10-12 00:47:25', '2021-10-12 00:47:25'),
(358, 'sapiente', 45, '2021-10-12 00:47:25', '2021-10-12 00:47:25'),
(359, 'et', 45, '2021-10-12 00:47:25', '2021-10-12 00:47:25'),
(360, 'nulla', 45, '2021-10-12 00:47:25', '2021-10-12 00:47:25'),
(361, 'et', 46, '2021-10-12 00:47:25', '2021-10-12 00:47:25'),
(362, 'atque', 46, '2021-10-12 00:47:25', '2021-10-12 00:47:25'),
(363, 'quisquam', 46, '2021-10-12 00:47:25', '2021-10-12 00:47:25'),
(364, 'a', 46, '2021-10-12 00:47:25', '2021-10-12 00:47:25'),
(365, 'consequatur', 46, '2021-10-12 00:47:25', '2021-10-12 00:47:25'),
(366, 'ut', 46, '2021-10-12 00:47:25', '2021-10-12 00:47:25'),
(367, 'quia', 46, '2021-10-12 00:47:25', '2021-10-12 00:47:25'),
(368, 'amet', 46, '2021-10-12 00:47:25', '2021-10-12 00:47:25'),
(369, 'natus', 47, '2021-10-12 00:47:25', '2021-10-12 00:47:25'),
(370, 'eos', 47, '2021-10-12 00:47:25', '2021-10-12 00:47:25'),
(371, 'dolores', 47, '2021-10-12 00:47:25', '2021-10-12 00:47:25'),
(372, 'id', 47, '2021-10-12 00:47:25', '2021-10-12 00:47:25'),
(373, 'qui', 47, '2021-10-12 00:47:25', '2021-10-12 00:47:25'),
(374, 'laudantium', 47, '2021-10-12 00:47:25', '2021-10-12 00:47:25'),
(375, 'officiis', 47, '2021-10-12 00:47:25', '2021-10-12 00:47:25'),
(376, 'ab', 47, '2021-10-12 00:47:25', '2021-10-12 00:47:25'),
(377, 'mollitia', 48, '2021-10-12 00:47:25', '2021-10-12 00:47:25'),
(378, 'esse', 48, '2021-10-12 00:47:25', '2021-10-12 00:47:25'),
(379, 'repudiandae', 48, '2021-10-12 00:47:25', '2021-10-12 00:47:25'),
(380, 'deserunt', 48, '2021-10-12 00:47:25', '2021-10-12 00:47:25'),
(381, 'ut', 48, '2021-10-12 00:47:25', '2021-10-12 00:47:25'),
(382, 'autem', 48, '2021-10-12 00:47:25', '2021-10-12 00:47:25'),
(383, 'magni', 48, '2021-10-12 00:47:25', '2021-10-12 00:47:25'),
(384, 'explicabo', 48, '2021-10-12 00:47:25', '2021-10-12 00:47:25'),
(385, 'non', 49, '2021-10-12 00:47:25', '2021-10-12 00:47:25'),
(386, 'provident', 49, '2021-10-12 00:47:25', '2021-10-12 00:47:25'),
(387, 'est', 49, '2021-10-12 00:47:25', '2021-10-12 00:47:25'),
(388, 'qui', 49, '2021-10-12 00:47:25', '2021-10-12 00:47:25'),
(389, 'neque', 49, '2021-10-12 00:47:25', '2021-10-12 00:47:25'),
(390, 'aliquam', 49, '2021-10-12 00:47:25', '2021-10-12 00:47:25'),
(391, 'sunt', 49, '2021-10-12 00:47:25', '2021-10-12 00:47:25'),
(392, 'earum', 49, '2021-10-12 00:47:25', '2021-10-12 00:47:25'),
(393, 'qui', 50, '2021-10-12 00:47:25', '2021-10-12 00:47:25'),
(394, 'itaque', 50, '2021-10-12 00:47:25', '2021-10-12 00:47:25'),
(395, 'perspiciatis', 50, '2021-10-12 00:47:25', '2021-10-12 00:47:25'),
(396, 'possimus', 50, '2021-10-12 00:47:25', '2021-10-12 00:47:25'),
(397, 'magnam', 50, '2021-10-12 00:47:25', '2021-10-12 00:47:25'),
(398, 'blanditiis', 50, '2021-10-12 00:47:25', '2021-10-12 00:47:25'),
(399, 'eius', 50, '2021-10-12 00:47:25', '2021-10-12 00:47:25'),
(400, 'possimus', 50, '2021-10-12 00:47:25', '2021-10-12 00:47:25'),
(401, 'perferendis', 51, '2021-10-12 00:47:25', '2021-10-12 00:47:25'),
(402, 'quia', 51, '2021-10-12 00:47:25', '2021-10-12 00:47:25'),
(403, 'laudantium', 51, '2021-10-12 00:47:25', '2021-10-12 00:47:25'),
(404, 'ut', 51, '2021-10-12 00:47:25', '2021-10-12 00:47:25'),
(405, 'ad', 51, '2021-10-12 00:47:25', '2021-10-12 00:47:25'),
(406, 'blanditiis', 51, '2021-10-12 00:47:25', '2021-10-12 00:47:25'),
(407, 'illo', 51, '2021-10-12 00:47:25', '2021-10-12 00:47:25'),
(408, 'vel', 51, '2021-10-12 00:47:25', '2021-10-12 00:47:25'),
(409, 'aut', 52, '2021-10-12 00:47:25', '2021-10-12 00:47:25'),
(410, 'est', 52, '2021-10-12 00:47:25', '2021-10-12 00:47:25'),
(411, 'deserunt', 52, '2021-10-12 00:47:25', '2021-10-12 00:47:25'),
(412, 'sapiente', 52, '2021-10-12 00:47:25', '2021-10-12 00:47:25'),
(413, 'voluptatem', 52, '2021-10-12 00:47:25', '2021-10-12 00:47:25'),
(414, 'et', 52, '2021-10-12 00:47:25', '2021-10-12 00:47:25'),
(415, 'est', 52, '2021-10-12 00:47:25', '2021-10-12 00:47:25'),
(416, 'voluptas', 52, '2021-10-12 00:47:25', '2021-10-12 00:47:25'),
(417, 'molestias', 53, '2021-10-12 00:47:25', '2021-10-12 00:47:25'),
(418, 'et', 53, '2021-10-12 00:47:25', '2021-10-12 00:47:25'),
(419, 'placeat', 53, '2021-10-12 00:47:25', '2021-10-12 00:47:25'),
(420, 'odio', 53, '2021-10-12 00:47:25', '2021-10-12 00:47:25'),
(421, 'unde', 53, '2021-10-12 00:47:25', '2021-10-12 00:47:25'),
(422, 'consequatur', 53, '2021-10-12 00:47:25', '2021-10-12 00:47:25'),
(423, 'laborum', 53, '2021-10-12 00:47:25', '2021-10-12 00:47:25'),
(424, 'consectetur', 53, '2021-10-12 00:47:25', '2021-10-12 00:47:25'),
(425, 'eum', 54, '2021-10-12 00:47:25', '2021-10-12 00:47:25'),
(426, 'quaerat', 54, '2021-10-12 00:47:25', '2021-10-12 00:47:25'),
(427, 'aut', 54, '2021-10-12 00:47:25', '2021-10-12 00:47:25'),
(428, 'eos', 54, '2021-10-12 00:47:25', '2021-10-12 00:47:25'),
(429, 'et', 54, '2021-10-12 00:47:25', '2021-10-12 00:47:25'),
(430, 'quis', 54, '2021-10-12 00:47:25', '2021-10-12 00:47:25'),
(431, 'beatae', 54, '2021-10-12 00:47:25', '2021-10-12 00:47:25'),
(432, 'quibusdam', 54, '2021-10-12 00:47:25', '2021-10-12 00:47:25'),
(433, 'velit', 55, '2021-10-12 00:47:25', '2021-10-12 00:47:25'),
(434, 'quos', 55, '2021-10-12 00:47:25', '2021-10-12 00:47:25'),
(435, 'eum', 55, '2021-10-12 00:47:25', '2021-10-12 00:47:25'),
(436, 'qui', 55, '2021-10-12 00:47:25', '2021-10-12 00:47:25'),
(437, 'aut', 55, '2021-10-12 00:47:25', '2021-10-12 00:47:25'),
(438, 'culpa', 55, '2021-10-12 00:47:25', '2021-10-12 00:47:25'),
(439, 'nisi', 55, '2021-10-12 00:47:25', '2021-10-12 00:47:25'),
(440, 'mollitia', 55, '2021-10-12 00:47:25', '2021-10-12 00:47:25'),
(441, 'labore', 56, '2021-10-12 00:47:25', '2021-10-12 00:47:25'),
(442, 'perspiciatis', 56, '2021-10-12 00:47:25', '2021-10-12 00:47:25'),
(443, 'eos', 56, '2021-10-12 00:47:25', '2021-10-12 00:47:25'),
(444, 'ea', 56, '2021-10-12 00:47:25', '2021-10-12 00:47:25'),
(445, 'modi', 56, '2021-10-12 00:47:25', '2021-10-12 00:47:25'),
(446, 'repellendus', 56, '2021-10-12 00:47:25', '2021-10-12 00:47:25'),
(447, 'debitis', 56, '2021-10-12 00:47:25', '2021-10-12 00:47:25'),
(448, 'aspernatur', 56, '2021-10-12 00:47:25', '2021-10-12 00:47:25'),
(449, 'quaerat', 57, '2021-10-12 00:47:25', '2021-10-12 00:47:25'),
(450, 'sit', 57, '2021-10-12 00:47:25', '2021-10-12 00:47:25'),
(451, 'in', 57, '2021-10-12 00:47:25', '2021-10-12 00:47:25'),
(452, 'omnis', 57, '2021-10-12 00:47:25', '2021-10-12 00:47:25'),
(453, 'molestias', 57, '2021-10-12 00:47:25', '2021-10-12 00:47:25'),
(454, 'occaecati', 57, '2021-10-12 00:47:25', '2021-10-12 00:47:25'),
(455, 'autem', 57, '2021-10-12 00:47:25', '2021-10-12 00:47:25'),
(456, 'placeat', 57, '2021-10-12 00:47:25', '2021-10-12 00:47:25'),
(457, 'quasi', 58, '2021-10-12 00:47:25', '2021-10-12 00:47:25'),
(458, 'ipsam', 58, '2021-10-12 00:47:25', '2021-10-12 00:47:25'),
(459, 'facere', 58, '2021-10-12 00:47:25', '2021-10-12 00:47:25'),
(460, 'facere', 58, '2021-10-12 00:47:25', '2021-10-12 00:47:25'),
(461, 'ad', 58, '2021-10-12 00:47:25', '2021-10-12 00:47:25'),
(462, 'provident', 58, '2021-10-12 00:47:25', '2021-10-12 00:47:25'),
(463, 'dolores', 58, '2021-10-12 00:47:25', '2021-10-12 00:47:25'),
(464, 'enim', 58, '2021-10-12 00:47:25', '2021-10-12 00:47:25'),
(465, 'modi', 59, '2021-10-12 00:47:25', '2021-10-12 00:47:25'),
(466, 'esse', 59, '2021-10-12 00:47:25', '2021-10-12 00:47:25'),
(467, 'rerum', 59, '2021-10-12 00:47:25', '2021-10-12 00:47:25'),
(468, 'quo', 59, '2021-10-12 00:47:25', '2021-10-12 00:47:25'),
(469, 'recusandae', 59, '2021-10-12 00:47:25', '2021-10-12 00:47:25'),
(470, 'quam', 59, '2021-10-12 00:47:25', '2021-10-12 00:47:25'),
(471, 'in', 59, '2021-10-12 00:47:25', '2021-10-12 00:47:25'),
(472, 'qui', 59, '2021-10-12 00:47:25', '2021-10-12 00:47:25'),
(473, 'et', 60, '2021-10-12 00:47:25', '2021-10-12 00:47:25'),
(474, 'quia', 60, '2021-10-12 00:47:25', '2021-10-12 00:47:25'),
(475, 'consequuntur', 60, '2021-10-12 00:47:25', '2021-10-12 00:47:25'),
(476, 'velit', 60, '2021-10-12 00:47:25', '2021-10-12 00:47:25'),
(477, 'blanditiis', 60, '2021-10-12 00:47:25', '2021-10-12 00:47:25'),
(478, 'ex', 60, '2021-10-12 00:47:25', '2021-10-12 00:47:25'),
(479, 'quasi', 60, '2021-10-12 00:47:25', '2021-10-12 00:47:25'),
(480, 'dolores', 60, '2021-10-12 00:47:25', '2021-10-12 00:47:25'),
(481, 'at', 61, '2021-10-12 00:47:25', '2021-10-12 00:47:25'),
(482, 'officia', 61, '2021-10-12 00:47:25', '2021-10-12 00:47:25'),
(483, 'necessitatibus', 61, '2021-10-12 00:47:25', '2021-10-12 00:47:25'),
(484, 'cum', 61, '2021-10-12 00:47:25', '2021-10-12 00:47:25'),
(485, 'quia', 61, '2021-10-12 00:47:25', '2021-10-12 00:47:25'),
(486, 'numquam', 61, '2021-10-12 00:47:25', '2021-10-12 00:47:25'),
(487, 'id', 61, '2021-10-12 00:47:25', '2021-10-12 00:47:25'),
(488, 'quis', 61, '2021-10-12 00:47:25', '2021-10-12 00:47:25'),
(489, 'est', 62, '2021-10-12 00:47:25', '2021-10-12 00:47:25'),
(490, 'quas', 62, '2021-10-12 00:47:25', '2021-10-12 00:47:25'),
(491, 'voluptatem', 62, '2021-10-12 00:47:25', '2021-10-12 00:47:25'),
(492, 'eveniet', 62, '2021-10-12 00:47:25', '2021-10-12 00:47:25'),
(493, 'mollitia', 62, '2021-10-12 00:47:25', '2021-10-12 00:47:25'),
(494, 'asperiores', 62, '2021-10-12 00:47:25', '2021-10-12 00:47:25'),
(495, 'quibusdam', 62, '2021-10-12 00:47:25', '2021-10-12 00:47:25'),
(496, 'porro', 62, '2021-10-12 00:47:25', '2021-10-12 00:47:25'),
(497, 'dolorem', 63, '2021-10-12 00:47:25', '2021-10-12 00:47:25'),
(498, 'repellendus', 63, '2021-10-12 00:47:25', '2021-10-12 00:47:25'),
(499, 'deleniti', 63, '2021-10-12 00:47:25', '2021-10-12 00:47:25'),
(500, 'ipsa', 63, '2021-10-12 00:47:25', '2021-10-12 00:47:25'),
(501, 'tempore', 63, '2021-10-12 00:47:25', '2021-10-12 00:47:25'),
(502, 'natus', 63, '2021-10-12 00:47:25', '2021-10-12 00:47:25'),
(503, 'beatae', 63, '2021-10-12 00:47:25', '2021-10-12 00:47:25'),
(504, 'ut', 63, '2021-10-12 00:47:25', '2021-10-12 00:47:25'),
(505, 'voluptatibus', 64, '2021-10-12 00:47:25', '2021-10-12 00:47:25'),
(506, 'iusto', 64, '2021-10-12 00:47:25', '2021-10-12 00:47:25'),
(507, 'quo', 64, '2021-10-12 00:47:25', '2021-10-12 00:47:25'),
(508, 'accusamus', 64, '2021-10-12 00:47:25', '2021-10-12 00:47:25'),
(509, 'beatae', 64, '2021-10-12 00:47:25', '2021-10-12 00:47:25'),
(510, 'alias', 64, '2021-10-12 00:47:25', '2021-10-12 00:47:25'),
(511, 'quasi', 64, '2021-10-12 00:47:25', '2021-10-12 00:47:25'),
(512, 'molestiae', 64, '2021-10-12 00:47:25', '2021-10-12 00:47:25');

-- --------------------------------------------------------

--
-- Estructura de tabla para la tabla `failed_jobs`
--

CREATE TABLE `failed_jobs` (
  `id` bigint(20) UNSIGNED NOT NULL,
  `uuid` varchar(255) COLLATE utf8mb4_unicode_ci NOT NULL,
  `connection` text COLLATE utf8mb4_unicode_ci NOT NULL,
  `queue` text COLLATE utf8mb4_unicode_ci NOT NULL,
  `payload` longtext COLLATE utf8mb4_unicode_ci NOT NULL,
  `exception` longtext COLLATE utf8mb4_unicode_ci NOT NULL,
  `failed_at` timestamp NOT NULL DEFAULT current_timestamp()
) ENGINE=InnoDB DEFAULT CHARSET=utf8mb4 COLLATE=utf8mb4_unicode_ci;

-- --------------------------------------------------------

--
-- Estructura de tabla para la tabla `images`
--

CREATE TABLE `images` (
  `id` bigint(20) UNSIGNED NOT NULL,
  `url` varchar(255) COLLATE utf8mb4_unicode_ci NOT NULL,
  `imageable_id` bigint(20) UNSIGNED NOT NULL,
  `imageable_type` varchar(255) COLLATE utf8mb4_unicode_ci NOT NULL,
  `created_at` timestamp NULL DEFAULT NULL,
  `updated_at` timestamp NULL DEFAULT NULL
) ENGINE=InnoDB DEFAULT CHARSET=utf8mb4 COLLATE=utf8mb4_unicode_ci;

--
-- Volcado de datos para la tabla `images`
--

INSERT INTO `images` (`id`, `url`, `imageable_id`, `imageable_type`, `created_at`, `updated_at`) VALUES
(1, 'products/974720e446004a7a6c44e88387d9f4be.png', 1, 'App\\Models\\Product', '2021-10-12 00:47:07', '2021-10-12 00:47:07'),
(2, 'products/421838df13c55696bd2cb3b1327bbb4f.png', 1, 'App\\Models\\Product', '2021-10-12 00:47:07', '2021-10-12 00:47:07'),
(3, 'products/479ff120958815ce4838e51bb08a04a9.png', 2, 'App\\Models\\Product', '2021-10-12 00:47:07', '2021-10-12 00:47:07'),
(4, 'products/ad011da52fcbee34bba8e578812bfd3e.png', 2, 'App\\Models\\Product', '2021-10-12 00:47:07', '2021-10-12 00:47:07'),
(5, 'products/a936507d2bdcd5efff9d9dcece474e29.png', 3, 'App\\Models\\Product', '2021-10-12 00:47:08', '2021-10-12 00:47:08'),
(6, 'products/0b91104fbae503c402024ac2e206796e.png', 3, 'App\\Models\\Product', '2021-10-12 00:47:08', '2021-10-12 00:47:08'),
(7, 'products/465ed0c9da36e0befa6b7a3bcb6f309d.png', 4, 'App\\Models\\Product', '2021-10-12 00:47:09', '2021-10-12 00:47:09'),
(8, 'products/53e6ba632f6d2aba17bd234e06d5691d.png', 4, 'App\\Models\\Product', '2021-10-12 00:47:09', '2021-10-12 00:47:09'),
(9, 'products/0a047b84f348dc64bfd6bfc5a646b05b.png', 5, 'App\\Models\\Product', '2021-10-12 00:47:09', '2021-10-12 00:47:09'),
(10, 'products/11b92be4ace34ac0b9a615e66757744a.png', 5, 'App\\Models\\Product', '2021-10-12 00:47:09', '2021-10-12 00:47:09'),
(11, 'products/fa2f5d22aabb7cdb5c23ec81624a6ca5.png', 6, 'App\\Models\\Product', '2021-10-12 00:47:09', '2021-10-12 00:47:09'),
(12, 'products/b2f5dbe4ec8c86dc6c2d62d93d698418.png', 6, 'App\\Models\\Product', '2021-10-12 00:47:09', '2021-10-12 00:47:09'),
(13, 'products/7c73fbb237d717bd269d254c5397b864.png', 7, 'App\\Models\\Product', '2021-10-12 00:47:09', '2021-10-12 00:47:09'),
(14, 'products/7bcdffa1436478340d00159ebfa603ea.png', 7, 'App\\Models\\Product', '2021-10-12 00:47:09', '2021-10-12 00:47:09'),
(15, 'products/9b4f69de2cdee678826f65e5991f4eb3.png', 8, 'App\\Models\\Product', '2021-10-12 00:47:10', '2021-10-12 00:47:10'),
(16, 'products/c703376ae0fed04cdc4fd5ef850feaa3.png', 8, 'App\\Models\\Product', '2021-10-12 00:47:10', '2021-10-12 00:47:10'),
(17, 'products/b9bb1b2d2cb30cec1bac76d0e8f24add.png', 9, 'App\\Models\\Product', '2021-10-12 00:47:10', '2021-10-12 00:47:10'),
(18, 'products/c651108f37a189d7d5e83515918c4274.png', 9, 'App\\Models\\Product', '2021-10-12 00:47:10', '2021-10-12 00:47:10'),
(19, 'products/a867ac4c5f14bf27c8cd03065cde99a7.png', 10, 'App\\Models\\Product', '2021-10-12 00:47:10', '2021-10-12 00:47:10'),
(20, 'products/049f3651a2c4962355b220cbab4f23e6.png', 10, 'App\\Models\\Product', '2021-10-12 00:47:10', '2021-10-12 00:47:10'),
(21, 'products/428fc6d8a3ff678fee216ff3905ece72.png', 11, 'App\\Models\\Product', '2021-10-12 00:47:11', '2021-10-12 00:47:11'),
(22, 'products/f5f9d239e97ba65eb60d232a410a4486.png', 11, 'App\\Models\\Product', '2021-10-12 00:47:11', '2021-10-12 00:47:11'),
(23, 'products/de36135f1b359303e41c6f801e313d69.png', 12, 'App\\Models\\Product', '2021-10-12 00:47:11', '2021-10-12 00:47:11'),
(24, 'products/318e5edda716f8133eabcf2bac37f6dc.png', 12, 'App\\Models\\Product', '2021-10-12 00:47:11', '2021-10-12 00:47:11'),
(25, 'products/1d876768802beaeb4dfe24cee9a3b1e8.png', 13, 'App\\Models\\Product', '2021-10-12 00:47:11', '2021-10-12 00:47:11'),
(26, 'products/5c928333648cb464c17249eb76a93879.png', 13, 'App\\Models\\Product', '2021-10-12 00:47:11', '2021-10-12 00:47:11'),
(27, 'products/dfb684f125552a53ccda2f3617929f22.png', 14, 'App\\Models\\Product', '2021-10-12 00:47:12', '2021-10-12 00:47:12'),
(28, 'products/aa9753526031fad933b7b7c5db4f9197.png', 14, 'App\\Models\\Product', '2021-10-12 00:47:12', '2021-10-12 00:47:12'),
(29, 'products/e037798c0a445d4da5ff8af3b476631c.png', 15, 'App\\Models\\Product', '2021-10-12 00:47:12', '2021-10-12 00:47:12'),
(30, 'products/1a942fca933765d71b4d50b5c9e9c0b5.png', 15, 'App\\Models\\Product', '2021-10-12 00:47:12', '2021-10-12 00:47:12'),
(31, 'products/3f6807d129f9e3b019cd023b93a8eb5d.png', 16, 'App\\Models\\Product', '2021-10-12 00:47:13', '2021-10-12 00:47:13'),
(32, 'products/b707e33e4480b467e4cac8fe0977d607.png', 16, 'App\\Models\\Product', '2021-10-12 00:47:13', '2021-10-12 00:47:13'),
(33, 'products/f16d95e6a040a8b838b39bfbebc7a52a.png', 17, 'App\\Models\\Product', '2021-10-12 00:47:13', '2021-10-12 00:47:13'),
(34, 'products/6cee6df5b4de956de407b1c2a69faf56.png', 17, 'App\\Models\\Product', '2021-10-12 00:47:13', '2021-10-12 00:47:13'),
(35, 'products/6d91c4e64b87f588139f04cbbe2d596c.png', 18, 'App\\Models\\Product', '2021-10-12 00:47:14', '2021-10-12 00:47:14'),
(36, 'products/d9cb4066a1f480f4fe5afd1b5a70099b.png', 18, 'App\\Models\\Product', '2021-10-12 00:47:14', '2021-10-12 00:47:14'),
(37, 'products/619759dee42e20c003573882c1c3f17a.png', 19, 'App\\Models\\Product', '2021-10-12 00:47:14', '2021-10-12 00:47:14'),
(38, 'products/9245c3341768a61970cc712ce98251bd.png', 19, 'App\\Models\\Product', '2021-10-12 00:47:14', '2021-10-12 00:47:14'),
(39, 'products/c6c3a57a7165b47b2557dad4c76e313a.png', 20, 'App\\Models\\Product', '2021-10-12 00:47:15', '2021-10-12 00:47:15'),
(40, 'products/2e32ca2b6dfd6038fb5fea59e70cf844.png', 20, 'App\\Models\\Product', '2021-10-12 00:47:15', '2021-10-12 00:47:15'),
(41, 'products/d1f669f09f8afd5a7125aa9db60126ba.png', 21, 'App\\Models\\Product', '2021-10-12 00:47:15', '2021-10-12 00:47:15'),
(42, 'products/296fdeb5fc5491d5948f59e36f0b1acf.png', 21, 'App\\Models\\Product', '2021-10-12 00:47:15', '2021-10-12 00:47:15'),
(43, 'products/d34c9b0cfa1e82de784a04d57f0b3707.png', 22, 'App\\Models\\Product', '2021-10-12 00:47:15', '2021-10-12 00:47:15'),
(44, 'products/8804a1521ee4f3f06359d9848cf384db.png', 22, 'App\\Models\\Product', '2021-10-12 00:47:15', '2021-10-12 00:47:15'),
(45, 'products/10c02293073661e27cae974a5c9d9d44.png', 23, 'App\\Models\\Product', '2021-10-12 00:47:16', '2021-10-12 00:47:16'),
(46, 'products/cb06cc787880d420fca272d34a1edec2.png', 23, 'App\\Models\\Product', '2021-10-12 00:47:16', '2021-10-12 00:47:16'),
(47, 'products/d37dc8cb0ae736cd12764bdc95817307.png', 24, 'App\\Models\\Product', '2021-10-12 00:47:16', '2021-10-12 00:47:16'),
(48, 'products/51c6f927f7d5648c5f6e1a9891acd83b.png', 24, 'App\\Models\\Product', '2021-10-12 00:47:16', '2021-10-12 00:47:16'),
(49, 'products/667c080e1f66d53cbefe5b50daddd45b.png', 25, 'App\\Models\\Product', '2021-10-12 00:47:16', '2021-10-12 00:47:16'),
(50, 'products/d359f9bebdeee12c8119c05795587041.png', 25, 'App\\Models\\Product', '2021-10-12 00:47:16', '2021-10-12 00:47:16'),
(51, 'products/bda41e1eb11860dd5e0604ab7428e7d6.png', 26, 'App\\Models\\Product', '2021-10-12 00:47:17', '2021-10-12 00:47:17'),
(52, 'products/f6670bcdaeb518c86cd93bfdf60c985f.png', 26, 'App\\Models\\Product', '2021-10-12 00:47:17', '2021-10-12 00:47:17'),
(53, 'products/32877f5dde9800ba35654171a62feb1e.png', 27, 'App\\Models\\Product', '2021-10-12 00:47:17', '2021-10-12 00:47:17'),
(54, 'products/cef5adb745aa381ba7febbfb3f18fdcc.png', 27, 'App\\Models\\Product', '2021-10-12 00:47:17', '2021-10-12 00:47:17'),
(55, 'products/35001588b402081adbee72d332190fc6.png', 28, 'App\\Models\\Product', '2021-10-12 00:47:17', '2021-10-12 00:47:17'),
(56, 'products/96c2fb89a0b0b721d05ba00e68690b55.png', 28, 'App\\Models\\Product', '2021-10-12 00:47:17', '2021-10-12 00:47:17'),
(57, 'products/bb3a519927cc8fcb09969a24939da1c9.png', 29, 'App\\Models\\Product', '2021-10-12 00:47:17', '2021-10-12 00:47:17'),
(58, 'products/7b0243cc91413e98b4aeee4c68a3d5f5.png', 29, 'App\\Models\\Product', '2021-10-12 00:47:17', '2021-10-12 00:47:17'),
(59, 'products/90398038985dd4d978893c4c36fe3a67.png', 30, 'App\\Models\\Product', '2021-10-12 00:47:18', '2021-10-12 00:47:18'),
(60, 'products/e4e546b51bb6d38bc84578abd5428593.png', 30, 'App\\Models\\Product', '2021-10-12 00:47:18', '2021-10-12 00:47:18'),
(61, 'products/21c3b755cabc96106b9eae0078b1a09b.png', 31, 'App\\Models\\Product', '2021-10-12 00:47:18', '2021-10-12 00:47:18'),
(62, 'products/16c47d3491e34ee38e709f1fda5f74c2.png', 31, 'App\\Models\\Product', '2021-10-12 00:47:18', '2021-10-12 00:47:18'),
(63, 'products/9a5cc4404a1300c637f2d3eec89f6275.png', 32, 'App\\Models\\Product', '2021-10-12 00:47:18', '2021-10-12 00:47:18'),
(64, 'products/bec26bf19034f7787b530413f3fb963e.png', 32, 'App\\Models\\Product', '2021-10-12 00:47:18', '2021-10-12 00:47:18'),
(65, 'products/d9d38aa1d18bef9d719c44c77b185cce.png', 33, 'App\\Models\\Product', '2021-10-12 00:47:19', '2021-10-12 00:47:19'),
(66, 'products/83d3e533263c8f2310743fda01b4ea32.png', 33, 'App\\Models\\Product', '2021-10-12 00:47:19', '2021-10-12 00:47:19'),
(67, 'products/d2ce194306f08c5a55dd480b40ac0550.png', 34, 'App\\Models\\Product', '2021-10-12 00:47:19', '2021-10-12 00:47:19'),
(68, 'products/656d75285a586151b045186b7475a9d9.png', 34, 'App\\Models\\Product', '2021-10-12 00:47:19', '2021-10-12 00:47:19'),
(69, 'products/16f808fdefa537ab0d8d9320f98fc625.png', 35, 'App\\Models\\Product', '2021-10-12 00:47:19', '2021-10-12 00:47:19'),
(70, 'products/90145ba3e88ec845d48316c3d35ea310.png', 35, 'App\\Models\\Product', '2021-10-12 00:47:19', '2021-10-12 00:47:19'),
(71, 'products/210b3b12050a22a178e450804a5577e5.png', 36, 'App\\Models\\Product', '2021-10-12 00:47:19', '2021-10-12 00:47:19'),
(72, 'products/354e6abaa2b1af088157ac211f378024.png', 36, 'App\\Models\\Product', '2021-10-12 00:47:19', '2021-10-12 00:47:19'),
(73, 'products/9166a50ac919dfa8a92e2c41c1ee1794.png', 37, 'App\\Models\\Product', '2021-10-12 00:47:20', '2021-10-12 00:47:20'),
(74, 'products/a49f4eeebab92f6b68fa45c7659c5864.png', 37, 'App\\Models\\Product', '2021-10-12 00:47:20', '2021-10-12 00:47:20'),
(75, 'products/215162ecb54a2a77c00c3bc94f40e168.png', 38, 'App\\Models\\Product', '2021-10-12 00:47:20', '2021-10-12 00:47:20'),
(76, 'products/3bb82b3d4d9a87fe7fc75b15d44ac206.png', 38, 'App\\Models\\Product', '2021-10-12 00:47:20', '2021-10-12 00:47:20'),
(77, 'products/b594a31265c5178715eec22f01f1497f.png', 39, 'App\\Models\\Product', '2021-10-12 00:47:20', '2021-10-12 00:47:20'),
(78, 'products/23ddd08e2fcb8660a25d0dee5e89729e.png', 39, 'App\\Models\\Product', '2021-10-12 00:47:20', '2021-10-12 00:47:20'),
(79, 'products/148d0ccf621c3c7c2f16e69ba1de4fe4.png', 40, 'App\\Models\\Product', '2021-10-12 00:47:21', '2021-10-12 00:47:21'),
(80, 'products/e6d4a4535eb5c09db2273bf0f037e7e3.png', 40, 'App\\Models\\Product', '2021-10-12 00:47:21', '2021-10-12 00:47:21'),
(81, 'products/1318b6ef4d0219f1bc43d6db592a81dd.png', 41, 'App\\Models\\Product', '2021-10-12 00:47:21', '2021-10-12 00:47:21'),
(82, 'products/6957e678f7c1e44f8759283f76149a57.png', 41, 'App\\Models\\Product', '2021-10-12 00:47:21', '2021-10-12 00:47:21'),
(83, 'products/8252ff85faaf86a6b6bbc01f72df0e89.png', 42, 'App\\Models\\Product', '2021-10-12 00:47:21', '2021-10-12 00:47:21'),
(84, 'products/0e0e49c47bf59faeff8781edc8547558.png', 42, 'App\\Models\\Product', '2021-10-12 00:47:21', '2021-10-12 00:47:21'),
(85, 'products/b0080f36f0cff60a5019869c14f6f0cf.png', 43, 'App\\Models\\Product', '2021-10-12 00:47:22', '2021-10-12 00:47:22'),
(86, 'products/f77acce8e008a4f25864c6e0311f47c5.png', 43, 'App\\Models\\Product', '2021-10-12 00:47:22', '2021-10-12 00:47:22'),
(87, 'products/18598e676c73ae58df86b44ea99d1c1a.png', 44, 'App\\Models\\Product', '2021-10-12 00:47:22', '2021-10-12 00:47:22'),
(88, 'products/0835b3f57637d77691cf7edd9284f87d.png', 44, 'App\\Models\\Product', '2021-10-12 00:47:22', '2021-10-12 00:47:22'),
(89, 'products/55f6926ddfa709e12a06ebc872870449.png', 45, 'App\\Models\\Product', '2021-10-12 00:47:22', '2021-10-12 00:47:22'),
(90, 'products/36430d1183da4e70fcb0bc7ee6a32a0b.png', 45, 'App\\Models\\Product', '2021-10-12 00:47:22', '2021-10-12 00:47:22'),
(91, 'products/7e27b05464dab2ceae30d69cf548cb5d.png', 46, 'App\\Models\\Product', '2021-10-12 00:47:23', '2021-10-12 00:47:23'),
(92, 'products/571ad4077baa8c1725292affe43e126b.png', 46, 'App\\Models\\Product', '2021-10-12 00:47:23', '2021-10-12 00:47:23'),
(93, 'products/30fa5c7e6bb1dd6493b1e2e161af817c.png', 47, 'App\\Models\\Product', '2021-10-12 00:47:23', '2021-10-12 00:47:23'),
(94, 'products/b6edaf992908f7911a26f50e56662b42.png', 47, 'App\\Models\\Product', '2021-10-12 00:47:23', '2021-10-12 00:47:23'),
(95, 'products/4fc27fec2394c494bf53b23449341070.png', 48, 'App\\Models\\Product', '2021-10-12 00:47:23', '2021-10-12 00:47:23'),
(96, 'products/93afbf2a1e7da5b92fea324eed455ef7.png', 48, 'App\\Models\\Product', '2021-10-12 00:47:23', '2021-10-12 00:47:23'),
(97, 'products/5357814a5b66ff06e8ed6bd59cb1556d.png', 49, 'App\\Models\\Product', '2021-10-12 00:47:23', '2021-10-12 00:47:23'),
(98, 'products/65008be9f24c876b0ece989bb5fd2b79.png', 49, 'App\\Models\\Product', '2021-10-12 00:47:23', '2021-10-12 00:47:23'),
(99, 'products/5dfef22fbf132fef1a3b69b80725a735.png', 50, 'App\\Models\\Product', '2021-10-12 00:47:24', '2021-10-12 00:47:24'),
(100, 'products/5abbfc6f2840ab634c543343d4f0372f.png', 50, 'App\\Models\\Product', '2021-10-12 00:47:24', '2021-10-12 00:47:24'),
(111, 'images/admin/products/1520211011230736.png', 55, 'App\\Models\\Product', '2021-10-11 23:07:36', '2021-10-11 23:07:36'),
(112, 'images/admin/products/5220211011230736.png', 55, 'App\\Models\\Product', '2021-10-11 23:07:36', '2021-10-11 23:07:36'),
(113, 'images/admin/products/5420211011230736.png', 55, 'App\\Models\\Product', '2021-10-11 23:07:36', '2021-10-11 23:07:36'),
(115, 'images/admin/products/2120211012145449.png', 3, 'App\\Models\\Product', '2021-10-12 14:54:49', '2021-10-12 14:54:49'),
(116, 'images/admin/products/5320211012145449.png', 3, 'App\\Models\\Product', '2021-10-12 14:54:49', '2021-10-12 14:54:49'),
(117, 'images/admin/products/1720211012145450.PNG', 3, 'App\\Models\\Product', '2021-10-12 14:54:50', '2021-10-12 14:54:50'),
(122, 'images/admin/products/3420211012173216.jpg', 63, 'App\\Models\\Product', '2021-10-12 17:32:16', '2021-10-12 17:32:16'),
(123, 'images/admin/products/6420211012173216.jpg', 63, 'App\\Models\\Product', '2021-10-12 17:32:16', '2021-10-12 17:32:16'),
(124, 'images/admin/products/5020211012173216.jpg', 63, 'App\\Models\\Product', '2021-10-12 17:32:16', '2021-10-12 17:32:16'),
(125, 'images/admin/products/1720211012173418.jpg', 64, 'App\\Models\\Product', '2021-10-12 17:34:18', '2021-10-12 17:34:18'),
(126, 'images/admin/products/1720211012173418.jpg', 64, 'App\\Models\\Product', '2021-10-12 17:34:18', '2021-10-12 17:34:18'),
(127, 'images/admin/products/4420211012173418.jpg', 64, 'App\\Models\\Product', '2021-10-12 17:34:18', '2021-10-12 17:34:18'),
(128, 'images/admin/products/320211012173536.jpg', 65, 'App\\Models\\Product', '2021-10-12 17:35:36', '2021-10-12 17:35:36'),
(129, 'images/admin/products/120211012173536.jpg', 65, 'App\\Models\\Product', '2021-10-12 17:35:36', '2021-10-12 17:35:36'),
(130, 'images/admin/products/820211012173622.jpg', 73, 'App\\Models\\Product', '2021-10-12 17:36:22', '2021-10-12 17:36:22'),
(131, 'images/admin/products/9520211012173622.png', 73, 'App\\Models\\Product', '2021-10-12 17:36:22', '2021-10-12 17:36:22'),
(132, 'images/admin/products/6220211012173642.jpg', 74, 'App\\Models\\Product', '2021-10-12 17:36:42', '2021-10-12 17:36:42'),
(133, 'images/admin/products/2820211012173642.jpg', 74, 'App\\Models\\Product', '2021-10-12 17:36:42', '2021-10-12 17:36:42'),
(134, 'images/admin/products/120211012173737.jpg', 76, 'App\\Models\\Product', '2021-10-12 17:37:37', '2021-10-12 17:37:37'),
(135, 'images/admin/products/6820211012173737.jpg', 76, 'App\\Models\\Product', '2021-10-12 17:37:37', '2021-10-12 17:37:37'),
(136, 'images/admin/products/8220211012173838.jpg', 77, 'App\\Models\\Product', '2021-10-12 17:38:38', '2021-10-12 17:38:38'),
(137, 'images/admin/products/8420211012173838.jpg', 77, 'App\\Models\\Product', '2021-10-12 17:38:38', '2021-10-12 17:38:38'),
(138, 'images/admin/products/6620211012173850.jpg', 81, 'App\\Models\\Product', '2021-10-12 17:38:50', '2021-10-12 17:38:50'),
(139, 'images/admin/products/6020211012173850.jpg', 81, 'App\\Models\\Product', '2021-10-12 17:38:50', '2021-10-12 17:38:50'),
(140, 'images/admin/products/1620211012173939.jpg', 78, 'App\\Models\\Product', '2021-10-12 17:39:39', '2021-10-12 17:39:39'),
(141, 'images/admin/products/4820211012174016.jpg', 79, 'App\\Models\\Product', '2021-10-12 17:40:16', '2021-10-12 17:40:16'),
(142, 'images/admin/products/2220211012174058.jpg', 80, 'App\\Models\\Product', '2021-10-12 17:40:58', '2021-10-12 17:40:58'),
(143, 'images/admin/products/4420211012174127.jpg', 66, 'App\\Models\\Product', '2021-10-12 17:41:27', '2021-10-12 17:41:27'),
(144, 'images/admin/products/4320211012174153.jpg', 67, 'App\\Models\\Product', '2021-10-12 17:41:53', '2021-10-12 17:41:53'),
(145, 'images/admin/products/2020211012174228.jpg', 69, 'App\\Models\\Product', '2021-10-12 17:42:28', '2021-10-12 17:42:28'),
(146, 'images/admin/products/1520211012174308.jpg', 68, 'App\\Models\\Product', '2021-10-12 17:43:08', '2021-10-12 17:43:08'),
(147, 'images/admin/products/7820211012174339.jpg', 70, 'App\\Models\\Product', '2021-10-12 17:43:39', '2021-10-12 17:43:39'),
(148, 'images/admin/products/2720211012174354.jpg', 71, 'App\\Models\\Product', '2021-10-12 17:43:54', '2021-10-12 17:43:54'),
(149, 'images/admin/products/9920211012174416.jpg', 85, 'App\\Models\\Product', '2021-10-12 17:44:16', '2021-10-12 17:44:16'),
(150, 'images/admin/products/920211012174416.jpg', 85, 'App\\Models\\Product', '2021-10-12 17:44:16', '2021-10-12 17:44:16'),
(151, 'images/admin/products/5320211012174417.jpg', 85, 'App\\Models\\Product', '2021-10-12 17:44:17', '2021-10-12 17:44:17'),
(152, 'images/admin/products/8720211012174417.jpg', 85, 'App\\Models\\Product', '2021-10-12 17:44:17', '2021-10-12 17:44:17'),
(153, 'images/admin/products/1720211012174432.jpg', 88, 'App\\Models\\Product', '2021-10-12 17:44:32', '2021-10-12 17:44:32'),
(154, 'images/admin/products/9020211012174432.jpg', 88, 'App\\Models\\Product', '2021-10-12 17:44:32', '2021-10-12 17:44:32'),
(155, 'images/admin/products/6620211012174432.jpg', 88, 'App\\Models\\Product', '2021-10-12 17:44:32', '2021-10-12 17:44:32'),
(156, 'images/admin/products/2920211012174501.jpg', 90, 'App\\Models\\Product', '2021-10-12 17:45:01', '2021-10-12 17:45:01'),
(157, 'images/admin/products/3120211012174501.jpg', 90, 'App\\Models\\Product', '2021-10-12 17:45:01', '2021-10-12 17:45:01'),
(158, 'images/admin/products/4720211012174502.jpg', 90, 'App\\Models\\Product', '2021-10-12 17:45:02', '2021-10-12 17:45:02'),
(159, 'images/admin/products/4920211012174524.jpg', 94, 'App\\Models\\Product', '2021-10-12 17:45:24', '2021-10-12 17:45:24'),
(160, 'images/admin/products/620211012174525.jpg', 94, 'App\\Models\\Product', '2021-10-12 17:45:25', '2021-10-12 17:45:25'),
(161, 'images/admin/products/7320211012174525.jpg', 94, 'App\\Models\\Product', '2021-10-12 17:45:25', '2021-10-12 17:45:25'),
(162, 'images/admin/products/4420211012174525.jpg', 94, 'App\\Models\\Product', '2021-10-12 17:45:25', '2021-10-12 17:45:25'),
(163, 'images/admin/products/6520211012174544.jpg', 89, 'App\\Models\\Product', '2021-10-12 17:45:44', '2021-10-12 17:45:44'),
(164, 'images/admin/products/7120211012174544.jpg', 89, 'App\\Models\\Product', '2021-10-12 17:45:44', '2021-10-12 17:45:44'),
(165, 'images/admin/products/3520211012174544.jpg', 89, 'App\\Models\\Product', '2021-10-12 17:45:44', '2021-10-12 17:45:44'),
(168, 'images/admin/products/9820211012234914.jpg', 62, 'App\\Models\\Product', '2021-10-12 23:49:14', '2021-10-12 23:49:14'),
(170, 'images/admin/products/9720211012234915.jpg', 62, 'App\\Models\\Product', '2021-10-12 23:49:15', '2021-10-12 23:49:15'),
(171, 'images/admin/products/7020211012234915.png', 62, 'App\\Models\\Product', '2021-10-12 23:49:15', '2021-10-12 23:49:15'),
(172, './images/admin/products/202110130203190.jpeg', 125, 'App\\Models\\Product', '2021-10-13 02:03:19', '2021-10-13 02:03:19'),
(173, './images/admin/products/202110131453480.png', 126, 'App\\Models\\Product', '2021-10-13 14:53:48', '2021-10-13 14:53:48'),
(176, 'images/admin/products/4520211013180705.png', 128, 'App\\Models\\Product', '2021-10-13 18:07:05', '2021-10-13 18:07:05'),
(177, 'images/admin/products/9920211013180705.png', 128, 'App\\Models\\Product', '2021-10-13 18:07:05', '2021-10-13 18:07:05'),
(178, './images/admin/products/202110140648590.jpeg', 129, 'App\\Models\\Product', '2021-10-14 06:48:59', '2021-10-14 06:48:59'),
(189, './images/admin/products/202110142030150.jpeg', 131, 'App\\Models\\Product', '2021-10-14 20:30:15', '2021-10-14 20:30:15'),
(191, './images/admin/products/202110142129060.jpeg', 132, 'App\\Models\\Product', '2021-10-14 21:29:06', '2021-10-14 21:29:06'),
(193, 'images/admin/products/120211014213200.jpg', 133, 'App\\Models\\Product', '2021-10-14 21:32:00', '2021-10-14 21:32:00'),
(194, 'images/admin/products/3220211014213200.jpg', 133, 'App\\Models\\Product', '2021-10-14 21:32:00', '2021-10-14 21:32:00'),
(195, 'images/admin/products/4120211014213200.jpg', 133, 'App\\Models\\Product', '2021-10-14 21:32:00', '2021-10-14 21:32:00'),
(196, 'images/admin/products/9120211014213200.jpg', 133, 'App\\Models\\Product', '2021-10-14 21:32:00', '2021-10-14 21:32:00'),
(197, './images/admin/products/202110142223350.png', 134, 'App\\Models\\Product', '2021-10-14 22:23:35', '2021-10-14 22:23:35'),
(198, './images/admin/products/202110142223351.jpeg', 134, 'App\\Models\\Product', '2021-10-14 22:23:35', '2021-10-14 22:23:35'),
(199, './images/admin/products/202110142225520.jpeg', 132, 'App\\Models\\Product', '2021-10-14 22:25:52', '2021-10-14 22:25:52'),
(205, './images/admin/products/202110151308550.jpeg', 136, 'App\\Models\\Product', '2021-10-15 13:08:55', '2021-10-15 13:08:55'),
(207, './images/admin/products/202110151405300.jpeg', 131, 'App\\Models\\Product', '2021-10-15 14:05:30', '2021-10-15 14:05:30'),
(210, './images/admin/products/202110151408380.jpeg', 131, 'App\\Models\\Product', '2021-10-15 14:08:38', '2021-10-15 14:08:38'),
(214, './images/admin/products/202110151448470.jpeg', 137, 'App\\Models\\Product', '2021-10-15 14:48:51', '2021-10-15 14:48:51'),
(215, './images/admin/products/202110151458230.jpeg', 138, 'App\\Models\\Product', '2021-10-15 14:58:27', '2021-10-15 14:58:27'),
(216, './images/admin/products/202110151505540.jpeg', 138, 'App\\Models\\Product', '2021-10-15 15:05:58', '2021-10-15 15:05:58'),
(217, './images/admin/products/202110151533540.jpeg', 132, 'App\\Models\\Product', '2021-10-15 15:33:57', '2021-10-15 15:33:57'),
(218, './images/admin/products/202110151653150.jpeg', 139, 'App\\Models\\Product', '2021-10-15 16:53:15', '2021-10-15 16:53:15'),
(219, './images/admin/products/202110151658580.jpeg', 140, 'App\\Models\\Product', '2021-10-15 16:58:58', '2021-10-15 16:58:58'),
(220, './images/admin/products/202110151708380.jpeg', 141, 'App\\Models\\Product', '2021-10-15 17:08:40', '2021-10-15 17:08:40'),
(221, './images/admin/products/202110151734080.jpeg', 139, 'App\\Models\\Product', '2021-10-15 17:34:10', '2021-10-15 17:34:10'),
(222, './images/admin/products/202110151743110.jpeg', 142, 'App\\Models\\Product', '2021-10-15 17:43:11', '2021-10-15 17:43:11'),
(223, './images/admin/products/202110151745060.jpeg', 143, 'App\\Models\\Product', '2021-10-15 17:45:08', '2021-10-15 17:45:08'),
(224, './images/admin/products/202110151800420.jpeg', 139, 'App\\Models\\Product', '2021-10-15 18:00:42', '2021-10-15 18:00:42'),
(225, './images/admin/products/202110151820180.jpeg', 148, 'App\\Models\\Product', '2021-10-15 18:20:18', '2021-10-15 18:20:18'),
(228, './images/admin/products/202110152101280.jpeg', 149, 'App\\Models\\Product', '2021-10-15 21:01:28', '2021-10-15 21:01:28'),
(229, './images/admin/products/202110160425160.jpeg', 151, 'App\\Models\\Product', '2021-10-16 04:25:20', '2021-10-16 04:25:20'),
(230, './images/admin/products/202110160436560.jpeg', 152, 'App\\Models\\Product', '2021-10-16 04:36:59', '2021-10-16 04:36:59'),
(232, './images/admin/products/202110160513540.jpeg', 154, 'App\\Models\\Product', '2021-10-16 05:13:54', '2021-10-16 05:13:54'),
(234, './images/admin/products/202110160930580.jpeg', 156, 'App\\Models\\Product', '2021-10-16 09:31:03', '2021-10-16 09:31:03'),
(235, './images/admin/products/202110160931440.jpeg', 152, 'App\\Models\\Product', '2021-10-16 09:31:48', '2021-10-16 09:31:48'),
(236, './images/admin/products/202110161817110.jpeg', 63, 'App\\Models\\Product', '2021-10-16 18:17:15', '2021-10-16 18:17:15'),
(238, './images/admin/products/202110161820350.jpeg', 157, 'App\\Models\\Product', '2021-10-16 18:20:38', '2021-10-16 18:20:38'),
(239, './images/admin/products/202110161820381.jpeg', 157, 'App\\Models\\Product', '2021-10-16 18:20:43', '2021-10-16 18:20:43'),
(240, './images/admin/products/202110161821500.jpeg', 158, 'App\\Models\\Product', '2021-10-16 18:21:54', '2021-10-16 18:21:54'),
(242, './images/admin/products/202110170207440.jpeg', 160, 'App\\Models\\Product', '2021-10-17 02:07:46', '2021-10-17 02:07:46'),
(243, './images/admin/products/202110170208540.jpeg', 160, 'App\\Models\\Product', '2021-10-17 02:08:57', '2021-10-17 02:08:57'),
(247, './images/admin/products/202110181618260.jpeg', 163, 'App\\Models\\Product', '2021-10-18 16:18:30', '2021-10-18 16:18:30'),
(248, './images/admin/products/202110181619220.jpeg', 164, 'App\\Models\\Product', '2021-10-18 16:19:25', '2021-10-18 16:19:25'),
(249, './images/admin/products/202110181630160.jpeg', 167, 'App\\Models\\Product', '2021-10-18 16:30:19', '2021-10-18 16:30:19'),
(250, './images/admin/products/202110181630191.jpeg', 167, 'App\\Models\\Product', '2021-10-18 16:30:24', '2021-10-18 16:30:24'),
(251, './images/admin/products/202110181630242.jpeg', 167, 'App\\Models\\Product', '2021-10-18 16:30:29', '2021-10-18 16:30:29'),
(252, './images/admin/products/202110181630293.jpeg', 167, 'App\\Models\\Product', '2021-10-18 16:30:33', '2021-10-18 16:30:33'),
(261, './images/admin/products/202110181758360.jpeg', 171, 'App\\Models\\Product', '2021-10-18 17:58:36', '2021-10-18 17:58:36'),
(262, './images/admin/products/202110181758361.jpeg', 171, 'App\\Models\\Product', '2021-10-18 17:58:36', '2021-10-18 17:58:36'),
(263, './images/admin/products/202110181758362.jpeg', 171, 'App\\Models\\Product', '2021-10-18 17:58:36', '2021-10-18 17:58:36'),
(265, './images/admin/products/202110181857580.jpeg', 171, 'App\\Models\\Product', '2021-10-18 18:57:58', '2021-10-18 18:57:58'),
(284, './images/admin/products/202110182218460.jpeg', 178, 'App\\Models\\Product', '2021-10-18 22:18:46', '2021-10-18 22:18:46'),
(285, './images/admin/products/202110182218461.jpeg', 178, 'App\\Models\\Product', '2021-10-18 22:18:46', '2021-10-18 22:18:46'),
(286, './images/admin/products/202110182218462.jpeg', 178, 'App\\Models\\Product', '2021-10-18 22:18:46', '2021-10-18 22:18:46'),
(287, './images/admin/products/202110182218463.jpeg', 178, 'App\\Models\\Product', '2021-10-18 22:18:46', '2021-10-18 22:18:46'),
(288, './images/admin/products/202110182218464.jpeg', 178, 'App\\Models\\Product', '2021-10-18 22:18:46', '2021-10-18 22:18:46'),
(289, './images/admin/products/202110182218465.jpeg', 178, 'App\\Models\\Product', '2021-10-18 22:18:46', '2021-10-18 22:18:46'),
(290, './images/admin/products/202110182219410.jpeg', 178, 'App\\Models\\Product', '2021-10-18 22:19:41', '2021-10-18 22:19:41'),
(291, './images/admin/products/202110182220220.jpeg', 178, 'App\\Models\\Product', '2021-10-18 22:20:22', '2021-10-18 22:20:22'),
(292, './images/admin/products/202110182221000.jpeg', 178, 'App\\Models\\Product', '2021-10-18 22:21:00', '2021-10-18 22:21:00'),
(297, './images/admin/products/202110191402100.jpeg', 180, 'App\\Models\\Product', '2021-10-19 14:02:10', '2021-10-19 14:02:10'),
(300, './images/admin/products/202110191430160.jpeg', 180, 'App\\Models\\Product', '2021-10-19 14:30:16', '2021-10-19 14:30:16'),
(301, './images/admin/products/202110191430161.jpeg', 180, 'App\\Models\\Product', '2021-10-19 14:30:16', '2021-10-19 14:30:16'),
(302, './images/admin/products/202110191430162.jpeg', 180, 'App\\Models\\Product', '2021-10-19 14:30:16', '2021-10-19 14:30:16'),
(310, './images/admin/products/202110192100140.jpeg', 181, 'App\\Models\\Product', '2021-10-19 21:00:14', '2021-10-19 21:00:14'),
(311, './images/admin/products/202110192100141.jpeg', 181, 'App\\Models\\Product', '2021-10-19 21:00:15', '2021-10-19 21:00:15'),
(312, './images/admin/products/202110192100152.jpeg', 181, 'App\\Models\\Product', '2021-10-19 21:00:15', '2021-10-19 21:00:15'),
(313, './images/admin/products/202110192100153.jpeg', 181, 'App\\Models\\Product', '2021-10-19 21:00:15', '2021-10-19 21:00:15'),
(314, './images/admin/products/202110192103300.jpeg', 182, 'App\\Models\\Product', '2021-10-19 21:03:30', '2021-10-19 21:03:30'),
(315, './images/admin/products/202110192103301.jpeg', 182, 'App\\Models\\Product', '2021-10-19 21:03:30', '2021-10-19 21:03:30'),
(316, './images/admin/products/202110192103302.jpeg', 182, 'App\\Models\\Product', '2021-10-19 21:03:30', '2021-10-19 21:03:30'),
(317, './images/admin/products/202110192103303.jpeg', 182, 'App\\Models\\Product', '2021-10-19 21:03:30', '2021-10-19 21:03:30'),
(322, './images/admin/products/202110201546510.jpeg', 185, 'App\\Models\\Product', '2021-10-20 15:46:51', '2021-10-20 15:46:51'),
(323, './images/admin/products/202110201616550.jpeg', 186, 'App\\Models\\Product', '2021-10-20 16:16:55', '2021-10-20 16:16:55'),
(324, './images/admin/products/202110201616551.jpeg', 186, 'App\\Models\\Product', '2021-10-20 16:16:55', '2021-10-20 16:16:55'),
(325, './images/admin/products/202110201633080.jpeg', 187, 'App\\Models\\Product', '2021-10-20 16:33:08', '2021-10-20 16:33:08'),
(327, './images/admin/products/202110201931410.jpeg', 187, 'App\\Models\\Product', '2021-10-20 19:31:41', '2021-10-20 19:31:41'),
(328, './images/admin/products/202110201931411.jpeg', 187, 'App\\Models\\Product', '2021-10-20 19:31:41', '2021-10-20 19:31:41'),
(330, './images/admin/products/202110202207260.jpeg', 190, 'App\\Models\\Product', '2021-10-20 22:07:26', '2021-10-20 22:07:26'),
(332, './images/admin/products/202110202317320.jpeg', 192, 'App\\Models\\Product', '2021-10-20 23:17:32', '2021-10-20 23:17:32'),
(333, './images/admin/products/202110202317321.jpeg', 192, 'App\\Models\\Product', '2021-10-20 23:17:32', '2021-10-20 23:17:32'),
(338, './images/admin/products/202110221518300.jpeg', 200, 'App\\Models\\Product', '2021-10-22 15:18:30', '2021-10-22 15:18:30'),
(339, './images/admin/products/202110221518301.jpeg', 200, 'App\\Models\\Product', '2021-10-22 15:18:30', '2021-10-22 15:18:30'),
(353, './images/admin/products/202110261539370.jpeg', 220, 'App\\Models\\Product', '2021-10-26 15:39:37', '2021-10-26 15:39:37'),
(354, './images/admin/products/202110261539371.jpeg', 220, 'App\\Models\\Product', '2021-10-26 15:39:37', '2021-10-26 15:39:37'),
(355, './images/admin/products/202110261539372.jpeg', 220, 'App\\Models\\Product', '2021-10-26 15:39:38', '2021-10-26 15:39:38'),
(356, './images/admin/products/202110261543170.jpeg', 221, 'App\\Models\\Product', '2021-10-26 15:43:17', '2021-10-26 15:43:17');

-- --------------------------------------------------------

--
-- Estructura de tabla para la tabla `migrations`
--

CREATE TABLE `migrations` (
  `id` int(10) UNSIGNED NOT NULL,
  `migration` varchar(255) COLLATE utf8mb4_unicode_ci NOT NULL,
  `batch` int(11) NOT NULL
) ENGINE=InnoDB DEFAULT CHARSET=utf8mb4 COLLATE=utf8mb4_unicode_ci;

--
-- Volcado de datos para la tabla `migrations`
--

INSERT INTO `migrations` (`id`, `migration`, `batch`) VALUES
(1, '2014_01_07_154137_create_countries_table', 1),
(2, '2014_01_08_154137_create_states_table', 1),
(3, '2014_10_12_000000_create_users_table', 1),
(4, '2014_10_12_100000_create_password_resets_table', 1),
(5, '2014_10_12_200000_add_two_factor_columns_to_users_table', 1),
(6, '2018_12_23_120000_create_shoppingcart_table', 1),
(7, '2019_08_19_000000_create_failed_jobs_table', 1),
(8, '2019_12_14_000001_create_personal_access_tokens_table', 1),
(9, '2021_04_08_152050_create_sessions_table', 1),
(10, '2021_04_08_222652_create_categories_table', 1),
(11, '2021_04_08_222853_create_brands_table', 1),
(12, '2021_04_08_223013_create_subcategories_table', 1),
(13, '2021_04_08_224139_create_brand_category_table', 1),
(14, '2021_04_08_224140_create_products_table', 1),
(15, '2021_04_08_224322_create_colors_table', 1),
(16, '2021_04_08_224421_create_color_product_table', 1),
(17, '2021_04_08_224931_create_sizes_table', 1),
(18, '2021_04_08_225106_create_color_size_table', 1),
(19, '2021_04_09_000616_create_images_table', 1),
(20, '2021_05_13_061119_create_departments_table', 1),
(21, '2021_05_13_062018_create_cities_table', 1),
(22, '2021_05_13_062139_create_districts_table', 1),
(23, '2021_05_13_062228_create_orders_table', 1),
(24, '2021_07_23_145033_create_permission_tables', 1);

-- --------------------------------------------------------

--
-- Estructura de tabla para la tabla `model_has_permissions`
--

CREATE TABLE `model_has_permissions` (
  `permission_id` bigint(20) UNSIGNED NOT NULL,
  `model_type` varchar(255) COLLATE utf8mb4_unicode_ci NOT NULL,
  `model_id` bigint(20) UNSIGNED NOT NULL
) ENGINE=InnoDB DEFAULT CHARSET=utf8mb4 COLLATE=utf8mb4_unicode_ci;

-- --------------------------------------------------------

--
-- Estructura de tabla para la tabla `model_has_roles`
--

CREATE TABLE `model_has_roles` (
  `role_id` bigint(20) UNSIGNED NOT NULL,
  `model_type` varchar(255) COLLATE utf8mb4_unicode_ci NOT NULL,
  `model_id` bigint(20) UNSIGNED NOT NULL
) ENGINE=InnoDB DEFAULT CHARSET=utf8mb4 COLLATE=utf8mb4_unicode_ci;

--
-- Volcado de datos para la tabla `model_has_roles`
--

INSERT INTO `model_has_roles` (`role_id`, `model_type`, `model_id`) VALUES
(1, 'App\\Models\\User', 1),
(1, 'App\\Models\\User', 5),
(1, 'App\\Models\\User', 25),
(2, 'App\\Models\\User', 11),
(2, 'App\\Models\\User', 12),
(2, 'App\\Models\\User', 19),
(2, 'App\\Models\\User', 20),
(2, 'App\\Models\\User', 21),
(2, 'App\\Models\\User', 22),
(2, 'App\\Models\\User', 23),
(2, 'App\\Models\\User', 38);

-- --------------------------------------------------------

--
-- Estructura de tabla para la tabla `orders`
--

CREATE TABLE `orders` (
  `id` bigint(20) UNSIGNED NOT NULL,
  `user_id` bigint(20) UNSIGNED NOT NULL,
  `contact` varchar(255) COLLATE utf8mb4_unicode_ci NOT NULL,
  `phone` varchar(255) COLLATE utf8mb4_unicode_ci NOT NULL,
  `status` enum('1','2','3','4','5') COLLATE utf8mb4_unicode_ci NOT NULL DEFAULT '1',
  `envio_type` enum('1','2') COLLATE utf8mb4_unicode_ci NOT NULL,
  `shipping_cost` double(8,2) NOT NULL,
  `total` double(8,2) NOT NULL,
  `content` longtext CHARACTER SET utf8mb4 COLLATE utf8mb4_bin NOT NULL CHECK (json_valid(`content`)),
  `envio` longtext CHARACTER SET utf8mb4 COLLATE utf8mb4_bin DEFAULT NULL CHECK (json_valid(`envio`)),
  `created_at` timestamp NULL DEFAULT NULL,
  `updated_at` timestamp NULL DEFAULT NULL
) ENGINE=InnoDB DEFAULT CHARSET=utf8mb4 COLLATE=utf8mb4_unicode_ci;

-- --------------------------------------------------------

--
-- Estructura de tabla para la tabla `password_resets`
--

CREATE TABLE `password_resets` (
  `email` varchar(255) COLLATE utf8mb4_unicode_ci NOT NULL,
  `token` varchar(255) COLLATE utf8mb4_unicode_ci NOT NULL,
  `created_at` timestamp NULL DEFAULT NULL
) ENGINE=InnoDB DEFAULT CHARSET=utf8mb4 COLLATE=utf8mb4_unicode_ci;

--
-- Volcado de datos para la tabla `password_resets`
--

INSERT INTO `password_resets` (`email`, `token`, `created_at`) VALUES
('jairo@gmail.com', '$2y$10$1ovphUm7WLXFQ3UW4z02/.2G5Uoxn8GKHN5K.gxiqR0d0ueUvJXiq', '2021-10-22 16:49:24'),
('chile@gmail.com', '$2y$10$ZRAoptVWfraprSPPFryHfugyCMzuS4Y.1d77LibBnxKwIsmLAYmvK', '2021-10-22 17:15:07');

-- --------------------------------------------------------

--
-- Estructura de tabla para la tabla `permissions`
--

CREATE TABLE `permissions` (
  `id` bigint(20) UNSIGNED NOT NULL,
  `name` varchar(255) COLLATE utf8mb4_unicode_ci NOT NULL,
  `guard_name` varchar(255) COLLATE utf8mb4_unicode_ci NOT NULL,
  `created_at` timestamp NULL DEFAULT NULL,
  `updated_at` timestamp NULL DEFAULT NULL
) ENGINE=InnoDB DEFAULT CHARSET=utf8mb4 COLLATE=utf8mb4_unicode_ci;

-- --------------------------------------------------------

--
-- Estructura de tabla para la tabla `personal_access_tokens`
--

CREATE TABLE `personal_access_tokens` (
  `id` bigint(20) UNSIGNED NOT NULL,
  `tokenable_type` varchar(255) COLLATE utf8mb4_unicode_ci NOT NULL,
  `tokenable_id` bigint(20) UNSIGNED NOT NULL,
  `name` varchar(255) COLLATE utf8mb4_unicode_ci NOT NULL,
  `token` varchar(64) COLLATE utf8mb4_unicode_ci NOT NULL,
  `abilities` text COLLATE utf8mb4_unicode_ci DEFAULT NULL,
  `last_used_at` timestamp NULL DEFAULT NULL,
  `created_at` timestamp NULL DEFAULT NULL,
  `updated_at` timestamp NULL DEFAULT NULL
) ENGINE=InnoDB DEFAULT CHARSET=utf8mb4 COLLATE=utf8mb4_unicode_ci;

--
-- Volcado de datos para la tabla `personal_access_tokens`
--

INSERT INTO `personal_access_tokens` (`id`, `tokenable_type`, `tokenable_id`, `name`, `token`, `abilities`, `last_used_at`, `created_at`, `updated_at`) VALUES
(1, 'App\\Models\\User', 4, 'auth_token', 'ba716b81d5216d0f6ae165252c160620ab459b1e9f46fb424d056e27ad03fc15', '[\"*\"]', NULL, '2021-10-12 14:27:17', '2021-10-12 14:27:17'),
(2, 'App\\Models\\User', 5, 'auth_token', 'ae8e8cacff214a906b752ef25388302653f9e343651133aafbe4610c2366ee2d', '[\"*\"]', NULL, '2021-10-12 16:01:22', '2021-10-12 16:01:22'),
(3, 'App\\Models\\User', 5, 'auth+token', 'f7e88d73e069d5c6c73ac35acccc5ce7afff0d525616e303f88c611b56752e67', '[\"*\"]', NULL, '2021-10-12 16:14:25', '2021-10-12 16:14:25'),
(4, 'App\\Models\\User', 5, 'auth+token', '736eb283786d041b178d596d8b7a26a2d5c5cbe7d1ae7712257bfb07e0379a25', '[\"*\"]', NULL, '2021-10-12 16:32:56', '2021-10-12 16:32:56'),
(5, 'App\\Models\\User', 6, 'auth_token', 'd30dd8dd0e0809912e7d1314eb5be5ce6fa77752ffcc2b130dbb0c8e7c848019', '[\"*\"]', NULL, '2021-10-12 20:50:44', '2021-10-12 20:50:44'),
(6, 'App\\Models\\User', 6, 'auth+token', '6828fdeb63325a6fda5a2ea71642880fe597a3332a4ebf2648c0c4e89b2976f5', '[\"*\"]', NULL, '2021-10-12 20:51:21', '2021-10-12 20:51:21'),
(7, 'App\\Models\\User', 6, 'auth+token', 'f05935aeb80b69187f123c70716854a6db9d564f79ed960412f47885888ca331', '[\"*\"]', NULL, '2021-10-12 20:52:19', '2021-10-12 20:52:19'),
(8, 'App\\Models\\User', 6, 'auth_token', 'c336aea4533b5e8823ba726b4cf6a263a358b7e2e21f200c701db8ee93977d50', '[\"*\"]', NULL, '2021-10-12 21:01:27', '2021-10-12 21:01:27'),
(9, 'App\\Models\\User', 5, 'auth_token', 'e7462e29076cfbf100cf9c85a105a5f87cea2ec90fbda564f931248735c8446d', '[\"*\"]', NULL, '2021-10-12 21:01:34', '2021-10-12 21:01:34'),
(10, 'App\\Models\\User', 5, 'auth_token', '6e457d64aab29e9438954462b86bdf8cb7d7ad47394b1666f289673b0815ef0a', '[\"*\"]', NULL, '2021-10-12 21:20:07', '2021-10-12 21:20:07'),
(11, 'App\\Models\\User', 6, 'auth_token', 'b3683ded6b596ce491f7481a0801fe47d4452146be19579952f5489f2f95d635', '[\"*\"]', NULL, '2021-10-12 21:22:23', '2021-10-12 21:22:23'),
(12, 'App\\Models\\User', 6, 'auth_token', '4285d8fc16ed8964c7462f4f926ee7785981b63813b86ff48562cc735ff15da5', '[\"*\"]', NULL, '2021-10-12 21:22:32', '2021-10-12 21:22:32'),
(13, 'App\\Models\\User', 6, 'auth_token', '4b47df3250d8e1c8f0056cc51b6988944c110db7b91df36050d669a36140b288', '[\"*\"]', NULL, '2021-10-12 21:22:57', '2021-10-12 21:22:57'),
(14, 'App\\Models\\User', 6, 'auth_token', 'ac2a3fb90a5264fde30a5d64dd6d6c4cffdea8b8493d4dfaea1f7110d29c1565', '[\"*\"]', NULL, '2021-10-12 21:22:58', '2021-10-12 21:22:58'),
(15, 'App\\Models\\User', 6, 'auth_token', '66ed9f49616f951dc56d15229af5eaa48c230ef311b0cd68277c86a5526eb55c', '[\"*\"]', NULL, '2021-10-12 21:22:58', '2021-10-12 21:22:58'),
(16, 'App\\Models\\User', 6, 'auth_token', '1d18ecb36815be944950d9e61f47cb41751121e42b9b62e14ae95de1ad2a7ca0', '[\"*\"]', NULL, '2021-10-12 21:22:59', '2021-10-12 21:22:59'),
(17, 'App\\Models\\User', 6, 'auth_token', 'a33c5bf596154a8a0b22a141acd8cec079dae1448681808cbe0b2bdf2db89531', '[\"*\"]', NULL, '2021-10-12 21:23:45', '2021-10-12 21:23:45'),
(18, 'App\\Models\\User', 6, 'auth_token', 'e06ef163c24b4777652f7073f02493c33f43909443ff77b600af8f2b784deb77', '[\"*\"]', NULL, '2021-10-12 21:29:57', '2021-10-12 21:29:57'),
(19, 'App\\Models\\User', 5, 'auth_token', '0bdee4daae5d50af973bd467cfbb3e0bd47910faac6a2ca1ca30c5d00fba4982', '[\"*\"]', NULL, '2021-10-12 21:34:59', '2021-10-12 21:34:59'),
(20, 'App\\Models\\User', 5, 'auth_token', 'b025bfdb99c87476487efcca000e5026ea37eba716e8395f204ef2febbc1f5f0', '[\"*\"]', NULL, '2021-10-12 21:49:27', '2021-10-12 21:49:27'),
(21, 'App\\Models\\User', 5, 'auth_token', '72c36bfd03246c1b7fadeaefd790931d38fd4a57103fdffcda5a4d01d37de9a5', '[\"*\"]', '2021-10-12 23:31:54', '2021-10-12 21:51:32', '2021-10-12 23:31:54'),
(22, 'App\\Models\\User', 5, 'auth_token', 'da0a11f34c4c9405addacee33e47e13c7ebfa193d1ef3ce14a5a145bb7b9fad3', '[\"*\"]', '2021-10-12 22:16:53', '2021-10-12 22:16:38', '2021-10-12 22:16:53'),
(23, 'App\\Models\\User', 6, 'auth_token', '1b8b3efc65494cfc2bf288a5bd9228eae27b5c8810ff49a9a6003567dc2e501c', '[\"*\"]', NULL, '2021-10-12 22:43:02', '2021-10-12 22:43:02'),
(24, 'App\\Models\\User', 6, 'auth_token', '41bb0680bf91d070cdc1ff7eb03b1bd2362e84c3a6de658b172e2a9b7c8e9ea0', '[\"*\"]', NULL, '2021-10-12 22:43:18', '2021-10-12 22:43:18'),
(25, 'App\\Models\\User', 6, 'auth_token', 'd0eedc1691e7daaefce17735ba1daeff2bb51c019f65d83d30249c190e0851a3', '[\"*\"]', NULL, '2021-10-12 22:43:34', '2021-10-12 22:43:34'),
(26, 'App\\Models\\User', 6, 'auth_token', 'adfb3ad5ff7d0c672b56b3788db822c33efee2963a2f3ca41d12f0f3f9ceb14f', '[\"*\"]', NULL, '2021-10-12 22:44:15', '2021-10-12 22:44:15'),
(27, 'App\\Models\\User', 6, 'auth_token', 'bb8e71f7fff7ea4a5901bd180c68de42c2ed7803efafbcd935398815a40e15db', '[\"*\"]', NULL, '2021-10-12 22:44:43', '2021-10-12 22:44:43'),
(28, 'App\\Models\\User', 6, 'auth_token', '39397ec9dbb5a58f1a4864823b002e6f0eb882beae84394b361f54197d4d09a9', '[\"*\"]', NULL, '2021-10-12 22:45:22', '2021-10-12 22:45:22'),
(29, 'App\\Models\\User', 6, 'auth_token', '9e3ead083dc0574d769e58be14f8715aa8c0463067d2188c700e5a57056e9448', '[\"*\"]', NULL, '2021-10-12 22:46:24', '2021-10-12 22:46:24'),
(30, 'App\\Models\\User', 6, 'auth_token', 'ff7c8e80d16dd6aa2a4588b77dbbe9d24d2aa668b82713b350c902149cdd2de7', '[\"*\"]', NULL, '2021-10-12 22:49:12', '2021-10-12 22:49:12'),
(31, 'App\\Models\\User', 6, 'auth_token', 'cc3b3824fcf7894470f077143989a3aa6c413a09064ddbdebbf1a7bcc76ba9a9', '[\"*\"]', NULL, '2021-10-12 22:52:23', '2021-10-12 22:52:23'),
(32, 'App\\Models\\User', 6, 'auth_token', '325bff8b69d7dca803abf45fa945d2577e6124023d249de24d5c79f9217fc3f7', '[\"*\"]', NULL, '2021-10-12 22:53:09', '2021-10-12 22:53:09'),
(33, 'App\\Models\\User', 6, 'auth_token', '8afcbd78fd696658182603ab3af9c512bdb52d572647969f6ac7cc2f8c633cb1', '[\"*\"]', NULL, '2021-10-12 22:53:43', '2021-10-12 22:53:43'),
(34, 'App\\Models\\User', 6, 'auth_token', '7fd23544dcd404e3a1a945bc0c88854d369ead2761fc3b3e20c8d83c41274621', '[\"*\"]', NULL, '2021-10-12 22:54:20', '2021-10-12 22:54:20'),
(35, 'App\\Models\\User', 6, 'auth_token', 'b448a390d0463d85fabdbddb6e61321284431bc450f809d995b706221f8e6151', '[\"*\"]', NULL, '2021-10-12 22:54:24', '2021-10-12 22:54:24'),
(36, 'App\\Models\\User', 6, 'auth_token', '41f03e710124f886b072aa0b1f1e992ced96658fb0d85b4257dfea9c5ed4c0c6', '[\"*\"]', NULL, '2021-10-12 22:54:44', '2021-10-12 22:54:44'),
(37, 'App\\Models\\User', 6, 'auth_token', '7de854d16f6e49731c0842ecb779142d9cb71fdc7bbe5ef2a0bdd8c9908c139e', '[\"*\"]', NULL, '2021-10-12 22:54:51', '2021-10-12 22:54:51'),
(38, 'App\\Models\\User', 6, 'auth_token', '8956fd748d75f22ab38cc21b528d05d4648058c00ef3c03a32e14a2f58198c07', '[\"*\"]', NULL, '2021-10-12 22:55:45', '2021-10-12 22:55:45'),
(39, 'App\\Models\\User', 6, 'auth_token', 'da8ad796f7a0e99dc1b224e956dedb0a98394c4e0b46099053ffe7182cca54e8', '[\"*\"]', NULL, '2021-10-12 22:56:05', '2021-10-12 22:56:05'),
(40, 'App\\Models\\User', 6, 'auth_token', 'cc9c6f12926ccbf16c396078f2df55e0c987971026c91cde666480350245b4dd', '[\"*\"]', NULL, '2021-10-12 22:56:59', '2021-10-12 22:56:59'),
(41, 'App\\Models\\User', 6, 'auth_token', '18637303780f44640b9c5e4b758876792e6c8df5e3dd641bf07aee3d5c0d7f79', '[\"*\"]', NULL, '2021-10-12 22:57:05', '2021-10-12 22:57:05'),
(42, 'App\\Models\\User', 6, 'auth_token', 'fc9866b23672eed81ad646c316d0d801b5da821a558d5337fbb09e80bc5febe8', '[\"*\"]', NULL, '2021-10-12 22:58:02', '2021-10-12 22:58:02'),
(43, 'App\\Models\\User', 6, 'auth_token', '07b24e0f3ea5c1079bd6f16761b481d727c1f9b2b921497f30a3d09449e74986', '[\"*\"]', NULL, '2021-10-12 23:00:07', '2021-10-12 23:00:07'),
(44, 'App\\Models\\User', 6, 'auth_token', 'b602224207daa643339af9c7f3d01dbbe6f207aeb2e5f28f38c7270292d5bbb6', '[\"*\"]', NULL, '2021-10-12 23:00:12', '2021-10-12 23:00:12'),
(45, 'App\\Models\\User', 6, 'auth_token', '11d410abfe5dfc8e192da6db31a1c532bded58690e95b035de8b7127555303fd', '[\"*\"]', NULL, '2021-10-12 23:00:24', '2021-10-12 23:00:24'),
(46, 'App\\Models\\User', 6, 'auth_token', '427ffb72bf09ac53ab490667305bc77ad24dc8e1aae1a57309bca28f293bfb20', '[\"*\"]', NULL, '2021-10-12 23:00:25', '2021-10-12 23:00:25'),
(47, 'App\\Models\\User', 6, 'auth_token', 'ccba8f7f1bb0136ac9a8fd4f8029f13e7e9e9e87f300009c0ae408cfe924a4bd', '[\"*\"]', NULL, '2021-10-12 23:00:40', '2021-10-12 23:00:40'),
(48, 'App\\Models\\User', 6, 'auth_token', 'c28a7e199f23eea0f2dd27552c9fc0e1a08ee23978e72509578f4fec47e4190a', '[\"*\"]', NULL, '2021-10-12 23:00:44', '2021-10-12 23:00:44'),
(49, 'App\\Models\\User', 6, 'auth_token', 'e813ba558cd88060b08198167cc7b6c46ae86e27d2291dd77d9ce29b53812899', '[\"*\"]', NULL, '2021-10-12 23:02:17', '2021-10-12 23:02:17'),
(50, 'App\\Models\\User', 6, 'auth_token', 'acd4e86fef2d7908cc749a759da53f1df21fe927c392ef09f731c03b624e8031', '[\"*\"]', NULL, '2021-10-12 23:02:26', '2021-10-12 23:02:26'),
(51, 'App\\Models\\User', 6, 'auth_token', 'ae597b48014780702b7d171865c568c6dc79cfb9355f82aba5e7cb80b06d1d20', '[\"*\"]', NULL, '2021-10-12 23:05:38', '2021-10-12 23:05:38'),
(52, 'App\\Models\\User', 6, 'auth_token', '95f1a53cd2f51e2f82e9f1d08bada162790faed589a5d48eea79e362a90f8b1f', '[\"*\"]', NULL, '2021-10-12 23:06:00', '2021-10-12 23:06:00'),
(53, 'App\\Models\\User', 6, 'auth_token', '82cfb9a90615dd37b815537c7f301c2bbb60a3b6a5004d0b3a0bb3649cb9ef06', '[\"*\"]', NULL, '2021-10-12 23:06:20', '2021-10-12 23:06:20'),
(54, 'App\\Models\\User', 6, 'auth_token', '10b036cf40eddb56105f0e25224cd99c27a2b10bb40cbc2f7c048b6e73853431', '[\"*\"]', NULL, '2021-10-12 23:07:31', '2021-10-12 23:07:31'),
(55, 'App\\Models\\User', 6, 'auth_token', 'f4d3532c7b7b7e432e2688270742b6a19e8a497753ce0d8f0a08a408c0c0c134', '[\"*\"]', NULL, '2021-10-12 23:10:01', '2021-10-12 23:10:01'),
(56, 'App\\Models\\User', 6, 'auth_token', 'c17b18a65a5542a2d284a9979cc90b940c44e0d9c558996161024cd1396b3a3a', '[\"*\"]', NULL, '2021-10-12 23:14:29', '2021-10-12 23:14:29'),
(57, 'App\\Models\\User', 6, 'auth_token', 'c5f27f2dd121bbdfdc4033dc561d5b21ca77a93d4b5d35e3c0249eaacc93263b', '[\"*\"]', NULL, '2021-10-12 23:14:31', '2021-10-12 23:14:31'),
(58, 'App\\Models\\User', 6, 'auth_token', '200b2b29e00ed00b0491ccca5156cb1c09ca5d5ddd0a302595b3ea74c32e9f89', '[\"*\"]', NULL, '2021-10-12 23:14:32', '2021-10-12 23:14:32'),
(59, 'App\\Models\\User', 6, 'auth_token', '9601e99e8f2dfc77d60e7d0fd4c73b63daf0c4662c09387a02ae90684190ad7d', '[\"*\"]', NULL, '2021-10-12 23:14:42', '2021-10-12 23:14:42'),
(60, 'App\\Models\\User', 6, 'auth_token', '2c8a3e16685f17b4376624684f957f6b2a284f178f95df219c015a0daffa9e5b', '[\"*\"]', NULL, '2021-10-12 23:15:06', '2021-10-12 23:15:06'),
(61, 'App\\Models\\User', 6, 'auth_token', '0489acdca6403b40634367506d33f9a548c2f784fc92142bce8f69e28b53f90c', '[\"*\"]', NULL, '2021-10-12 23:15:44', '2021-10-12 23:15:44'),
(62, 'App\\Models\\User', 6, 'auth_token', '54fa1f55e7f475d9aee58f769654ffaa68264b589e3538eacdbf466780924f9e', '[\"*\"]', NULL, '2021-10-12 23:15:46', '2021-10-12 23:15:46'),
(63, 'App\\Models\\User', 6, 'auth_token', 'd051ca652279e2594e21be42115471ac4da0cbce740b4971d48c5fcbdaf05513', '[\"*\"]', NULL, '2021-10-12 23:15:47', '2021-10-12 23:15:47'),
(64, 'App\\Models\\User', 6, 'auth_token', 'd85757567c13eaccda6165e0216e7463644de28dc712eba618ecb1a6a8f9cee2', '[\"*\"]', NULL, '2021-10-12 23:15:47', '2021-10-12 23:15:47'),
(65, 'App\\Models\\User', 6, 'auth_token', '6babd410e599cc9c341ce1a362558267f98ee6c2a405474423f3a8c683bb4226', '[\"*\"]', NULL, '2021-10-12 23:15:57', '2021-10-12 23:15:57'),
(66, 'App\\Models\\User', 6, 'auth_token', '5588b969051037460bd785cf40c232c49141d91d10754cca89528d4d44bce65e', '[\"*\"]', NULL, '2021-10-12 23:16:28', '2021-10-12 23:16:28'),
(67, 'App\\Models\\User', 6, 'auth_token', '1de1ade3e1b9b4e6096f0fa884784e5ce8876e8606b5222a1658eaf8bca618bc', '[\"*\"]', NULL, '2021-10-12 23:17:08', '2021-10-12 23:17:08'),
(68, 'App\\Models\\User', 6, 'auth_token', '106e0d1358e4b7bc84cf8e8691259c4a9d5c107d1e67d8c567fa0dd8d7c04b11', '[\"*\"]', NULL, '2021-10-12 23:17:13', '2021-10-12 23:17:13'),
(69, 'App\\Models\\User', 6, 'auth_token', '5c3ac39d11a781c002518d53b0deeb8b7259ed538510872432e9097d01a7d172', '[\"*\"]', NULL, '2021-10-12 23:17:29', '2021-10-12 23:17:29'),
(70, 'App\\Models\\User', 6, 'auth_token', '7eb32a1698707bd7f587889355b21dec0133c19fa616dc8eedad2eaf9a0a9eac', '[\"*\"]', NULL, '2021-10-12 23:18:47', '2021-10-12 23:18:47'),
(71, 'App\\Models\\User', 6, 'auth_token', '24680d8fc48c57f1d43b5efd9de094d50bde3be740d36c2122815d7ea9c9a3fe', '[\"*\"]', NULL, '2021-10-12 23:20:47', '2021-10-12 23:20:47'),
(72, 'App\\Models\\User', 6, 'auth_token', '762d04bf4f25f0d7ed241561a875eaaabc4c5a5ad5e0463b004744602a6bac70', '[\"*\"]', NULL, '2021-10-12 23:23:01', '2021-10-12 23:23:01'),
(73, 'App\\Models\\User', 6, 'auth_token', '39c1bc5b65eca55efebbec606dae1cd91e5c2cd4ed285ed591fa62f042467558', '[\"*\"]', NULL, '2021-10-12 23:24:03', '2021-10-12 23:24:03'),
(74, 'App\\Models\\User', 6, 'auth_token', 'bf3c031b44830801513122b492b26e51b8db2cd12cb20b5902b33a4cdba45387', '[\"*\"]', NULL, '2021-10-12 23:24:09', '2021-10-12 23:24:09'),
(75, 'App\\Models\\User', 6, 'auth_token', '13c468e332c5b3fd539ed25fb0fc2449200ad333fc97e85b8f24f2669e81a003', '[\"*\"]', NULL, '2021-10-12 23:24:30', '2021-10-12 23:24:30'),
(76, 'App\\Models\\User', 6, 'auth_token', 'c913911a32dc99ed2040e6b1b9a00e2b7061fb6170ce14f9eedb1f045d56c4f2', '[\"*\"]', NULL, '2021-10-12 23:24:39', '2021-10-12 23:24:39'),
(77, 'App\\Models\\User', 6, 'auth_token', 'c1eb7c2cd5f721b14c44012c70d1e6a8c4c0ab377a5c80946e397f80a7de11dd', '[\"*\"]', NULL, '2021-10-12 23:25:42', '2021-10-12 23:25:42'),
(78, 'App\\Models\\User', 6, 'auth_token', 'a1a085716e66d4f37d705a20f506a5091d013ba943b89903f903f9d4dcfeae9f', '[\"*\"]', NULL, '2021-10-12 23:25:47', '2021-10-12 23:25:47'),
(79, 'App\\Models\\User', 6, 'auth_token', '38e4f24f3cb1a04c710846794d016260f6d5624b1e913f698fb9784ca3f31303', '[\"*\"]', NULL, '2021-10-12 23:25:49', '2021-10-12 23:25:49'),
(80, 'App\\Models\\User', 6, 'auth_token', 'e2c95742c1f9498578f364cf749be51d34618d6f1c64be6c279b61588f5f6633', '[\"*\"]', NULL, '2021-10-12 23:27:05', '2021-10-12 23:27:05'),
(81, 'App\\Models\\User', 6, 'auth_token', '2048806d2d2b3ea1b2a722491d1c686d9e3a9508a91a313965051a1b9ffc3ef4', '[\"*\"]', NULL, '2021-10-12 23:27:34', '2021-10-12 23:27:34'),
(82, 'App\\Models\\User', 6, 'auth_token', 'e09fff79af2070855958a4543a5674d38bf05904b3f4259d770caa52bd538260', '[\"*\"]', NULL, '2021-10-12 23:28:09', '2021-10-12 23:28:09'),
(83, 'App\\Models\\User', 6, 'auth_token', 'c011382da4a94e1debdafd295fbb896cf29aac5707ab5c7cb45b1b63c7c3c022', '[\"*\"]', NULL, '2021-10-12 23:29:11', '2021-10-12 23:29:11'),
(84, 'App\\Models\\User', 6, 'auth_token', 'd64cb5d62c13b16fcd01d91cf6342afad69034d5a7a4e3a73890f8c51e6abdd0', '[\"*\"]', NULL, '2021-10-12 23:30:34', '2021-10-12 23:30:34'),
(85, 'App\\Models\\User', 6, 'auth_token', '91d99862ba342d2313dea83ddfb7904877fedcb2bb2061f0a06fa71dbb2962a0', '[\"*\"]', '2021-10-12 23:37:09', '2021-10-12 23:33:21', '2021-10-12 23:37:09'),
(86, 'App\\Models\\User', 6, 'auth_token', '90f3940381830249d0e03427db1c98497b17e9846208c150026183b8cc10fe8a', '[\"*\"]', '2021-10-12 23:45:01', '2021-10-12 23:37:37', '2021-10-12 23:45:01'),
(87, 'App\\Models\\User', 6, 'auth_token', '680c86918059cdd050c1bc1cb23c4ab4dab491240b967ba45beba3cc7e941474', '[\"*\"]', '2021-10-13 02:56:10', '2021-10-12 23:47:13', '2021-10-13 02:56:10'),
(88, 'App\\Models\\User', 6, 'auth_token', '2955440a30f7fa97eab41e90a2d896013f87a56a22ce54896195f98db64bbfa7', '[\"*\"]', '2021-10-13 03:04:44', '2021-10-13 02:57:17', '2021-10-13 03:04:44'),
(89, 'App\\Models\\User', 6, 'auth_token', 'e5a60e44dd329cb7bfeec8a621029f7d42d2d48a4419139c3008feb4f656b930', '[\"*\"]', NULL, '2021-10-13 03:05:07', '2021-10-13 03:05:07'),
(90, 'App\\Models\\User', 6, 'auth_token', '3452af989129a8595f4170896c8428b1e6a54ca813228b3ecd9ca78763790d05', '[\"*\"]', '2021-10-13 03:09:29', '2021-10-13 03:09:22', '2021-10-13 03:09:29'),
(91, 'App\\Models\\User', 6, 'auth_token', '0f2b6d6fded2266c0265d2e9237a15d03fc06f8876fb7624ea5447e7ac3f710f', '[\"*\"]', '2021-10-13 03:10:50', '2021-10-13 03:10:12', '2021-10-13 03:10:50'),
(92, 'App\\Models\\User', 6, 'auth_token', '4a37f648174050644a9f8d3490e8cd3f3460e6fd9cffcec5671653f9510e86c9', '[\"*\"]', '2021-10-13 03:13:13', '2021-10-13 03:12:52', '2021-10-13 03:13:13'),
(93, 'App\\Models\\User', 6, 'auth_token', '7efd92004a22ea83a25936108abda31fb84e711e0f9aa2e16e7cefedc220fb51', '[\"*\"]', '2021-10-13 03:13:52', '2021-10-13 03:13:21', '2021-10-13 03:13:52'),
(94, 'App\\Models\\User', 6, 'auth_token', '9264e834290faa80354177cc280128e83cda540f1b84efbbe272fc974ff3d1f8', '[\"*\"]', '2021-10-13 03:22:51', '2021-10-13 03:14:04', '2021-10-13 03:22:51'),
(95, 'App\\Models\\User', 6, 'auth_token', 'f7449e2be16d49b932c5d5fb2dae90f153c54766c37a0e2e3c1f657b5f96f9f6', '[\"*\"]', '2021-10-13 11:00:00', '2021-10-13 09:54:36', '2021-10-13 11:00:00'),
(96, 'App\\Models\\User', 6, 'auth_token', '1cf3d43b0bcf9006cb748780d3939c61b195fde138ea052dec671be7516e9447', '[\"*\"]', '2021-10-13 11:03:58', '2021-10-13 11:00:36', '2021-10-13 11:03:58'),
(97, 'App\\Models\\User', 6, 'auth_token', '80521d8f70cad63857280c7a10e7f9d5092dd57d898f0c112cfb1d508627adab', '[\"*\"]', '2021-10-13 11:04:26', '2021-10-13 11:04:10', '2021-10-13 11:04:26'),
(98, 'App\\Models\\User', 6, 'auth_token', 'f469ee6e0d167aa7f0968f8212a880c8496ce550d6b4c1c68c0444961342c95a', '[\"*\"]', '2021-10-13 11:05:11', '2021-10-13 11:05:04', '2021-10-13 11:05:11'),
(99, 'App\\Models\\User', 6, 'auth_token', 'd94f708714c04d254afadf537d57716429f5bbef729939dd016103f54053aed2', '[\"*\"]', '2021-10-13 11:07:02', '2021-10-13 11:06:55', '2021-10-13 11:07:02'),
(100, 'App\\Models\\User', 7, 'auth_token', 'b150f2f986f50a33f3f375dec825cb6479e492ecfeba9a1dd54e050ae0396160', '[\"*\"]', NULL, '2021-10-13 11:07:37', '2021-10-13 11:07:37'),
(101, 'App\\Models\\User', 7, 'auth_token', '8f011096715a4471bc026e17218b1a4fcbc39623dc24ff96323fa39c8d723f01', '[\"*\"]', '2021-10-13 11:08:09', '2021-10-13 11:07:53', '2021-10-13 11:08:09'),
(102, 'App\\Models\\User', 7, 'auth_token', '1f104d1e9f7166ea0f5f3a2752f7fc78fc63a7d0c47a7556fd55bd998953ca5a', '[\"*\"]', '2021-10-13 11:08:50', '2021-10-13 11:08:25', '2021-10-13 11:08:50'),
(103, 'App\\Models\\User', 7, 'auth_token', '5dc7a90ce58f889300b5d850672706b79e9f7dd4de15551affad8697a4f05615', '[\"*\"]', '2021-10-13 11:09:12', '2021-10-13 11:09:05', '2021-10-13 11:09:12'),
(104, 'App\\Models\\User', 6, 'auth_token', '72d3e8fc30fd4b196b49ec4859b9968cbab730adb9b4e5d43bb3e7fb4dac5a20', '[\"*\"]', '2021-10-13 11:09:32', '2021-10-13 11:09:25', '2021-10-13 11:09:32'),
(105, 'App\\Models\\User', 6, 'auth_token', '3a097b8c7c2b6c3906fc802a34a3ebf29722a10093c4a431ec4129ac22d21c8a', '[\"*\"]', '2021-10-13 11:11:13', '2021-10-13 11:09:45', '2021-10-13 11:11:13'),
(106, 'App\\Models\\User', 7, 'auth_token', 'b770f475f47044d5e7d9dcdba504397f9b1137550670cf29368b9d07642b926d', '[\"*\"]', '2021-10-13 11:11:38', '2021-10-13 11:11:26', '2021-10-13 11:11:38'),
(107, 'App\\Models\\User', 6, 'auth_token', '1bc11253421b869e69ec66bafaeaba71f92cc2003c975adcfc1a3a3ab691e581', '[\"*\"]', '2021-10-13 11:11:56', '2021-10-13 11:11:53', '2021-10-13 11:11:56'),
(108, 'App\\Models\\User', 6, 'auth_token', '2209cc1608d9a3ca3a6de737ecbaa6c05b1450ad6b337e63ca49249175e30862', '[\"*\"]', '2021-10-13 14:45:08', '2021-10-13 11:11:54', '2021-10-13 14:45:08'),
(109, 'App\\Models\\User', 6, 'auth_token', 'c24b03e55d22ce4ed26cfa4e015513f6bba9eee397ecf324ae7d328e8f5f9f17', '[\"*\"]', '2021-10-13 14:51:45', '2021-10-13 14:51:40', '2021-10-13 14:51:45'),
(110, 'App\\Models\\User', 6, 'auth_token', '3c4632afa778b2e725e0fd50d8085d4187041b7af88db57b6a4215d437ad926f', '[\"*\"]', '2021-10-13 14:58:36', '2021-10-13 14:51:43', '2021-10-13 14:58:36'),
(111, 'App\\Models\\User', 6, 'auth_token', 'c3f399d67ea7efdbde3e5c873ff905c0a4f9e2156f2c4862646e058c5cbfc6b1', '[\"*\"]', '2021-10-13 14:59:53', '2021-10-13 14:59:42', '2021-10-13 14:59:53'),
(112, 'App\\Models\\User', 6, 'auth_token', '6361de8cbf17b2dbefcbe66a8c8e5d0e29f0b634f6512c2aba69c4e7ff9cb59b', '[\"*\"]', '2021-10-13 15:03:40', '2021-10-13 15:01:37', '2021-10-13 15:03:40'),
(113, 'App\\Models\\User', 8, 'auth_token', '60bdf245948b4dbca44c2e88f7d80ee218a81f4856aa7b9353c10d842fde8f25', '[\"*\"]', NULL, '2021-10-13 15:09:03', '2021-10-13 15:09:03'),
(114, 'App\\Models\\User', 8, 'auth_token', '7bc9af220a86dde3c4bc0d757f69e897b6e36060e06695cb150408be7e33121d', '[\"*\"]', '2021-10-13 15:09:28', '2021-10-13 15:09:22', '2021-10-13 15:09:28'),
(115, 'App\\Models\\User', 6, 'auth_token', 'abe937e42c73dd4d8701307c6430f511f41df99443e9b64bd94284e767ff95e0', '[\"*\"]', '2021-10-13 16:08:34', '2021-10-13 15:13:17', '2021-10-13 16:08:34'),
(116, 'App\\Models\\User', 9, 'auth_token', '85d4d134273d3f5cf3b5df8680fe8263cfe059fab96fd331eca0245675db6c2a', '[\"*\"]', NULL, '2021-10-13 16:28:19', '2021-10-13 16:28:19'),
(117, 'App\\Models\\User', 9, 'auth_token', '9d2a08fe25a24f3c7da296f759968467de6cee412155d7f0c983daf12f1caa1e', '[\"*\"]', '2021-10-13 16:28:49', '2021-10-13 16:28:40', '2021-10-13 16:28:49'),
(118, 'App\\Models\\User', 6, 'auth_token', 'a404eb2f1956deeb8aa45cd377920bb4cd66e50cac2c92813d6c7eebad695a5b', '[\"*\"]', '2021-10-13 16:53:17', '2021-10-13 16:52:58', '2021-10-13 16:53:17'),
(119, 'App\\Models\\User', 6, 'auth_token', 'b131ac771cb97dad00fbb0a60cc87ecf6d9209d9a9d0302101ec3ba957173013', '[\"*\"]', NULL, '2021-10-13 16:53:24', '2021-10-13 16:53:24'),
(120, 'App\\Models\\User', 6, 'auth_token', 'a358c8732a135371327d1974ae30fb558e4a73cf6e3ece7365cfd3c5a60f981a', '[\"*\"]', '2021-10-13 17:33:07', '2021-10-13 16:53:24', '2021-10-13 17:33:07'),
(121, 'App\\Models\\User', 10, 'auth_token', '758ac90db432c2e6ab66c561cb5837a449692a15733565c003b66282fe4ed5e2', '[\"*\"]', NULL, '2021-10-13 18:10:45', '2021-10-13 18:10:45'),
(122, 'App\\Models\\User', 10, 'auth_token', 'f25d676966429122cb77fbb10294e2fc7553409bf3e4861ffaf12a0fc6f51d5f', '[\"*\"]', '2021-10-13 18:12:08', '2021-10-13 18:12:06', '2021-10-13 18:12:08'),
(123, 'App\\Models\\User', 10, 'auth_token', '06e6e17cf209f92e76672e1e70f0c5e9b1d624985b58a14c71286ad3690ee8b5', '[\"*\"]', '2021-10-13 18:22:39', '2021-10-13 18:12:07', '2021-10-13 18:22:39'),
(124, 'App\\Models\\User', 6, 'auth_token', 'bf4bff627b418125758200a6e827484b356c8a92de6f099024c43b13a4bea74e', '[\"*\"]', '2021-10-13 18:26:19', '2021-10-13 18:23:20', '2021-10-13 18:26:19'),
(125, 'App\\Models\\User', 10, 'auth_token', '9c414f272dbd4432f9fab67b30532e61462c147e24f9511b08809d835a2ddd9a', '[\"*\"]', '2021-10-14 05:40:46', '2021-10-13 18:32:19', '2021-10-14 05:40:46'),
(126, 'App\\Models\\User', 6, 'auth_token', '3aa18e18e34df86992b2701d7af3d67e7de3a7bbcd8ee49a763582b1d4a9fdb0', '[\"*\"]', NULL, '2021-10-14 04:44:41', '2021-10-14 04:44:41'),
(127, 'App\\Models\\User', 6, 'auth_token', '3a23697d557f7bafacfa8a9bc52da7b78d8f6f4c3d7c98084acbfb83fc173209', '[\"*\"]', NULL, '2021-10-14 04:53:41', '2021-10-14 04:53:41'),
(128, 'App\\Models\\User', 6, 'auth_token', '2354bcbff38c8dcef2d9ec5c375e5b150d659b24881112fad0b8f142e65ea41c', '[\"*\"]', NULL, '2021-10-14 04:54:24', '2021-10-14 04:54:24'),
(129, 'App\\Models\\User', 6, 'auth_token', 'b519ea0e55250b281faa3de3d66ef629f95e975ebfb650da289140f040e758e0', '[\"*\"]', NULL, '2021-10-14 04:57:48', '2021-10-14 04:57:48'),
(130, 'App\\Models\\User', 6, 'auth_token', 'dedcd0d9734dd2bc2edcde8a6ce13aede646304f9bbd3b0e365fd971ed933b9d', '[\"*\"]', NULL, '2021-10-14 05:07:40', '2021-10-14 05:07:40'),
(131, 'App\\Models\\User', 6, 'auth_token', '4d2fcb17f3e60900698145debe60bdb7c77b44700a96f26790f830e3f95840c9', '[\"*\"]', NULL, '2021-10-14 05:10:45', '2021-10-14 05:10:45'),
(132, 'App\\Models\\User', 6, 'auth_token', 'f61a094c71dead88778b7dcd4af41e71df67b31a955b00df6620522520bfb94c', '[\"*\"]', NULL, '2021-10-14 05:21:51', '2021-10-14 05:21:51'),
(133, 'App\\Models\\User', 6, 'auth_token', 'd8dbafd9479bc9fb556711bfbcfc23db0cf63c1f4b33b2bfc0f8e16856ce2008', '[\"*\"]', NULL, '2021-10-14 05:22:03', '2021-10-14 05:22:03'),
(134, 'App\\Models\\User', 6, 'auth_token', '6e2b85405a2ef4546d754bca36853c293c9cc7fe3e6ea09c35b00e69d44b3d26', '[\"*\"]', NULL, '2021-10-14 05:22:05', '2021-10-14 05:22:05'),
(135, 'App\\Models\\User', 6, 'auth_token', 'fbff5217acb4f818115d4821e5fa2efaac1ffdc9a7b1b61a3c09d3b35f46365e', '[\"*\"]', NULL, '2021-10-14 05:22:41', '2021-10-14 05:22:41'),
(136, 'App\\Models\\User', 6, 'auth_token', 'fe6f2bd101d835bcc7b316f489b8794941dbe9418339c3f3baf61a7239963632', '[\"*\"]', NULL, '2021-10-14 05:23:13', '2021-10-14 05:23:13'),
(137, 'App\\Models\\User', 6, 'auth_token', 'e2f2068bf85ec42646d88d0fd61a2d20b2e845ebc2c6fa7443489da30c72acc9', '[\"*\"]', NULL, '2021-10-14 05:23:59', '2021-10-14 05:23:59'),
(138, 'App\\Models\\User', 6, 'auth_token', 'f78ed62288cdf3f570c5aa0ebcc2d93e038a82dfc77dc55e744c9c27f791de17', '[\"*\"]', NULL, '2021-10-14 05:24:07', '2021-10-14 05:24:07'),
(139, 'App\\Models\\User', 6, 'auth_token', '01b13c3e21b46cf8a63677101fd9f24313a7e12d96da0b676280944298c3808f', '[\"*\"]', NULL, '2021-10-14 05:24:53', '2021-10-14 05:24:53'),
(140, 'App\\Models\\User', 6, 'auth_token', '115245a3ca617220efeb1adcf9a8d4e8f92e4afbb5550fa03af79e283afaeb99', '[\"*\"]', NULL, '2021-10-14 05:26:37', '2021-10-14 05:26:37'),
(141, 'App\\Models\\User', 6, 'auth_token', 'f0c27b460b44a60924df218e59ab622b07ad4643f2459e95e1c5918f282d3936', '[\"*\"]', NULL, '2021-10-14 05:27:39', '2021-10-14 05:27:39'),
(142, 'App\\Models\\User', 6, 'auth_token', 'f8a517c8370cd9c53425c38f181d56129350c8eb20ef1a8ff436bc6662543bdb', '[\"*\"]', NULL, '2021-10-14 05:27:39', '2021-10-14 05:27:39'),
(143, 'App\\Models\\User', 6, 'auth_token', '0ff9245905fd8e125f781d7153f3fafd4690f9d4d755047d3adf6a4717272fa9', '[\"*\"]', NULL, '2021-10-14 05:28:34', '2021-10-14 05:28:34'),
(144, 'App\\Models\\User', 6, 'auth_token', '72c5eeca65863feea9f619ba74d1fd976cab453615752b3dd4a707ee5796205a', '[\"*\"]', NULL, '2021-10-14 05:33:37', '2021-10-14 05:33:37'),
(145, 'App\\Models\\User', 6, 'auth_token', '5ab879e8f2cb59ed56d9da9b4681afe3a70f3caa926ebd51caa01b9c5b062d27', '[\"*\"]', '2021-10-14 05:41:54', '2021-10-14 05:41:26', '2021-10-14 05:41:54'),
(146, 'App\\Models\\User', 6, 'auth_token', '4e564f4387a38f35c008ee2ae6f5c9abc59dda1c2341fb82b9e6e77431da63d5', '[\"*\"]', '2021-10-14 05:45:30', '2021-10-14 05:45:12', '2021-10-14 05:45:30'),
(147, 'App\\Models\\User', 6, 'auth_token', '03023b36b174706cf1299c04ee8efc2f1b95e449eb28779857af0a77815905ce', '[\"*\"]', '2021-10-14 05:47:16', '2021-10-14 05:46:49', '2021-10-14 05:47:16'),
(148, 'App\\Models\\User', 6, 'auth_token', '4f9bfa45761339e3fab6ed1d667edc89f4c373f05fc5a3c6bc1afdab9118b9c5', '[\"*\"]', '2021-10-14 05:48:15', '2021-10-14 05:48:08', '2021-10-14 05:48:15'),
(149, 'App\\Models\\User', 6, 'auth_token', '711854014454be02f51d9c831e18dfed13cfdfac12519d3faf74c0032ef33192', '[\"*\"]', NULL, '2021-10-14 05:50:12', '2021-10-14 05:50:12'),
(150, 'App\\Models\\User', 6, 'auth_token', '5e9839d248c343ae39b55c13ea775524789e0575ffd3641a4c58e026bf56898f', '[\"*\"]', NULL, '2021-10-14 05:50:28', '2021-10-14 05:50:28'),
(151, 'App\\Models\\User', 6, 'auth_token', 'fd67b87738b9b03ff04d8237a2ab35e35c0a666a97c58b07d6b9d7dfa4b7bbc0', '[\"*\"]', '2021-10-14 06:05:02', '2021-10-14 06:05:02', '2021-10-14 06:05:02'),
(152, 'App\\Models\\User', 6, 'auth_token', 'c4606d244a9ff0d756d2587a2a361d49c8d8c34e2a125ee0ee16a734cd430986', '[\"*\"]', '2021-10-14 06:09:13', '2021-10-14 06:09:12', '2021-10-14 06:09:13'),
(153, 'App\\Models\\User', 6, 'auth_token', 'ed6255dfca60499785d2dc2b9e6e884a54bf8d2879cc57dbc1a644de1c05d3bf', '[\"*\"]', '2021-10-14 06:09:58', '2021-10-14 06:09:58', '2021-10-14 06:09:58'),
(154, 'App\\Models\\User', 6, 'auth_token', '778e616df038c04baf9a24db2fd41ec4c7ac44b0efd4756623253fdadf82ba7d', '[\"*\"]', '2021-10-14 06:10:26', '2021-10-14 06:10:26', '2021-10-14 06:10:26'),
(155, 'App\\Models\\User', 6, 'auth_token', '1e299fd4bdca4ef8d0c77825b558f0c020f2fc02891ea12b732735d43ef08b81', '[\"*\"]', '2021-10-14 06:11:48', '2021-10-14 06:11:48', '2021-10-14 06:11:48'),
(156, 'App\\Models\\User', 6, 'auth_token', 'cee51526ff7ff9dd9fe1ece3f8812f22ed74c695091a26a2d58ae9201a3026ce', '[\"*\"]', '2021-10-14 06:12:14', '2021-10-14 06:12:14', '2021-10-14 06:12:14'),
(157, 'App\\Models\\User', 6, 'auth_token', '0fd3034172df33419e6b73b00b69af6c2073cbb5ff739356003cb9f902906893', '[\"*\"]', '2021-10-14 06:13:16', '2021-10-14 06:13:16', '2021-10-14 06:13:16'),
(158, 'App\\Models\\User', 6, 'auth_token', '4eeca084611e82ceb2100c3a6e997c5d2de2589b8585b46593b3bc0671f853cf', '[\"*\"]', '2021-10-14 06:18:59', '2021-10-14 06:18:58', '2021-10-14 06:18:59'),
(159, 'App\\Models\\User', 6, 'auth_token', '0b963227d317567323c69bf1bebdcbc7a896994bf994287d9a5786746b95a6d5', '[\"*\"]', '2021-10-14 06:19:52', '2021-10-14 06:19:51', '2021-10-14 06:19:52'),
(160, 'App\\Models\\User', 6, 'auth_token', '6e8f681ac28f66d7357dc63b4e18f5cf5b23c16cbca9fe806dae0feef8ac6d40', '[\"*\"]', '2021-10-14 06:20:25', '2021-10-14 06:20:24', '2021-10-14 06:20:25'),
(161, 'App\\Models\\User', 6, 'auth_token', '8e3fb0b75619cbf3e5f33b177c56f5f8cc406fc6ab2f2c52faa25f3ad7d26f74', '[\"*\"]', '2021-10-14 06:22:33', '2021-10-14 06:22:33', '2021-10-14 06:22:33'),
(162, 'App\\Models\\User', 6, 'auth_token', '0c6e448ccb35fbae3672507599609b7d5c5bf24cbd01a013f01d41901391c82e', '[\"*\"]', '2021-10-14 06:26:05', '2021-10-14 06:26:05', '2021-10-14 06:26:05'),
(163, 'App\\Models\\User', 6, 'auth_token', 'f3e08688b05f01ecac569a23e00a04a74097edd1459556ca4aed5159b78a6901', '[\"*\"]', '2021-10-14 06:26:12', '2021-10-14 06:26:11', '2021-10-14 06:26:12'),
(164, 'App\\Models\\User', 6, 'auth_token', '611533bbdbcd7ad3f64c1fb6f17a500281456167c82c0dcdd4b09473f070ef43', '[\"*\"]', '2021-10-14 06:27:01', '2021-10-14 06:27:00', '2021-10-14 06:27:01'),
(165, 'App\\Models\\User', 6, 'auth_token', '35536849400c114dde3821829e196f02e2c56ed3ed1f9d131ac12b521a73f3d1', '[\"*\"]', '2021-10-14 06:28:05', '2021-10-14 06:28:02', '2021-10-14 06:28:05'),
(166, 'App\\Models\\User', 6, 'auth_token', 'ef31e012ba090c4bcb671360ae49c2fea5ba6d2467f3dba1fcb6e65da94a25b6', '[\"*\"]', '2021-10-14 06:31:42', '2021-10-14 06:31:42', '2021-10-14 06:31:42'),
(167, 'App\\Models\\User', 6, 'auth_token', '127b6b8541ad4f1d8a2c1bbe328e9d8efb05880d1b5e9cdbcdb830cc8180ac5c', '[\"*\"]', '2021-10-14 06:36:57', '2021-10-14 06:36:56', '2021-10-14 06:36:57'),
(168, 'App\\Models\\User', 6, 'auth_token', '3bf8b10fec19e3465f31c011d74023616dbed0f1631563f5205a5698539ff41b', '[\"*\"]', '2021-10-14 06:41:21', '2021-10-14 06:41:21', '2021-10-14 06:41:21'),
(169, 'App\\Models\\User', 6, 'auth_token', '58961f1de05624d1305eab5a2b221c98f588fa12fd8ad93e94d840def97dddec', '[\"*\"]', '2021-10-14 06:41:59', '2021-10-14 06:41:59', '2021-10-14 06:41:59'),
(170, 'App\\Models\\User', 6, 'auth_token', 'd09d7eb96247e56297f59a4da7726323bef7a984e3e29cdbeae0bbd5ea7eb9a8', '[\"*\"]', '2021-10-14 14:17:01', '2021-10-14 14:17:01', '2021-10-14 14:17:01'),
(171, 'App\\Models\\User', 6, 'auth_token', 'e617dbd191a443b5a219d9eed613a426a191e579d4c37b689fd091d7f5e16135', '[\"*\"]', '2021-10-14 14:20:18', '2021-10-14 14:20:18', '2021-10-14 14:20:18'),
(172, 'App\\Models\\User', 6, 'auth_token', 'b6bd41d2559a3503e2aa1f28632a45cc2c49ef9910fbad60e9ef6bf1053bb72f', '[\"*\"]', '2021-10-14 14:23:12', '2021-10-14 14:23:12', '2021-10-14 14:23:12'),
(173, 'App\\Models\\User', 6, 'auth_token', 'd70b7def29fa3cd50e7a2de228e1f38a880ebdd5405098ed2bab335661670258', '[\"*\"]', '2021-10-14 14:28:02', '2021-10-14 14:28:02', '2021-10-14 14:28:02'),
(174, 'App\\Models\\User', 6, 'auth_token', 'fd86a0830be22fdeffe7a5545f86c61f76ef0973cf970930248eb82bd06c0e3a', '[\"*\"]', '2021-10-14 19:46:07', '2021-10-14 19:46:07', '2021-10-14 19:46:07'),
(175, 'App\\Models\\User', 6, 'auth_token', '3190b66dcfa26920a7e1b43e1e07e1950d33d635b7f1e790b3af526c790f4925', '[\"*\"]', '2021-10-14 19:47:48', '2021-10-14 19:47:48', '2021-10-14 19:47:48'),
(176, 'App\\Models\\User', 6, 'auth_token', 'ff98acc13646c5bea06d5e5850f58f06f22607eae800c5ee5307c3cca7ed74b9', '[\"*\"]', '2021-10-14 19:49:04', '2021-10-14 19:49:04', '2021-10-14 19:49:04'),
(177, 'App\\Models\\User', 6, 'auth_token', '794430502bf05cf36129bcca8fe984321f4e25391e15857c9146eef1f0b58b42', '[\"*\"]', '2021-10-14 19:49:56', '2021-10-14 19:49:55', '2021-10-14 19:49:56'),
(178, 'App\\Models\\User', 6, 'auth_token', '5cb6783a3908873625e713826e0530fe9511668db54aad1547c347c1dadf92c2', '[\"*\"]', '2021-10-14 19:54:52', '2021-10-14 19:54:52', '2021-10-14 19:54:52'),
(179, 'App\\Models\\User', 6, 'auth_token', '0d756dfc06b88412eee634bce30884e62a38c4abaa4eff0592abcf1ce95c2907', '[\"*\"]', '2021-10-14 22:17:17', '2021-10-14 22:17:15', '2021-10-14 22:17:17'),
(180, 'App\\Models\\User', 6, 'auth_token', '72e4333d9d4fcd423f33b3144cc0807b1a560d01a5aacc7c1a11a9862cf8f5c6', '[\"*\"]', '2021-10-14 22:51:46', '2021-10-14 22:44:31', '2021-10-14 22:51:46'),
(181, 'App\\Models\\User', 6, 'auth_token', '27f73e926f0d967e20ca2054979837fec29a4c839703d1459406dc28063e930a', '[\"*\"]', '2021-10-14 23:12:24', '2021-10-14 23:12:24', '2021-10-14 23:12:24'),
(182, 'App\\Models\\User', 6, 'auth_token', '2414c541886d222a33e8089bd7f892c51ea6d8197ea7e4af83ebd4596e5d43de', '[\"*\"]', '2021-10-14 23:36:57', '2021-10-14 23:36:57', '2021-10-14 23:36:57'),
(183, 'App\\Models\\User', 6, 'auth_token', 'e1200ddd326f19c7d24d288a4697bd7fcfee8c44bfbdcab89aa6d8d06df88fd9', '[\"*\"]', '2021-10-15 01:32:41', '2021-10-15 01:32:41', '2021-10-15 01:32:41'),
(184, 'App\\Models\\User', 6, 'auth_token', '3c20bda3a1715f91a1b9169cd3a1b8d3000fd66305084ad948bef6db55cb9c42', '[\"*\"]', '2021-10-15 01:32:55', '2021-10-15 01:32:55', '2021-10-15 01:32:55'),
(185, 'App\\Models\\User', 6, 'auth_token', 'adf46dc2f1b230baaef250d9ede1dca19471f8e9601c03dd5c3ad492530cd2f7', '[\"*\"]', '2021-10-15 01:33:14', '2021-10-15 01:33:14', '2021-10-15 01:33:14'),
(186, 'App\\Models\\User', 6, 'auth_token', 'a10ee24a5fecb00b80421ae8814e772467faecfd05d1215c1692b33aee6c71f5', '[\"*\"]', '2021-10-15 01:33:43', '2021-10-15 01:33:43', '2021-10-15 01:33:43'),
(187, 'App\\Models\\User', 6, 'auth_token', '0e110dc7dc16fe04301693c040b38164decc814cd8963153eacf13bdad2e5db2', '[\"*\"]', '2021-10-15 01:36:49', '2021-10-15 01:36:49', '2021-10-15 01:36:49'),
(188, 'App\\Models\\User', 6, 'auth_token', '2213c90657af37d1b3351ab9ca6db5502a280e5d1a026a4a106bff529e8ba1e7', '[\"*\"]', '2021-10-15 01:49:02', '2021-10-15 01:49:01', '2021-10-15 01:49:02'),
(189, 'App\\Models\\User', 6, 'auth_token', '5b2f7020692455120b74bd0448c4d4f176f5ab34397f0678a987455d9c6bc365', '[\"*\"]', '2021-10-15 03:51:26', '2021-10-15 03:51:26', '2021-10-15 03:51:26'),
(190, 'App\\Models\\User', 6, 'auth_token', 'c5ecae4ddf09212a47ac536ab71da400891b92af91b328b83a9299d5155ae213', '[\"*\"]', '2021-10-15 03:53:44', '2021-10-15 03:53:43', '2021-10-15 03:53:44'),
(191, 'App\\Models\\User', 6, 'auth_token', '06e264ee8de587cb7a8ca8a5a9c9d80b172d9d3f43bf4e8764dbc5d568c0afd7', '[\"*\"]', '2021-10-15 03:59:23', '2021-10-15 03:59:23', '2021-10-15 03:59:23'),
(192, 'App\\Models\\User', 6, 'auth_token', 'cdfb14b2d9b8844c3c95ef3734a0c44a2525e2b4bd13f2e6da3122689cd48d30', '[\"*\"]', '2021-10-15 04:02:11', '2021-10-15 04:02:11', '2021-10-15 04:02:11'),
(193, 'App\\Models\\User', 6, 'auth_token', 'b811c5fc6af6ba315dd06bdefde1de44586da4f6125b951ca04535b83739290b', '[\"*\"]', '2021-10-15 04:10:34', '2021-10-15 04:10:34', '2021-10-15 04:10:34'),
(194, 'App\\Models\\User', 13, 'auth_token', 'a1fcca4e585e62324cc53b94d0701484df91ed090c222f4efc3873eac8d1991d', '[\"*\"]', NULL, '2021-10-15 04:13:10', '2021-10-15 04:13:10'),
(195, 'App\\Models\\User', 13, 'auth_token', '89790613c93fc3d252d4d3591854eff8541835359be48cb0ac6e57e4f4e86430', '[\"*\"]', '2021-10-15 04:13:43', '2021-10-15 04:13:43', '2021-10-15 04:13:43'),
(196, 'App\\Models\\User', 6, 'auth_token', 'fe5c5c7adc24d1ceb7060a0084702fde7dafd6a1476eef89200a255172930281', '[\"*\"]', '2021-10-15 04:22:36', '2021-10-15 04:22:36', '2021-10-15 04:22:36'),
(197, 'App\\Models\\User', 6, 'auth_token', '0ac73779fceb203f88fa5cdbc49e08eebf7645023baac822c765ec9cc3be43c7', '[\"*\"]', '2021-10-15 05:02:42', '2021-10-15 05:02:42', '2021-10-15 05:02:42'),
(198, 'App\\Models\\User', 6, 'auth_token', '9492bf8f3ee1d95f0418c09c9dc0dad7d508dc1a2377f53ce106cb2b9c400bf3', '[\"*\"]', '2021-10-15 05:11:53', '2021-10-15 05:11:53', '2021-10-15 05:11:53'),
(199, 'App\\Models\\User', 6, 'auth_token', 'da60873ec234b64fe23ef6eeb774a1c15f2e1e3cf1ca64f7da1c0b42ae2542d3', '[\"*\"]', '2021-10-15 05:15:40', '2021-10-15 05:15:40', '2021-10-15 05:15:40'),
(200, 'App\\Models\\User', 6, 'auth_token', '2bbd3e41f996d512e9f83db874f97b5231a7402fd269589287114bd2ea084d9a', '[\"*\"]', '2021-10-15 11:44:20', '2021-10-15 11:44:20', '2021-10-15 11:44:20'),
(201, 'App\\Models\\User', 14, 'auth_token', '22c0b01e5ee7d7d47da111e86bdabe561805cd6bac9895b2292ad610e1091125', '[\"*\"]', NULL, '2021-10-15 12:50:35', '2021-10-15 12:50:35'),
(202, 'App\\Models\\User', 14, 'auth_token', 'eb8e4b79a18b68a06ff04953b6e18e83fdbb86aaec854d036a1f310bf10875aa', '[\"*\"]', '2021-10-15 12:51:38', '2021-10-15 12:51:38', '2021-10-15 12:51:38'),
(203, 'App\\Models\\User', 15, 'auth_token', '9d0b9f702330e37c4260f966456d681f65fe8e0d73e19f07d8943910ee3b20c8', '[\"*\"]', NULL, '2021-10-15 12:52:38', '2021-10-15 12:52:38'),
(204, 'App\\Models\\User', 16, 'auth_token', '41c51c972ab58f6c971dd3bdf2afed735a63faf95fef7156b899b65fb301a6a9', '[\"*\"]', NULL, '2021-10-15 13:01:41', '2021-10-15 13:01:41'),
(205, 'App\\Models\\User', 16, 'auth_token', '58d2b044389ed6222d01894b99c230c9776bd93bbe2703a8b6fb09c72ae525f7', '[\"*\"]', '2021-10-15 13:02:07', '2021-10-15 13:02:06', '2021-10-15 13:02:07'),
(206, 'App\\Models\\User', 16, 'auth_token', 'a90c7468f6dc5749d70f522862510ca6045f86ddee3801467f10a419f7460575', '[\"*\"]', '2021-10-15 13:08:30', '2021-10-15 13:08:27', '2021-10-15 13:08:30'),
(207, 'App\\Models\\User', 16, 'auth_token', '5ccb5499bc86eb021da0a2e8953798fadf1c77cc72eeee420daf837bc35fdef9', '[\"*\"]', '2021-10-15 13:08:36', '2021-10-15 13:08:36', '2021-10-15 13:08:36'),
(208, 'App\\Models\\User', 6, 'auth_token', '663e05a8b91fd5a1e43ae1000cedc22d734b0f1e76e6b87ed7bf46aef5312f4d', '[\"*\"]', '2021-10-15 14:01:18', '2021-10-15 14:01:18', '2021-10-15 14:01:18'),
(209, 'App\\Models\\User', 6, 'auth_token', '36653fad91e713d8661817ab8982421451a307151f1ff6fd4e429a28381f6594', '[\"*\"]', '2021-10-15 14:02:14', '2021-10-15 14:02:14', '2021-10-15 14:02:14'),
(210, 'App\\Models\\User', 6, 'auth_token', 'd02e882cfa134b0b0a1fc32caea4381373829488af62b9a51a9e28f24e6ba9bc', '[\"*\"]', '2021-10-15 14:12:50', '2021-10-15 14:12:50', '2021-10-15 14:12:50'),
(211, 'App\\Models\\User', 17, 'auth_token', '41e2b46dcc89d7431137d67d346b67f8eb41f1be440e42ba632a8f1aecf16565', '[\"*\"]', NULL, '2021-10-15 14:36:56', '2021-10-15 14:36:56'),
(212, 'App\\Models\\User', 17, 'auth_token', 'a7a70cd86eb00f03e48b80dcc960392dd5fb44d3739ec7c7fd831c7f3e84fb2e', '[\"*\"]', '2021-10-15 14:37:17', '2021-10-15 14:37:17', '2021-10-15 14:37:17'),
(213, 'App\\Models\\User', 6, 'auth_token', 'd3687ece039550fb87b17b87931e59129662f78053fd17668d168aa80bc19ae7', '[\"*\"]', '2021-10-15 14:51:46', '2021-10-15 14:51:46', '2021-10-15 14:51:46'),
(214, 'App\\Models\\User', 6, 'auth_token', '03f59b564c4d39b093d0c7795ceb750305c93e8ad03d5a9dbb009f256d1adbce', '[\"*\"]', '2021-10-15 14:56:46', '2021-10-15 14:56:46', '2021-10-15 14:56:46'),
(215, 'App\\Models\\User', 6, 'auth_token', '112b110b65fbf5c9a892df49ba9e814e22443e73bcbbf04c8f38d45d94d614fc', '[\"*\"]', '2021-10-15 16:37:06', '2021-10-15 16:37:06', '2021-10-15 16:37:06'),
(216, 'App\\Models\\User', 16, 'auth_token', 'cec9c485be1d012cfeaee4faf31e7d452bf2d1a95e6b172f64b1c80fe61f868a', '[\"*\"]', '2021-10-15 17:08:45', '2021-10-15 17:08:45', '2021-10-15 17:08:45'),
(217, 'App\\Models\\User', 6, 'auth_token', '13a4280d4e109cce804846efbad988457f49bed897d0dc2a148a7b751da92564', '[\"*\"]', '2021-10-15 17:26:28', '2021-10-15 17:26:28', '2021-10-15 17:26:28'),
(218, 'App\\Models\\User', 6, 'auth_token', 'cd069d43aa2ef5faa3a100026cd51c88377df1ca719469d6cd9c8d99c71f5cea', '[\"*\"]', '2021-10-15 17:29:22', '2021-10-15 17:29:22', '2021-10-15 17:29:22'),
(219, 'App\\Models\\User', 6, 'auth_token', 'cf0639a90c508897d5096f7eefc6465afee23b8fabde070fa98db1db90ef4819', '[\"*\"]', '2021-10-15 17:43:46', '2021-10-15 17:43:46', '2021-10-15 17:43:46'),
(220, 'App\\Models\\User', 13, 'auth_token', '539f7ff31cafccf35618e8aa6e829410b08ce1c22f2453428e647d6e10da526a', '[\"*\"]', '2021-10-15 18:21:36', '2021-10-15 18:21:36', '2021-10-15 18:21:36'),
(221, 'App\\Models\\User', 6, 'auth_token', 'f87b8cfe02f37f074a03027939246b68d2e2d9b9cd129dc22e74158c9d9ca502', '[\"*\"]', '2021-10-15 18:21:58', '2021-10-15 18:21:58', '2021-10-15 18:21:58'),
(222, 'App\\Models\\User', 6, 'auth_token', '4fe5bed600041f1aa663f252aa8585f82ad00e2b0353091512b31b94fd0b6656', '[\"*\"]', '2021-10-15 18:24:36', '2021-10-15 18:24:36', '2021-10-15 18:24:36'),
(223, 'App\\Models\\User', 6, 'auth_token', 'ee4e5f97b56c2910c9c7ac4af11b691d59701b9f3c04c6757facd7435833f3f2', '[\"*\"]', '2021-10-15 18:25:26', '2021-10-15 18:25:25', '2021-10-15 18:25:26'),
(224, 'App\\Models\\User', 16, 'auth_token', 'd0320953ed50b6ef3133a17467825ac767dec22c4d7ae03d28ce306be11a255f', '[\"*\"]', '2021-10-15 19:05:21', '2021-10-15 19:05:20', '2021-10-15 19:05:21'),
(225, 'App\\Models\\User', 13, 'auth_token', 'e1a1f0e5bfbeeadbe7504ff64791379562d0c3c7fb378f798046b096fc98c9bb', '[\"*\"]', '2021-10-15 19:12:50', '2021-10-15 19:12:50', '2021-10-15 19:12:50'),
(226, 'App\\Models\\User', 6, 'auth_token', '5be01c2be9f5ee9d9384e580a682cf03335cbc0434df7037b1c281e82f9785f9', '[\"*\"]', '2021-10-15 19:13:23', '2021-10-15 19:13:23', '2021-10-15 19:13:23'),
(227, 'App\\Models\\User', 6, 'auth_token', '0401dd59cbeeaa7c1fe39e6b8cc3b779a3250c288fd2447a4e2caa913b0d4e33', '[\"*\"]', '2021-10-15 21:03:41', '2021-10-15 21:03:41', '2021-10-15 21:03:41'),
(228, 'App\\Models\\User', 6, 'auth_token', 'a68873ebd3bab6b39909e40ecf97c160964668c7aead7c635a88c91cbe84200b', '[\"*\"]', '2021-10-15 22:01:42', '2021-10-15 22:01:42', '2021-10-15 22:01:42'),
(229, 'App\\Models\\User', 6, 'auth_token', '8ac648de48bb6f4ecac85f29540c5b6b833bdc5a185c36ed6833895e9412a36f', '[\"*\"]', '2021-10-16 03:52:25', '2021-10-16 03:52:25', '2021-10-16 03:52:25'),
(230, 'App\\Models\\User', 6, 'auth_token', 'cfbed076062970198e9008ffa496d8a223df4fad39a1472e24e7fb51e112b50c', '[\"*\"]', '2021-10-16 03:59:35', '2021-10-16 03:59:35', '2021-10-16 03:59:35'),
(231, 'App\\Models\\User', 6, 'auth_token', '159909245f5f327527ab555630d26170030cdcfbc863044c4135e9a3701d3dcd', '[\"*\"]', '2021-10-16 03:59:52', '2021-10-16 03:59:52', '2021-10-16 03:59:52'),
(232, 'App\\Models\\User', 6, 'auth_token', '4b019dc47f7a53d66e962c322d54b1cf74acfee286352f58651f07e136ee75d5', '[\"*\"]', '2021-10-16 05:10:19', '2021-10-16 05:10:19', '2021-10-16 05:10:19'),
(233, 'App\\Models\\User', 6, 'auth_token', '9d0a6c5f44ae6cab7debb68584fb065a093f2b4c1a7e0bd098e646360c489374', '[\"*\"]', '2021-10-16 06:55:24', '2021-10-16 06:55:24', '2021-10-16 06:55:24'),
(234, 'App\\Models\\User', 18, 'auth_token', '3a095e74d1b93cc0168f0ffc94c25c0fbd06da6fe145e60e08fa8f46731b63c2', '[\"*\"]', NULL, '2021-10-16 09:41:59', '2021-10-16 09:41:59'),
(235, 'App\\Models\\User', 18, 'auth_token', '9c0353eac6bb2babae55fe77831ad9fd72582b33d9c331669c85589d9091895f', '[\"*\"]', '2021-10-16 09:42:11', '2021-10-16 09:42:10', '2021-10-16 09:42:11'),
(236, 'App\\Models\\User', 6, 'auth_token', 'a0bd14ee60e8f8861f342ea0eb33749a5690b35af7e3019de4cca90c35024f08', '[\"*\"]', '2021-10-16 09:47:16', '2021-10-16 09:47:15', '2021-10-16 09:47:16'),
(237, 'App\\Models\\User', 6, 'auth_token', '0857b09eb7eda6e35762034e01e8d46aa0acea25084a21f8fe7eccea5ca49593', '[\"*\"]', '2021-10-16 09:47:55', '2021-10-16 09:47:55', '2021-10-16 09:47:55'),
(238, 'App\\Models\\User', 6, 'auth_token', 'bcafabefff2e1a0a93f2bf0bcb9aa8effe44dab800283d16b1abe80a33a408f9', '[\"*\"]', '2021-10-16 09:48:20', '2021-10-16 09:48:20', '2021-10-16 09:48:20'),
(239, 'App\\Models\\User', 1, 'auth_token', 'ce8a0a410f34293d10021c191aa1fdb27b19ca889c428721b3c097fc74378983', '[\"*\"]', '2021-10-16 18:16:10', '2021-10-16 18:16:10', '2021-10-16 18:16:10'),
(240, 'App\\Models\\User', 6, 'auth_token', '4923d195c2e26c71b9125963260eabd2ebb278ebbe636f5c741cc89fc85447f1', '[\"*\"]', '2021-10-16 18:22:09', '2021-10-16 18:22:09', '2021-10-16 18:22:09'),
(241, 'App\\Models\\User', 6, 'auth_token', 'e369871cec584c287265d37fb901d44fbc14a7833c7a7f52d4643d8f6c536907', '[\"*\"]', '2021-10-16 20:02:35', '2021-10-16 20:02:35', '2021-10-16 20:02:35'),
(242, 'App\\Models\\User', 6, 'auth_token', '5fdbf990c60c65fe5ec821de8dfb07649843e1a4d962a7d9506540bf2c046f61', '[\"*\"]', '2021-10-16 20:03:53', '2021-10-16 20:03:53', '2021-10-16 20:03:53'),
(243, 'App\\Models\\User', 1, 'auth_token', '9defdb7727bf3f56983b68beb12651ac5dd7573a381e3d68f555f239ef6d626f', '[\"*\"]', '2021-10-17 02:06:28', '2021-10-17 02:06:28', '2021-10-17 02:06:28'),
(244, 'App\\Models\\User', 6, 'auth_token', 'd3737a61aba2326846c7a4da598224978f288deb86feff3d83c57e633a50e97c', '[\"*\"]', '2021-10-17 03:43:11', '2021-10-17 03:43:11', '2021-10-17 03:43:11'),
(245, 'App\\Models\\User', 6, 'auth_token', '3b69361961e29768875ad8ee2948032fb0bbc589cbf36613f8296e3cf0e2c8a9', '[\"*\"]', '2021-10-17 19:29:39', '2021-10-17 19:29:39', '2021-10-17 19:29:39'),
(246, 'App\\Models\\User', 6, 'auth_token', 'f6bdf960aa3e93758f656c50a2713727cd7911617c8087a27279a2cc29d73936', '[\"*\"]', '2021-10-17 19:29:46', '2021-10-17 19:29:45', '2021-10-17 19:29:46'),
(247, 'App\\Models\\User', 6, 'auth_token', '479459f69b785b636a5d54abcfc75df4d8f6914335e25582a78726c1323887b3', '[\"*\"]', '2021-10-17 21:13:03', '2021-10-17 21:13:03', '2021-10-17 21:13:03'),
(248, 'App\\Models\\User', 6, 'auth_token', 'a19e846deb3a09090f622935b7cb697d9321118afc8d26ba9f857e5107d3ba91', '[\"*\"]', '2021-10-18 14:51:27', '2021-10-18 14:51:26', '2021-10-18 14:51:27'),
(249, 'App\\Models\\User', 6, 'auth_token', '7309f5dfc19334625dee925c76457c641274951d5a3aa43e3d08a1f0306983fe', '[\"*\"]', '2021-10-18 14:51:40', '2021-10-18 14:51:39', '2021-10-18 14:51:40'),
(250, 'App\\Models\\User', 1, 'auth_token', '70424cdf57ca3edd4dd7b1b7765fc1c67010426955c4d32aeaba727afda3e525', '[\"*\"]', '2021-10-18 16:14:55', '2021-10-18 16:14:55', '2021-10-18 16:14:55'),
(251, 'App\\Models\\User', 6, 'auth_token', '52164841671e8d334c6dd0531bf311a79569fa1ee1160f44cb50abce9709273f', '[\"*\"]', '2021-10-18 16:56:03', '2021-10-18 16:56:03', '2021-10-18 16:56:03'),
(252, 'App\\Models\\User', 1, 'auth_token', '215dafe9f9e32fd55670e348ee23256d4b6a8c33b59b1262d796772bdb765196', '[\"*\"]', '2021-10-18 17:56:43', '2021-10-18 17:56:42', '2021-10-18 17:56:43'),
(253, 'App\\Models\\User', 6, 'auth_token', 'ddcb7c9a96ddbda7588c05461f8f3a749b990eca1f84fb5d3cbaa5cd7cf000b8', '[\"*\"]', '2021-10-18 18:23:24', '2021-10-18 18:23:24', '2021-10-18 18:23:24'),
(254, 'App\\Models\\User', 6, 'auth_token', '37ce94295e04ddb4046053d52e3117f6b3194e0a5aa7393e510dd169305054ea', '[\"*\"]', '2021-10-18 18:29:22', '2021-10-18 18:29:22', '2021-10-18 18:29:22'),
(255, 'App\\Models\\User', 6, 'auth_token', '100a3f67b497cd60b9dcc053f78516660cf14712f58e8ff480908e21bb01085c', '[\"*\"]', '2021-10-18 18:58:38', '2021-10-18 18:58:38', '2021-10-18 18:58:38'),
(256, 'App\\Models\\User', 6, 'auth_token', '7b94252c428f2c44a3a599544e6842a78ec3cf88e6c2497b778075c8395e3687', '[\"*\"]', '2021-10-18 18:59:31', '2021-10-18 18:59:31', '2021-10-18 18:59:31'),
(257, 'App\\Models\\User', 6, 'auth_token', 'cdf860e6689bb7b3f5f1767d5f79b85f261907542a6270962a5f8ba973b584c1', '[\"*\"]', '2021-10-18 19:00:34', '2021-10-18 19:00:33', '2021-10-18 19:00:34'),
(258, 'App\\Models\\User', 6, 'auth_token', '204d29d8d0321b77ae89ee866b785448f507619b29b7cd0a32aa693a6aa6e6ee', '[\"*\"]', '2021-10-18 19:25:50', '2021-10-18 19:25:50', '2021-10-18 19:25:50'),
(259, 'App\\Models\\User', 6, 'auth_token', 'bf83a5db347bea1945129f641893806d644c67cc4595b078ae5d5c42a6680d3b', '[\"*\"]', '2021-10-18 19:55:50', '2021-10-18 19:55:50', '2021-10-18 19:55:50'),
(260, 'App\\Models\\User', 6, 'auth_token', '158ee631647229aa5219ba89c04a74640d2c52d9f01f85ce9a4b9499b2eaa134', '[\"*\"]', '2021-10-18 22:03:35', '2021-10-18 22:03:34', '2021-10-18 22:03:35'),
(261, 'App\\Models\\User', 6, 'auth_token', '85ff252d0ace079dc55e39046b45a17d9ab780c990acc95f1ce72dfca631713a', '[\"*\"]', '2021-10-18 22:04:37', '2021-10-18 22:04:37', '2021-10-18 22:04:37'),
(262, 'App\\Models\\User', 6, 'auth_token', '1ad9cbeb530efd438f8c1908045f9784a9e59a67417308874efafe681ed1fdc7', '[\"*\"]', '2021-10-18 22:27:08', '2021-10-18 22:27:08', '2021-10-18 22:27:08'),
(263, 'App\\Models\\User', 6, 'auth_token', '38e02a73bf2d3d5b1d13233206f6880b03996538302a828d75c087529105a91f', '[\"*\"]', '2021-10-18 23:07:52', '2021-10-18 23:07:51', '2021-10-18 23:07:52'),
(264, 'App\\Models\\User', 1, 'auth_token', 'bb3ae61d7030d7bdd96f5f7c1510bdd1878af0c699c3d324e440fee37f4ead6f', '[\"*\"]', '2021-10-19 13:58:04', '2021-10-19 13:58:03', '2021-10-19 13:58:04'),
(265, 'App\\Models\\User', 1, 'auth_token', '7a6aeddcaaeb63868e5bc4f6fbaee8f797fff0a3c29b52e28617e6176e6d5f98', '[\"*\"]', '2021-10-19 14:29:32', '2021-10-19 14:29:32', '2021-10-19 14:29:32'),
(266, 'App\\Models\\User', 6, 'auth_token', 'd1f7fa13734899536262e0f497494c9ba38e29dedc5bb0eaa41944a3536c5c84', '[\"*\"]', '2021-10-19 17:08:16', '2021-10-19 17:08:16', '2021-10-19 17:08:16'),
(267, 'App\\Models\\User', 6, 'auth_token', '3ea11b4591bdc084ce1fbbcae238fbc3c73c1a6866b49e0a9dbfef192db87d5d', '[\"*\"]', '2021-10-19 17:17:57', '2021-10-19 17:17:56', '2021-10-19 17:17:57'),
(268, 'App\\Models\\User', 6, 'auth_token', '641e856f687efa8385816a3eab062ee938a0605eb30b25eb31c5dfac4a3c3e1c', '[\"*\"]', '2021-10-19 17:36:09', '2021-10-19 17:36:09', '2021-10-19 17:36:09'),
(269, 'App\\Models\\User', 6, 'auth_token', 'b4c6a5a263b41376994ecc4ddfe9ee3a43c9d987e7391e8747cab5d865416bb5', '[\"*\"]', '2021-10-19 17:41:08', '2021-10-19 17:41:08', '2021-10-19 17:41:08'),
(270, 'App\\Models\\User', 6, 'auth_token', 'd425c8dcb643e2966eaa860ce33ff903e6d88a61a6ec0d2cf20fd92a7cf475f5', '[\"*\"]', '2021-10-19 19:22:59', '2021-10-19 19:22:58', '2021-10-19 19:22:59'),
(271, 'App\\Models\\User', 1, 'auth_token', '2db399683e74e4c930d7b23c51959ea6d5fb1e334a40697775d40a453188afcc', '[\"*\"]', '2021-10-19 20:58:05', '2021-10-19 20:58:05', '2021-10-19 20:58:05');
INSERT INTO `personal_access_tokens` (`id`, `tokenable_type`, `tokenable_id`, `name`, `token`, `abilities`, `last_used_at`, `created_at`, `updated_at`) VALUES
(272, 'App\\Models\\User', 1, 'auth_token', '5bb0a1beb7fe66cbc43f0d8e91d1602862b256bca12a186233d87c53c4c9401f', '[\"*\"]', '2021-10-19 21:01:51', '2021-10-19 21:01:51', '2021-10-19 21:01:51'),
(273, 'App\\Models\\User', 6, 'auth_token', '635f569ed07521bc0a4280a74f79c917a42de788592df61cc243a301c44c7c97', '[\"*\"]', '2021-10-19 21:50:00', '2021-10-19 21:50:00', '2021-10-19 21:50:00'),
(274, 'App\\Models\\User', 1, 'auth_token', 'dd058ba88ee7970f92761a5918e3aef0d0925cb99e8fde32cd1c6a7879d04895', '[\"*\"]', '2021-10-19 22:08:47', '2021-10-19 22:08:47', '2021-10-19 22:08:47'),
(275, 'App\\Models\\User', 6, 'auth_token', '040dac1bf6032c7f54939d38d57ef83d7a137ce5499e6936864fd0e83d9af38c', '[\"*\"]', '2021-10-20 15:05:27', '2021-10-20 15:05:26', '2021-10-20 15:05:27'),
(276, 'App\\Models\\User', 24, 'auth_token', '189c9be6a9e35434decb78c5c78921703cb5a72ef59c3d52701c766654222f72', '[\"*\"]', NULL, '2021-10-20 15:34:53', '2021-10-20 15:34:53'),
(277, 'App\\Models\\User', 25, 'auth_token', 'f5ced364f3e87aae4d0233fd9e98bcb3ce92537bb3006bd8363c2970224daff0', '[\"*\"]', NULL, '2021-10-20 15:36:34', '2021-10-20 15:36:34'),
(278, 'App\\Models\\User', 25, 'auth_token', '71a5d4d3ff93cab7404e9c811bdb0513970733ae4699ed5146b112298aaad9eb', '[\"*\"]', '2021-10-20 15:36:52', '2021-10-20 15:36:52', '2021-10-20 15:36:52'),
(279, 'App\\Models\\User', 6, 'auth_token', 'ae3c024b9be12d15cd6ae90e4a2fa983c978ccb14d552bf14dbbfbe10cae967b', '[\"*\"]', '2021-10-20 15:40:06', '2021-10-20 15:40:06', '2021-10-20 15:40:06'),
(280, 'App\\Models\\User', 6, 'auth_token', '29d141c9405f7c68ca2da9921460752b511e964463ab10797bcc2d5cbb2ec4e0', '[\"*\"]', '2021-10-20 15:41:10', '2021-10-20 15:41:10', '2021-10-20 15:41:10'),
(281, 'App\\Models\\User', 6, 'auth_token', 'c525f5c2c3f615916e7110b8c4ece2e2d35aa2df3fd66333d568d08c1bc5e0b8', '[\"*\"]', '2021-10-20 15:45:39', '2021-10-20 15:45:38', '2021-10-20 15:45:39'),
(282, 'App\\Models\\User', 6, 'auth_token', '8e78f043b138d7f3297d9f842ea858daf57f1d9af5c11780f5eb2c2d7d487625', '[\"*\"]', '2021-10-20 15:48:11', '2021-10-20 15:48:11', '2021-10-20 15:48:11'),
(283, 'App\\Models\\User', 6, 'auth_token', 'f7f2ae8c00e73d25318b8ba7ff58bbd4b397086b032ad6c1d9b0ba5124a71af0', '[\"*\"]', '2021-10-20 15:56:40', '2021-10-20 15:56:40', '2021-10-20 15:56:40'),
(284, 'App\\Models\\User', 13, 'auth_token', '67665592ba08836c691d04900437a88136c25e8a982650b1d800f35d10440466', '[\"*\"]', '2021-10-20 15:58:43', '2021-10-20 15:58:43', '2021-10-20 15:58:43'),
(285, 'App\\Models\\User', 25, 'auth_token', '00fb34b3b2c777b455bb048374cd8a22a7200f8258f4c648171ccf156412cd5b', '[\"*\"]', '2021-10-20 16:14:50', '2021-10-20 16:14:50', '2021-10-20 16:14:50'),
(286, 'App\\Models\\User', 26, 'auth_token', '9a378c15c0f678adc78429f32fcc1a5206196b36730ffd7aa16f706473eda612', '[\"*\"]', NULL, '2021-10-20 16:41:36', '2021-10-20 16:41:36'),
(287, 'App\\Models\\User', 26, 'auth_token', '947e9b1d3c493166ec870e5c01f2b25b47385612b47d08166327a13f4b045622', '[\"*\"]', '2021-10-20 16:42:04', '2021-10-20 16:42:03', '2021-10-20 16:42:04'),
(288, 'App\\Models\\User', 6, 'auth_token', 'f8901e71bc7d5e4eb3999c7af59f9957a0a43d00bd243ec3045d8699793281d2', '[\"*\"]', '2021-10-20 16:45:59', '2021-10-20 16:45:59', '2021-10-20 16:45:59'),
(289, 'App\\Models\\User', 13, 'auth_token', '29a929108f991d9fc55c0bac83b5b3748b9528ad82225d13ce2ad3a7a4d87d59', '[\"*\"]', '2021-10-20 16:46:39', '2021-10-20 16:46:39', '2021-10-20 16:46:39'),
(290, 'App\\Models\\User', 26, 'auth_token', '257a0cf2e9737591ce58b7cabc5cb5bf6fe19627a0409da9bcdc60249ce1a6b8', '[\"*\"]', '2021-10-20 16:47:41', '2021-10-20 16:47:41', '2021-10-20 16:47:41'),
(291, 'App\\Models\\User', 6, 'auth_token', 'fd8ccbaad5dd4109d08862c8308d121d7d1d74095d5f34eee858eed4d1c0a7b9', '[\"*\"]', '2021-10-20 17:07:11', '2021-10-20 17:07:11', '2021-10-20 17:07:11'),
(292, 'App\\Models\\User', 13, 'auth_token', 'a547d580fde65a894956bc8bd922f111441d236caae4a9b978d0b62967c6419f', '[\"*\"]', '2021-10-20 17:08:31', '2021-10-20 17:08:31', '2021-10-20 17:08:31'),
(293, 'App\\Models\\User', 6, 'auth_token', '863a502d8d97ea32073a65924196aec7b531bb617bc9ecd23d97fea6ddae6a33', '[\"*\"]', '2021-10-20 17:11:18', '2021-10-20 17:11:18', '2021-10-20 17:11:18'),
(294, 'App\\Models\\User', 6, 'auth_token', '4732b28a7a10e90799d7dcc895c24752e8e1e0d4e04b2386dc8acbadd2deef91', '[\"*\"]', '2021-10-20 18:24:12', '2021-10-20 18:24:11', '2021-10-20 18:24:12'),
(295, 'App\\Models\\User', 13, 'auth_token', '3af348131f7c6136b6b6a309a0c7b0cfba4c0a4c314292ad34b86a9d8e9c0902', '[\"*\"]', '2021-10-20 18:24:33', '2021-10-20 18:24:33', '2021-10-20 18:24:33'),
(296, 'App\\Models\\User', 6, 'auth_token', '56428de65c69d01654b9d4ce12d31b4d0a22649cb1a5346c35f0500e824432b8', '[\"*\"]', '2021-10-20 18:28:49', '2021-10-20 18:28:49', '2021-10-20 18:28:49'),
(297, 'App\\Models\\User', 13, 'auth_token', '506697cad99a13acdbff37c18d966da87e404effa2d65ebf2be893687c5f607b', '[\"*\"]', '2021-10-20 19:02:45', '2021-10-20 19:02:45', '2021-10-20 19:02:45'),
(298, 'App\\Models\\User', 13, 'auth_token', '93e7ed53c2513b3bf519e3d1cfd6cd208b7ca7d166f48af49b57583362535140', '[\"*\"]', '2021-10-20 19:07:17', '2021-10-20 19:07:17', '2021-10-20 19:07:17'),
(299, 'App\\Models\\User', 13, 'auth_token', '9b044ea256abcd07a20166bdd33df8110ef00a4f47b5a106c32e16bdc7b61c81', '[\"*\"]', '2021-10-20 19:07:41', '2021-10-20 19:07:41', '2021-10-20 19:07:41'),
(300, 'App\\Models\\User', 13, 'auth_token', '9ddaf2d5e1b1e4c9c4ada3e6854526c9c0027cbaa1a8f32ea3a621d14a26a01c', '[\"*\"]', '2021-10-20 19:12:27', '2021-10-20 19:12:27', '2021-10-20 19:12:27'),
(301, 'App\\Models\\User', 13, 'auth_token', '2b613cdcad12bd509b31b289dd951f6a77bf4b378bda1a6aba671e9a4a513e54', '[\"*\"]', '2021-10-20 19:13:16', '2021-10-20 19:13:16', '2021-10-20 19:13:16'),
(302, 'App\\Models\\User', 13, 'auth_token', 'f1d5e2cb68fdad5dc2466e16f952ae6d480184c74cc7a06e871fe4a44fdf2712', '[\"*\"]', '2021-10-20 19:16:55', '2021-10-20 19:16:55', '2021-10-20 19:16:55'),
(303, 'App\\Models\\User', 6, 'auth_token', 'b226c47685fd851bf1d97bd812f1b56cb7f1224bd1d1ebb51f0ef47836cf7580', '[\"*\"]', '2021-10-20 19:20:29', '2021-10-20 19:20:29', '2021-10-20 19:20:29'),
(304, 'App\\Models\\User', 6, 'auth_token', 'f56eac050715eaed4522270eb27a6692bb5d41a94196974c83849fda592a5bf9', '[\"*\"]', '2021-10-20 19:22:13', '2021-10-20 19:22:13', '2021-10-20 19:22:13'),
(305, 'App\\Models\\User', 13, 'auth_token', '86cf90ef4a4c5f9874d1365520bc5e7700972b20ecaf4f7918b6074386e10c99', '[\"*\"]', '2021-10-20 19:22:52', '2021-10-20 19:22:52', '2021-10-20 19:22:52'),
(306, 'App\\Models\\User', 6, 'auth_token', '771300f04ef00c7a122c9f4af4e0326285fa1d982d2f3b476d6344911075c024', '[\"*\"]', '2021-10-20 19:23:17', '2021-10-20 19:23:17', '2021-10-20 19:23:17'),
(307, 'App\\Models\\User', 13, 'auth_token', 'a77cbb0e513288a0c17cf8a12bbebeba99bc8e21a1f9c8b4862bfd87c81f8f2f', '[\"*\"]', '2021-10-20 19:29:30', '2021-10-20 19:29:30', '2021-10-20 19:29:30'),
(308, 'App\\Models\\User', 6, 'auth_token', 'f9fb1e7bbdb436510427a75d62938b62ee5213ce68cc6cf43eab21b8a6d27308', '[\"*\"]', '2021-10-20 19:30:14', '2021-10-20 19:30:14', '2021-10-20 19:30:14'),
(309, 'App\\Models\\User', 13, 'auth_token', 'd37cbbfe6ea2fa33af36e44441723667a3391c47614650576e073f6f4406db78', '[\"*\"]', '2021-10-20 19:30:49', '2021-10-20 19:30:48', '2021-10-20 19:30:49'),
(310, 'App\\Models\\User', 6, 'auth_token', '0a9e6b0b073f46906d3d6cd621cba729a776dba157eaa51dff1af62f5321e9d2', '[\"*\"]', '2021-10-20 20:04:47', '2021-10-20 20:04:46', '2021-10-20 20:04:47'),
(311, 'App\\Models\\User', 6, 'auth_token', '7a59abd33ec7405b9c8d4fbe1e79094fb6727f393dfc92c25d0bc79df63a283f', '[\"*\"]', '2021-10-20 20:26:26', '2021-10-20 20:26:26', '2021-10-20 20:26:26'),
(312, 'App\\Models\\User', 13, 'auth_token', '03d75f43629d623d4429613a5dc57d1e4f8bfcf90b31139fd0c2ec135490125e', '[\"*\"]', '2021-10-20 21:41:54', '2021-10-20 21:41:54', '2021-10-20 21:41:54'),
(313, 'App\\Models\\User', 27, 'auth_token', 'dc8408d718d5017560e42159bc6f0998cb1098aa8d35a793e7b4342c8cad6388', '[\"*\"]', NULL, '2021-10-20 21:46:29', '2021-10-20 21:46:29'),
(314, 'App\\Models\\User', 28, 'auth_token', 'f9373deeff939781551bbd3fbb768cf046e92894595f39a290c35ca261cf21ec', '[\"*\"]', NULL, '2021-10-20 21:47:47', '2021-10-20 21:47:47'),
(315, 'App\\Models\\User', 29, 'auth_token', 'd3fa12b2fc2a23807c99edc53f820d500c9ab964bdc497d74c518adfdcafae40', '[\"*\"]', NULL, '2021-10-20 21:49:10', '2021-10-20 21:49:10'),
(316, 'App\\Models\\User', 29, 'auth_token', 'baa717e3f368ed439d1f00cde4c019a427baa3beac171cd4abf39ec4a4bce51b', '[\"*\"]', '2021-10-20 21:49:26', '2021-10-20 21:49:25', '2021-10-20 21:49:26'),
(317, 'App\\Models\\User', 6, 'auth_token', '8233a7619b93c155fdca76202a10a5e214b7ace611205d2a9f60f8a989fca607', '[\"*\"]', '2021-10-20 21:57:35', '2021-10-20 21:57:35', '2021-10-20 21:57:35'),
(318, 'App\\Models\\User', 29, 'auth_token', 'a7457900d46b0312defc0a0086343ec06581f27a8eaf0f1bfde5fde93584a04f', '[\"*\"]', '2021-10-20 22:56:01', '2021-10-20 22:56:01', '2021-10-20 22:56:01'),
(319, 'App\\Models\\User', 6, 'auth_token', 'bdf3f45ae5ac2e5d37304b58efd04703af7226fe5a0104083c42f8971f10f219', '[\"*\"]', '2021-10-20 22:59:50', '2021-10-20 22:59:50', '2021-10-20 22:59:50'),
(320, 'App\\Models\\User', 30, 'auth_token', '68aaaf624a7af2fa9bee13a4d0ff0e0032d727c0100c44fce4ee09aa33da7fb2', '[\"*\"]', NULL, '2021-10-20 23:14:08', '2021-10-20 23:14:08'),
(321, 'App\\Models\\User', 30, 'auth_token', '4bee787f90a4b1e50e820ffa771e28cef9130e8d438eca79516c1ecf0b9244d2', '[\"*\"]', '2021-10-20 23:14:29', '2021-10-20 23:14:29', '2021-10-20 23:14:29'),
(322, 'App\\Models\\User', 6, 'auth_token', 'b9c019579e6064be175c7069ff7d150eb533eb1943751e4b72b5c5970beb1518', '[\"*\"]', '2021-10-21 14:41:13', '2021-10-21 14:41:12', '2021-10-21 14:41:13'),
(323, 'App\\Models\\User', 29, 'auth_token', 'a10717abd40d413ea48ec3d1baa304514ea888cf7798e2c9d50001b5feaef65f', '[\"*\"]', '2021-10-21 14:41:41', '2021-10-21 14:41:41', '2021-10-21 14:41:41'),
(324, 'App\\Models\\User', 6, 'auth_token', '19c21793f5ba7b01d7f32841a10ccc9ad00545ea184a8a791638cdfd9181a8e2', '[\"*\"]', '2021-10-21 15:07:48', '2021-10-21 15:07:48', '2021-10-21 15:07:48'),
(325, 'App\\Models\\User', 6, 'auth_token', 'a1febfa9aebde9fb092c224928bc357e9b9e37a3c9e47146eefd4eeb9983f5cd', '[\"*\"]', '2021-10-21 15:34:13', '2021-10-21 15:34:13', '2021-10-21 15:34:13'),
(326, 'App\\Models\\User', 6, 'auth_token', '2568f70e7ad459531085b536746b060b67fbed8ee017c62af923a574d43ba794', '[\"*\"]', '2021-10-21 15:35:04', '2021-10-21 15:35:04', '2021-10-21 15:35:04'),
(327, 'App\\Models\\User', 6, 'auth_token', 'ba444c69f9dcd0c1a9e603941acd5f3c1f3ca94ce7ad62a02751dd3f9b37a1c0', '[\"*\"]', '2021-10-21 15:35:53', '2021-10-21 15:35:53', '2021-10-21 15:35:53'),
(328, 'App\\Models\\User', 6, 'auth_token', 'adbf74c931fe9c4a33877bee2e6a9ecf8b1272a2ae388c59608e1bc21a0530cf', '[\"*\"]', '2021-10-21 16:50:44', '2021-10-21 16:50:44', '2021-10-21 16:50:44'),
(329, 'App\\Models\\User', 6, 'auth_token', '0c87cb1515991d7d18896ff51476840d060404ecc582dc8cba3e75f13ee565dc', '[\"*\"]', '2021-10-21 17:01:48', '2021-10-21 17:01:47', '2021-10-21 17:01:48'),
(330, 'App\\Models\\User', 31, 'auth_token', 'b4798109ab447a58e03c3534cf8ee60a7bfd8174b06f1d5bb96c2b43d066e687', '[\"*\"]', NULL, '2021-10-21 17:04:18', '2021-10-21 17:04:18'),
(331, 'App\\Models\\User', 31, 'auth_token', '7b27ea4ff52bb9678f674c15f8c6f52b221be8df0ca5331f7124636f8c9c1116', '[\"*\"]', '2021-10-21 17:04:28', '2021-10-21 17:04:28', '2021-10-21 17:04:28'),
(332, 'App\\Models\\User', 32, 'auth_token', '177459dacd4d598469f1c8436919acbab9e13f265e3ce6dbd52ac29fe1a3cc88', '[\"*\"]', NULL, '2021-10-21 17:05:51', '2021-10-21 17:05:51'),
(333, 'App\\Models\\User', 32, 'auth_token', '1eec69b2197766dd3d0eea8748e2106f3d46c9b65b2e31ce8a15db5480fcf417', '[\"*\"]', '2021-10-21 17:06:02', '2021-10-21 17:06:02', '2021-10-21 17:06:02'),
(334, 'App\\Models\\User', 33, 'auth_token', '94fdc9c0f482817078f053662ee9886ab290b53e57fafa2719b92212d539b6e1', '[\"*\"]', NULL, '2021-10-21 17:06:40', '2021-10-21 17:06:40'),
(335, 'App\\Models\\User', 33, 'auth_token', '8a0c7462716154b05e757233fe0ae742d5208c47d383e920b0dec1a5f17c3275', '[\"*\"]', '2021-10-21 17:06:57', '2021-10-21 17:06:57', '2021-10-21 17:06:57'),
(336, 'App\\Models\\User', 6, 'auth_token', 'b710ae24803a3aded950a79f970f93f715875f5c2ac0b943a5074cafb15de5ee', '[\"*\"]', '2021-10-21 18:13:54', '2021-10-21 18:13:54', '2021-10-21 18:13:54'),
(337, 'App\\Models\\User', 6, 'auth_token', 'fe52b623b401b4c00d8bc0ee82284d3139d7f02531ec96788cee0f1e7b85ced2', '[\"*\"]', '2021-10-22 14:34:51', '2021-10-22 14:34:50', '2021-10-22 14:34:51'),
(338, 'App\\Models\\User', 25, 'auth_token', 'ac6a84cd4ef0bd7c6bea48139434f2d7f4c22d6ec34b383f6ebc0b7f8be5712d', '[\"*\"]', '2021-10-22 14:41:09', '2021-10-22 14:41:08', '2021-10-22 14:41:09'),
(339, 'App\\Models\\User', 6, 'auth_token', '69a771a8a42aaa41be2451d987c652e58cec325c21b25f9d476befb1572f8226', '[\"*\"]', '2021-10-22 14:43:00', '2021-10-22 14:43:00', '2021-10-22 14:43:00'),
(340, 'App\\Models\\User', 6, 'auth_token', '2f91a5fdae8d96f8a72d89fa24eb6f78eab2a51c8a0f66475d1e8428def01850', '[\"*\"]', '2021-10-22 14:51:50', '2021-10-22 14:51:49', '2021-10-22 14:51:50'),
(341, 'App\\Models\\User', 6, 'auth_token', '2bca7185530c69d3306db90b46cb15a65674a5f58c94e1d57272d19c91a33648', '[\"*\"]', '2021-10-22 16:14:33', '2021-10-22 16:14:33', '2021-10-22 16:14:33'),
(342, 'App\\Models\\User', 34, 'auth_token', 'a1be177658f89ab2c644c08863247acd338c1b5cd0965fe31b6549583ed80b3f', '[\"*\"]', NULL, '2021-10-22 16:59:35', '2021-10-22 16:59:35'),
(343, 'App\\Models\\User', 34, 'auth_token', '40fcbd773ef55b0a05a8c2a668cc41044fcbfd53a91c7af277761f7e7059213a', '[\"*\"]', '2021-10-22 17:03:22', '2021-10-22 17:03:22', '2021-10-22 17:03:22'),
(344, 'App\\Models\\User', 6, 'auth_token', 'a17a4682d461275412885a85a57f7ba656430c3c55deac7594f9345eb3aa7004', '[\"*\"]', '2021-10-22 17:05:27', '2021-10-22 17:05:27', '2021-10-22 17:05:27'),
(345, 'App\\Models\\User', 35, 'auth_token', '231bde8449750ffa46d30cd8c140b7062d6f1ae06eeafa41b4c92be6e892bf4f', '[\"*\"]', NULL, '2021-10-22 17:22:16', '2021-10-22 17:22:16'),
(346, 'App\\Models\\User', 36, 'auth_token', '15fcbc035503751b1ba2341f56d1f163581a7c113a8a48dba186affd554efce0', '[\"*\"]', NULL, '2021-10-22 17:23:00', '2021-10-22 17:23:00'),
(347, 'App\\Models\\User', 36, 'auth_token', '00454cb55f668c487bfd49450f0d358665885d2537faeef3394ed5ef62381d93', '[\"*\"]', '2021-10-22 17:23:14', '2021-10-22 17:23:14', '2021-10-22 17:23:14'),
(348, 'App\\Models\\User', 34, 'auth_token', '2085c5e41f5cd68c3b6cffe28d660fca43bfd4472876cc2ffe1bde6c5e23966f', '[\"*\"]', '2021-10-22 17:25:10', '2021-10-22 17:25:10', '2021-10-22 17:25:10'),
(349, 'App\\Models\\User', 6, 'auth_token', 'fe1d55cec7f6670705bd4093761b47ef5cf02edbd914c08dfa8ccc0e74a0aed8', '[\"*\"]', '2021-10-22 17:25:37', '2021-10-22 17:25:37', '2021-10-22 17:25:37'),
(350, 'App\\Models\\User', 6, 'auth_token', 'a235fd90daf093de7e52213e5ad37b17c1a6a41ca69defa7655a282c3c195e2e', '[\"*\"]', '2021-10-22 17:35:30', '2021-10-22 17:35:30', '2021-10-22 17:35:30'),
(351, 'App\\Models\\User', 6, 'auth_token', '15741b9c06684c9f0ab735b681d39c87494bcebd282219b08d843e0240364c82', '[\"*\"]', '2021-10-22 19:15:25', '2021-10-22 19:15:25', '2021-10-22 19:15:25'),
(352, 'App\\Models\\User', 6, 'auth_token', 'd2513961036ce989dfe1e9cb031e4f2a0d45dcd537d9ac43912acd9183648bbd', '[\"*\"]', '2021-10-23 00:28:15', '2021-10-23 00:28:15', '2021-10-23 00:28:15'),
(353, 'App\\Models\\User', 6, 'auth_token', 'de0b7a54ec642674387135882b0ac42380f72b2b5685a7c493651cc62bceef2e', '[\"*\"]', '2021-10-23 16:46:13', '2021-10-23 16:46:12', '2021-10-23 16:46:13'),
(354, 'App\\Models\\User', 6, 'auth_token', '7788ab81b2524967f18ae5677cfc3ad2d81f0c0f60decbb829a780f8df671c03', '[\"*\"]', '2021-10-23 16:46:58', '2021-10-23 16:46:58', '2021-10-23 16:46:58'),
(355, 'App\\Models\\User', 6, 'auth_token', 'f58697ff9bf7ade85d8f7257efc99f0f80e43e3478913d623c67038ce2e6f885', '[\"*\"]', '2021-10-24 03:47:57', '2021-10-24 03:47:57', '2021-10-24 03:47:57'),
(356, 'App\\Models\\User', 6, 'auth_token', '380ce925917393aa97fc19262abac4ab75b8ce554b25ed289fd60a54a3943f7f', '[\"*\"]', '2021-10-24 03:48:26', '2021-10-24 03:48:25', '2021-10-24 03:48:26'),
(357, 'App\\Models\\User', 6, 'auth_token', 'c05043bfa0e83eb2592e1edc4a43aee6a9db5213061c9f29ad4938d6888e6f0f', '[\"*\"]', '2021-10-24 04:20:51', '2021-10-24 04:20:50', '2021-10-24 04:20:51'),
(358, 'App\\Models\\User', 6, 'auth_token', '4fc73d9b2ca30ae620c671bceb8d21c3610b9ba26d9d49fe90ea1ce7a0971c69', '[\"*\"]', '2021-10-24 06:55:41', '2021-10-24 06:55:41', '2021-10-24 06:55:41'),
(359, 'App\\Models\\User', 6, 'auth_token', '66858cf45c41efd39ce5ac04a95572a10a6b2bccc05855c9f4f65a4094d28ec7', '[\"*\"]', '2021-10-24 07:01:47', '2021-10-24 07:01:46', '2021-10-24 07:01:47'),
(360, 'App\\Models\\User', 6, 'auth_token', '1279c3a5172338a12af646bf819484b89c71af79b9a05a475a7f4edb1509047b', '[\"*\"]', '2021-10-25 02:57:27', '2021-10-25 02:57:26', '2021-10-25 02:57:27'),
(361, 'App\\Models\\User', 6, 'auth_token', '88b58067cf0f72c8c23ad8762686c22bc84d71e0c31d866aa3db4254df0d42e2', '[\"*\"]', '2021-10-25 04:27:03', '2021-10-25 04:27:03', '2021-10-25 04:27:03'),
(362, 'App\\Models\\User', 6, 'auth_token', 'fc528e764f580205483358761b181aa87ae4ae33acd290c98c19914c3caa304e', '[\"*\"]', '2021-10-25 04:28:35', '2021-10-25 04:28:35', '2021-10-25 04:28:35'),
(363, 'App\\Models\\User', 6, 'auth_token', '38325b9d97f9db39fbc52386a96d5ac54c03d1ff9188eac69d39fe49fda60a76', '[\"*\"]', '2021-10-25 05:22:28', '2021-10-25 05:22:28', '2021-10-25 05:22:28'),
(364, 'App\\Models\\User', 6, 'auth_token', '87955ada5628027cb2898ed42b0dc49e35fcea0c80cb52a2ccec72cee870bfc2', '[\"*\"]', '2021-10-25 05:27:00', '2021-10-25 05:27:00', '2021-10-25 05:27:00'),
(365, 'App\\Models\\User', 6, 'auth_token', '624aaf39da7daba4a445bec163142c2a040e6d2de357d716152751707586b851', '[\"*\"]', '2021-10-25 15:10:46', '2021-10-25 15:10:45', '2021-10-25 15:10:46'),
(366, 'App\\Models\\User', 6, 'auth_token', 'fbfd26be8b1d95ea790c3cc9aea6d23d30fa9a443b0f0c7a487d076a21bba8b8', '[\"*\"]', '2021-10-25 16:34:41', '2021-10-25 16:34:41', '2021-10-25 16:34:41'),
(367, 'App\\Models\\User', 6, 'auth_token', 'a8735e812ca8caa9104901f25b98ea01e1f8c6e3a366fea616bc8920793e1141', '[\"*\"]', '2021-10-25 21:35:16', '2021-10-25 21:35:15', '2021-10-25 21:35:16'),
(368, 'App\\Models\\User', 37, 'auth_token', 'a4d43ba0c60cdeb91415d9ea31380312c5699aed7d54f43fe3ecfab677dbbce6', '[\"*\"]', NULL, '2021-10-25 22:49:38', '2021-10-25 22:49:38'),
(369, 'App\\Models\\User', 37, 'auth_token', 'ab9616becea855fcd1d098b8a81534d6505942b8924143ed8c4253ebfcf076dd', '[\"*\"]', '2021-10-25 22:49:54', '2021-10-25 22:49:53', '2021-10-25 22:49:54'),
(370, 'App\\Models\\User', 6, 'auth_token', '69ba3c21a6ee270168e4868140925dd092206487892ec1ba481847d19f9f4dfc', '[\"*\"]', '2021-10-26 06:13:53', '2021-10-26 06:13:52', '2021-10-26 06:13:53'),
(371, 'App\\Models\\User', 6, 'auth_token', 'ae41e5c4c2f882796126707819047d3f4f0aa098e6580dae0ed7d329ec4b985c', '[\"*\"]', '2021-10-26 07:16:49', '2021-10-26 07:16:48', '2021-10-26 07:16:49'),
(372, 'App\\Models\\User', 6, 'auth_token', 'b045d1976167e4340cfe2a0f78c455a00ebf65294d5c7128ead3704d749962eb', '[\"*\"]', '2021-10-26 07:16:53', '2021-10-26 07:16:53', '2021-10-26 07:16:53'),
(373, 'App\\Models\\User', 6, 'auth_token', 'c3db3e0e658877b0c656ee72cc42c39fa863f0315f1dd3d86cc771d8d1b06dc1', '[\"*\"]', '2021-10-26 14:07:26', '2021-10-26 14:07:26', '2021-10-26 14:07:26'),
(374, 'App\\Models\\User', 25, 'auth_token', '26cfcd0d09a3b0d05a78efdb457e237fb958eddb46cf8367402e8b62b32e1e1a', '[\"*\"]', '2021-10-26 14:38:50', '2021-10-26 14:38:49', '2021-10-26 14:38:50'),
(375, 'App\\Models\\User', 1, 'auth_token', '8d1bf7b9587dc63d0c391f94c19904851b91cc837ad4af1865ecee8cc83903a7', '[\"*\"]', '2021-10-26 15:35:51', '2021-10-26 15:35:50', '2021-10-26 15:35:51'),
(376, 'App\\Models\\User', 39, 'auth_token', '3f5288b0dd55c84bd4b44a0fb2731f9ff95e4c7d0f975243528ede95f63c1198', '[\"*\"]', NULL, '2021-10-26 15:42:09', '2021-10-26 15:42:09'),
(377, 'App\\Models\\User', 39, 'auth_token', 'a1dc745e80f3200fe7be1a838b2cab5fb5680c2a275d22fc36e338200eec9689', '[\"*\"]', '2021-10-26 15:42:21', '2021-10-26 15:42:21', '2021-10-26 15:42:21'),
(378, 'App\\Models\\User', 6, 'auth_token', '1e8e1846b845b5cedf926d77ef1af72d09453afdd5e7cb53a89f71b7fb234fa0', '[\"*\"]', '2021-10-26 15:48:51', '2021-10-26 15:48:50', '2021-10-26 15:48:51'),
(379, 'App\\Models\\User', 1, 'auth_token', 'cf260e84e5c552db20395525f49ab52b2e31ea212d9c4ac3a5f750c28094b44d', '[\"*\"]', '2021-10-26 15:59:31', '2021-10-26 15:59:30', '2021-10-26 15:59:31'),
(380, 'App\\Models\\User', 40, 'auth_token', 'ea14c120855f9d0b69948dd08d0929fbfbb3f430eb233e03d05b19ff8f534969', '[\"*\"]', NULL, '2021-10-26 16:34:03', '2021-10-26 16:34:03'),
(381, 'App\\Models\\User', 40, 'auth_token', 'a8e5cf9707da539f5e12603b39e015a53020aae9334687ade63f57c5c2db1c9d', '[\"*\"]', '2021-10-26 16:34:44', '2021-10-26 16:34:44', '2021-10-26 16:34:44'),
(382, 'App\\Models\\User', 1, 'auth_token', '5601f91140ea29f889a070fc02b140d3e99cc8cd3b3fe11cf7f5b2eff7b58aaf', '[\"*\"]', '2021-10-26 16:39:09', '2021-10-26 16:39:09', '2021-10-26 16:39:09'),
(383, 'App\\Models\\User', 6, 'auth_token', '4c79ee252bd15c75cd2f0f9df2c57db1dff4efdc9a0ffcbff2e23481eb16cbc3', '[\"*\"]', '2021-10-26 21:07:47', '2021-10-26 21:07:46', '2021-10-26 21:07:47'),
(384, 'App\\Models\\User', 6, 'auth_token', 'aa931c4df5fa4f4facc78bbabc8ff81ff53fc80a397a96b6ab21b00fc8d635c5', '[\"*\"]', '2021-10-27 15:00:29', '2021-10-27 15:00:28', '2021-10-27 15:00:29'),
(385, 'App\\Models\\User', 41, 'auth_token', 'e0a24e803715c48f34fc7a88af768291283e8ba7f3528ee90bb2d10ab95d226d', '[\"*\"]', NULL, '2021-10-27 15:25:49', '2021-10-27 15:25:49'),
(386, 'App\\Models\\User', 41, 'auth_token', '3831e8a2be56494704d41921ca8ff9cf2ae5fcfda0dbf48c08756ed485d10b00', '[\"*\"]', '2021-10-27 15:25:59', '2021-10-27 15:25:59', '2021-10-27 15:25:59'),
(387, 'App\\Models\\User', 6, 'auth_token', 'b16fcfe64ab66f68d89d45f3de5d60742612ba8fcd028aec71bf3c51dd7689a5', '[\"*\"]', '2021-10-27 18:32:54', '2021-10-27 18:32:54', '2021-10-27 18:32:54'),
(388, 'App\\Models\\User', 6, 'auth_token', 'c4a64e1a88702ade779c29dd4c65064b169865af7113259539a8295cb0349e41', '[\"*\"]', '2021-10-28 15:40:25', '2021-10-28 15:40:25', '2021-10-28 15:40:25'),
(389, 'App\\Models\\User', 6, 'auth_token', '9a3862d74e50dacc93a367d979743dc0f2c27914d779b019ec4115f6d402adca', '[\"*\"]', '2021-10-28 17:25:46', '2021-10-28 17:25:45', '2021-10-28 17:25:46'),
(390, 'App\\Models\\User', 6, 'auth_token', '392b65e1b991f95d2a34d72b69906cf2beaf5e9d6cd8bde9848fd031b1ee6917', '[\"*\"]', '2021-10-28 17:27:40', '2021-10-28 17:27:40', '2021-10-28 17:27:40');

-- --------------------------------------------------------

--
-- Estructura de tabla para la tabla `products`
--

CREATE TABLE `products` (
  `id` bigint(20) UNSIGNED NOT NULL,
  `name` varchar(255) COLLATE utf8mb4_unicode_ci NOT NULL,
  `slug` varchar(255) COLLATE utf8mb4_unicode_ci NOT NULL,
  `description` text COLLATE utf8mb4_unicode_ci NOT NULL,
  `model` text COLLATE utf8mb4_unicode_ci NOT NULL,
  `serie_number` text COLLATE utf8mb4_unicode_ci DEFAULT NULL,
  `price` double(8,2) NOT NULL,
  `commercial_price` double(8,2) DEFAULT NULL,
  `shipping_cost` double(8,2) DEFAULT 0.00,
  `quantity` int(11) DEFAULT NULL,
  `status` enum('1','2') COLLATE utf8mb4_unicode_ci NOT NULL DEFAULT '1',
  `unit` varchar(30) COLLATE utf8mb4_unicode_ci NOT NULL DEFAULT 'pza',
  `shipping` tinyint(1) NOT NULL DEFAULT 0,
  `city` varchar(45) COLLATE utf8mb4_unicode_ci NOT NULL,
  `subcategory_id` bigint(20) UNSIGNED NOT NULL,
  `category_id` bigint(20) UNSIGNED NOT NULL,
  `brand_id` bigint(20) UNSIGNED NOT NULL,
  `state_id` bigint(20) UNSIGNED NOT NULL,
  `user_id` bigint(20) UNSIGNED NOT NULL,
  `almacen_id` int(11) DEFAULT NULL,
  `created_at` timestamp NULL DEFAULT NULL,
  `updated_at` timestamp NULL DEFAULT NULL
) ENGINE=InnoDB DEFAULT CHARSET=utf8mb4 COLLATE=utf8mb4_unicode_ci;

--
-- Volcado de datos para la tabla `products`
--

INSERT INTO `products` (`id`, `name`, `slug`, `description`, `model`, `serie_number`, `price`, `commercial_price`, `shipping_cost`, `quantity`, `status`, `unit`, `shipping`, `city`, `subcategory_id`, `category_id`, `brand_id`, `state_id`, `user_id`, `almacen_id`, `created_at`, `updated_at`) VALUES
(63, 'Unidad mini split 2.0tr', 'unidad-mini-split-20tr', 'Equipos con Bomba de Calor, 220/1/60\nSin kit de instalación\nEquipos con Bomba de Calor, 220/1/60\nSin kit de instalación', 'P01823CZ', 'WEDF234RFD', 800.00, 1000.00, 0.00, 2, '2', 'pza', 0, 'H', 2, 1, 2, 12, 1, NULL, NULL, '2021-10-26 17:19:06'),
(64, 'Extractor Centrifugo', 'extractor-centrifugo', 'Extractor de 10,000 cfm. Con 6 meses de uso en restaurante', 'SR34R6', 'SEDFWER34SD', 600.00, 800.00, 0.00, 23, '2', 'pza', 0, 'Qro', 2, 1, 2, 1, 1, NULL, NULL, '2021-10-26 16:02:35'),
(65, 'Ventilador Axial', 'ventilador-axial', 'Extractor de 5,000 cfm. Con un mes de uso', 'SEFR456DF', 'ASDFSDERFG4545', 500.00, 550.00, 0.00, 3, '2', 'pza', 0, 'Celaya', 3, 1, 4, 7, 1, NULL, NULL, '2021-10-26 16:02:53'),
(66, 'Contactor', 'contactor', 'Refacciones fueron adquiridos para una obra, la cual fue suspendida. Estuvieron en almacén', 'SDF-45SD', 'SFD-34534-345-SD', 150.00, 180.00, 0.00, 10, '2', 'pza', 0, 'Juriquilla', 3, 3, 5, 1, 1, NULL, NULL, '2021-10-26 16:03:11'),
(67, 'Capacitor HVAC2', 'capacitor-hvac2', 'Sin usar', 'WECVFWE', 'E45RT465', 100.00, 120.00, 0.00, 9, '2', 'pza', 0, '', 2, 3, 6, 12, 1, NULL, NULL, '2021-10-12 17:42:15'),
(68, 'Motor de condensador2', 'motor-de-condensador2', 'Motor eléctrico de 5HP , 1500 RPM. 220/3/60\r\n', 'ASFFAS', 'SDF3456DERFG', 200.00, 260.00, 0.00, 3, '2', 'pza', 0, '', 1, 3, 7, 13, 1, NULL, NULL, '2021-10-12 17:43:27'),
(69, 'Capacitor HVAC', 'capacitor-hvac3', 'Sin usar', 'WECVFWE', 'E45RT465', 100.00, 120.00, 0.00, 9, '2', 'pza', 0, '', 2, 3, 6, 12, 1, NULL, NULL, '2021-10-12 17:42:30'),
(70, 'Motor de condensador23', 'motor-de-condensador23', 'Motor eléctrico de 5HP , 1500 RPM. 220/3/60\r\n', 'ASFFAS', 'SDF3456DERFG', 200.00, 260.00, 0.00, 3, '2', 'pza', 0, '', 1, 3, 7, 13, 1, NULL, NULL, '2021-10-12 17:43:44'),
(71, 'Capacitor 2', 'capacitor-2', 'Sin usar', 'WECVFWE', 'E45RT465', 100.00, 120.00, 0.00, 9, '2', 'pza', 0, '', 2, 3, 6, 12, 1, NULL, NULL, '2021-10-12 17:43:59'),
(72, 'Motor de condensador', 'motor-de-condensador', 'Motor eléctrico de 5HP , 1500 RPM. 220/3/60\r\n', 'ASFFAS', 'SDF3456DERFG', 200.00, 260.00, 0.00, 3, '2', 'pza', 0, '', 1, 3, 7, 13, 1, NULL, NULL, NULL),
(73, 'Refrigerante R410-a', 'refrigerante-r410-a', 'Equipo de 10 T.R, solo frio. 220/3/60. Unidad tipo paquete\r\n', '50THXRE', 'SADF344', 5000.00, 8000.00, 0.00, 2, '2', 'pza', 0, '', 1, 1, 1, 1, 1, NULL, NULL, NULL),
(74, 'Unidad mini split 2.0tr', 'unidad-mini-split-20tr', 'Equipos con Bomba de Calor, 220/1/60\r\nSin kit de instalación\r\n', 'P01823CZ', 'WEDF234RFD', 800.00, 1000.00, 0.00, NULL, '2', 'pza', 0, '', 2, 1, 2, 20, 1, NULL, NULL, NULL),
(75, 'Extractor Centrifugo', 'extractor-centrifugo', 'Extractor de 10,000 cfm. Con 6 meses de uso en restaurante', 'SR34R6', 'SEDFWER34SD', 600.00, 800.00, 0.00, NULL, '2', 'pza', 0, '', 2, 1, 2, 20, 1, NULL, NULL, NULL),
(76, 'Ventilador centrifugo curvado', 'x1', 'descripcion', 'modelo', 'numero de serie', 100.00, 200.00, 0.00, 2, '2', 'pza', 0, '', 1, 2, 1, 1, 1, NULL, NULL, NULL),
(77, 'Compresor Scroll-dnafos', 'x2', 'descripcion', 'modelo', 'numero de serie', 100.00, 200.00, 0.00, 2, '2', 'pza', 0, '', 1, 2, 1, 1, 1, NULL, NULL, NULL),
(78, 'Compresor semi hermetico', 'x3', 'descripcion', 'modelo', 'numero de serie', 100.00, 200.00, 0.00, 2, '2', 'pza', 0, '', 1, 2, 1, 1, 1, NULL, NULL, NULL),
(79, 'Compresor Scroll AA', 'x4', 'descripcion', 'modelo', 'numero de serie', 100.00, 200.00, 0.00, 2, '2', 'pza', 0, '', 1, 2, 1, 1, 1, NULL, NULL, NULL),
(80, 'Turbina evaporadora minisplit', 'x5', 'descripcion', 'modelo', 'numero de serie', 100.00, 200.00, 0.00, 2, '2', 'pza', 0, '', 1, 2, 1, 1, 1, NULL, NULL, NULL),
(81, 'Compresor Scroll-dnafos', 'x6', 'descripcion', 'modelo', 'numero de serie', 100.00, 200.00, 0.00, 2, '2', 'pza', 0, '', 1, 2, 1, 1, 1, NULL, NULL, NULL),
(82, 'Compresor semi hermetico', 'x7', 'descripcion', 'modelo', 'numero de serie', 100.00, 200.00, 0.00, 2, '2', 'pza', 0, '', 1, 2, 1, 1, 1, NULL, NULL, NULL),
(83, 'Modulo sensor digital temperatura', 'y1', 'descripcion', 'modelo', 'numero de serie', 100.00, 200.00, 0.00, 2, '2', 'pza', 0, '', 1, 4, 1, 1, 1, NULL, NULL, NULL),
(84, 'Sensor de nhumedad para calefaccion', 'y2', 'descripcion', 'modelo', 'numero de serie', 100.00, 200.00, 0.00, 2, '2', 'pza', 0, '', 1, 4, 1, 1, 1, NULL, NULL, NULL),
(85, 'Sensor NTC carcasa', 'y3', 'descripcion', 'modelo', 'numero de serie', 100.00, 200.00, 0.00, 2, '2', 'pza', 0, '', 1, 4, 1, 1, 1, NULL, NULL, NULL),
(86, 'Sensores Belimo para sistema', 'y4', 'descripcion', 'modelo', 'numero de serie', 100.00, 200.00, 0.00, 2, '2', 'pza', 0, '', 1, 4, 1, 1, 1, NULL, NULL, NULL),
(87, 'Tarjeta electronica danfoss', 'y5', 'descripcion', 'modelo', 'numero de serie', 100.00, 200.00, 0.00, 2, '2', 'pza', 0, '', 1, 4, 1, 1, 1, NULL, NULL, NULL),
(88, 'Tarjeta electronica para equipo inverter', 'y6', 'descripcion', 'modelo', 'numero de serie', 100.00, 200.00, 0.00, 2, '2', 'pza', 0, '', 1, 4, 1, 1, 1, NULL, NULL, NULL),
(89, 'Ac smart5 lgs', 'ac-smart5-lgs', 'descripcion', 'modelo', 'numero de serie', 100.00, 200.00, 0.00, 2, '2', 'pza', 0, '', 1, 5, 1, 1, 1, NULL, NULL, '2021-10-12 17:45:49'),
(90, 'Control remoto para lgs', 'control-remoto-para-lgs', 'descripcion', 'modelo', 'numero de serie', 100.00, 200.00, 0.00, 2, '2', 'pza', 0, '', 1, 5, 1, 1, 1, NULL, NULL, '2021-10-12 17:45:09'),
(91, 'Panel de mando y control para buque', 'w3', 'descripcion', 'modelo', 'numero de serie', 100.00, 200.00, 0.00, 2, '2', 'pza', 0, '', 1, 5, 1, 1, 1, NULL, NULL, NULL),
(92, 'Termostato para equipo hvac', 'w4', 'descripcion', 'modelo', 'numero de serie', 100.00, 200.00, 0.00, 2, '2', 'pza', 0, '', 1, 5, 1, 1, 1, NULL, NULL, NULL),
(93, 'Termostato multietapa', 'w5', 'descripcion', 'modelo', 'numero de serie', 100.00, 200.00, 0.00, 2, '2', 'pza', 0, '', 1, 5, 1, 1, 1, NULL, NULL, NULL),
(94, 'Termostato tane 3 calors', 'termostato-tane-3-calors', 'descripcion', 'modelo', 'numero de serie', 100.00, 200.00, 0.00, 2, '2', 'pza', 0, '', 1, 5, 1, 1, 1, NULL, NULL, '2021-10-12 17:45:30'),
(95, 'Ac smart5 lg', 'w1', 'descripcion', 'modelo', 'numero de serie', 100.00, 200.00, 0.00, 2, '2', 'pza', 0, '', 1, 6, 1, 1, 1, NULL, NULL, NULL),
(96, 'Control remoto para lg', 'w2', 'descripcion', 'modelo', 'numero de serie', 100.00, 200.00, 0.00, 2, '2', 'pza', 0, '', 1, 6, 1, 1, 1, NULL, NULL, NULL),
(97, 'Panel de mando y control para buque', 'w3', 'descripcion', 'modelo', 'numero de serie', 100.00, 200.00, 0.00, 2, '2', 'pza', 0, '', 1, 6, 1, 1, 1, NULL, NULL, NULL),
(98, 'Termostato para equipo hvac', 'w4', 'descripcion', 'modelo', 'numero de serie', 100.00, 200.00, 0.00, 2, '2', 'pza', 0, '', 1, 6, 1, 1, 1, NULL, NULL, NULL),
(99, 'Termostato multietapa', 'w5', 'descripcion', 'modelo', 'numero de serie', 100.00, 200.00, 0.00, 2, '2', 'pza', 0, '', 1, 6, 1, 1, 1, NULL, NULL, NULL),
(100, 'Termostato tane 3 calor', 'w6', 'descripcion', 'modelo', 'numero de serie', 100.00, 200.00, 0.00, 2, '2', 'pza', 0, '', 1, 6, 1, 1, 1, NULL, NULL, NULL),
(101, 'Ac smart5 lg', 'w1', 'descripcion', 'modelo', 'numero de serie', 100.00, 200.00, 0.00, 2, '2', 'pza', 0, '', 1, 7, 1, 1, 1, NULL, NULL, NULL),
(102, 'Control remoto para lg', 'w2', 'descripcion', 'modelo', 'numero de serie', 100.00, 200.00, 0.00, 2, '2', 'pza', 0, '', 1, 7, 1, 1, 1, NULL, NULL, NULL),
(103, 'Panel de mando y control para buque', 'w3', 'descripcion', 'modelo', 'numero de serie', 100.00, 200.00, 0.00, 2, '2', 'pza', 0, '', 1, 7, 1, 1, 1, NULL, NULL, NULL),
(104, 'Termostato para equipo hvac', 'w4', 'descripcion', 'modelo', 'numero de serie', 100.00, 200.00, 0.00, 2, '2', 'pza', 0, '', 1, 7, 1, 1, 1, NULL, NULL, NULL),
(105, 'Termostato multietapa', 'w5', 'descripcion', 'modelo', 'numero de serie', 100.00, 200.00, 0.00, 2, '2', 'pza', 0, '', 1, 7, 1, 1, 1, NULL, NULL, NULL),
(106, 'Termostato tane 3 calor', 'w6', 'descripcion', 'modelo', 'numero de serie', 100.00, 200.00, 0.00, 2, '2', 'pza', 0, '', 1, 7, 1, 1, 1, NULL, NULL, NULL),
(107, 'Ac smart5 lg', 'w1', 'descripcion', 'modelo', 'numero de serie', 100.00, 200.00, 0.00, 2, '2', 'pza', 0, '', 1, 8, 1, 1, 1, NULL, NULL, NULL),
(108, 'Control remoto para lg', 'w2', 'descripcion', 'modelo', 'numero de serie', 100.00, 200.00, 0.00, 2, '2', 'pza', 0, '', 1, 8, 1, 1, 1, NULL, NULL, NULL),
(109, 'Panel de mando y control para buque', 'w3', 'descripcion', 'modelo', 'numero de serie', 100.00, 200.00, 0.00, 2, '2', 'pza', 0, '', 1, 8, 1, 1, 1, NULL, NULL, NULL),
(110, 'Termostato para equipo hvac', 'w4', 'descripcion', 'modelo', 'numero de serie', 100.00, 200.00, 0.00, 2, '2', 'pza', 0, '', 1, 8, 1, 1, 1, NULL, NULL, NULL),
(111, 'Termostato multietapa', 'w5', 'descripcion', 'modelo', 'numero de serie', 100.00, 200.00, 0.00, 2, '2', 'pza', 0, '', 1, 8, 1, 1, 1, NULL, NULL, NULL),
(112, 'Termostato tane 3 calor', 'w6', 'descripcion', 'modelo', 'numero de serie', 100.00, 200.00, 0.00, 2, '2', 'pza', 0, '', 1, 8, 1, 1, 1, NULL, NULL, NULL),
(113, 'Ac smart5 lg', 'w11', 'descripcion', 'modelo', 'numero de serie', 100.00, 200.00, 0.00, 2, '2', 'pza', 0, '', 1, 9, 1, 1, 1, NULL, NULL, NULL),
(114, 'Control remoto para lg', 'w21', 'descripcion', 'modelo', 'numero de serie', 100.00, 200.00, 0.00, 2, '2', 'pza', 0, '', 1, 9, 1, 1, 1, NULL, NULL, NULL),
(115, 'Panel de mando y control para buque', 'w31', 'descripcion', 'modelo', 'numero de serie', 100.00, 200.00, 0.00, 2, '2', 'pza', 0, '', 1, 9, 1, 1, 1, NULL, NULL, NULL),
(116, 'Termostato para equipo hvac', 'w41', 'descripcion', 'modelo', 'numero de serie', 100.00, 200.00, 0.00, 2, '2', 'pza', 0, '', 1, 9, 1, 1, 1, NULL, NULL, NULL),
(117, 'Termostato multietapa', 'w51', 'descripcion', 'modelo', 'numero de serie', 100.00, 200.00, 0.00, 2, '2', 'pza', 0, '', 1, 9, 1, 1, 1, NULL, NULL, NULL),
(119, 'Ac smart5 lg', 'w211', 'descripcion', 'modelo', 'numero de serie', 100.00, 200.00, 0.00, 2, '2', 'pza', 0, '', 1, 10, 1, 1, 1, NULL, NULL, NULL),
(120, 'Control remoto para lg', 'w221', 'descripcion', 'modelo', 'numero de serie', 100.00, 200.00, 0.00, 2, '2', 'pza', 0, '', 1, 10, 1, 1, 1, NULL, NULL, NULL),
(121, 'Panel de mando y control para buque', 'w231', 'descripcion', 'modelo', 'numero de serie', 100.00, 200.00, 0.00, 2, '2', 'pza', 0, '', 1, 10, 1, 1, 1, NULL, NULL, NULL),
(122, 'Termostato para equipo hvac', 'w241', 'descripcion', 'modelo', 'numero de serie', 100.00, 200.00, 0.00, 2, '2', 'pza', 0, '', 1, 10, 1, 1, 1, NULL, NULL, NULL),
(123, 'Termostato multietapa', 'w251', 'descripcion', 'modelo', 'numero de serie', 100.00, 200.00, 0.00, 2, '2', 'pza', 0, '', 1, 10, 1, 1, 1, NULL, NULL, NULL),
(124, 'Termostato tane 3 calor', 'w261', 'descripcion', 'modelo', 'numero de serie', 100.00, 200.00, 0.00, 2, '2', 'pza', 0, '', 1, 10, 1, 1, 1, NULL, NULL, NULL),
(128, 'Ejemplo', 'ejemplo', 'Descripcion', 'SDVFSD', 'SDVSD', 100.00, 120.00, 0.00, 3, '1', 'pza', 0, '', 2, 2, 1, 25, 1, NULL, '2021-10-13 18:04:47', '2021-10-13 18:04:47'),
(157, 'Prueba app', 'prueba-app', 'Ndns', 'Hshs', 'Bsnsnsbs', 100.00, 120.00, 0.00, 10, '1', 'pieza', 0, '', 1, 1, 6, 1, 1, NULL, '2021-10-16 18:19:16', '2021-10-16 18:20:35'),
(158, 'Prueba 2 app', 'prueba-2-app', 'Bdndjd', 'Bdnd', 'Ndnd', 500.00, 800.00, 0.00, 5, '1', 'pza', 1, '', 3, 2, 6, 3, 1, NULL, '2021-10-16 18:21:50', '2021-10-16 18:21:50'),
(163, 'Mdmd', 'mdmd', 'Jdkdj', 'Brbej', 'Bddbdj', 120.00, 150.00, 0.00, 1, '1', 'pza', 0, '', 2, 1, 6, 2, 1, NULL, '2021-10-18 16:18:26', '2021-10-18 16:18:26'),
(164, 'X', 'x', 'Ndnd', 'Bb', 'Nddn', 100.00, 120.00, 0.00, 2, '1', 'pza', 0, '', 2, 4, 6, 3, 1, NULL, '2021-10-18 16:19:22', '2021-10-18 16:19:22'),
(166, 'Nxn', 'nxn', 'Ndnd', 'Bdn', 'Ndnd', 1.00, 5.00, 0.00, 1, '1', 'pza', 0, '', 2, 2, 6, 2, 1, NULL, '2021-10-18 16:28:00', '2021-10-18 16:28:00'),
(167, 'Ndnd', 'ndnd', 'Nfn', 'Heh', 'Ndndn', 100.00, 120.00, 0.00, 8, '1', 'pxa', 0, '', 2, 6, 6, 3, 1, NULL, '2021-10-18 16:30:16', '2021-10-18 16:30:16'),
(171, 'Aaaaa2', 'aaaaa2', 'Ndmd', 'Bdb', 'Nsnsns', 5.00, 9.00, 0.00, 2, '1', 'pza', 0, '', 2, 2, 6, 2, 1, NULL, '2021-10-18 17:57:36', '2021-10-18 18:57:58'),
(180, 'Otra prueba', 'otra-prueba', 'Dndn', 'Bsn', 'Ndnnd', 1.00, 2.00, 0.00, 2, '1', 'pza', 0, '', 1, 2, 6, 1, 1, NULL, '2021-10-19 14:02:10', '2021-10-19 14:30:16'),
(181, 'V 3', 'v-3', 'Ndndnd', 'Bdh', 'Ndndn', 2.00, 5.00, 0.00, 5, '2', '8', 0, '', 2, 4, 6, 1, 1, NULL, '2021-10-19 15:30:55', '2021-10-19 21:00:14'),
(182, 'Última prueba', 'ultima-prueba', 'Nxnn', 'Bdbdjsjs', 'Bbdjdj', 10.00, 30.00, 0.00, 2, '1', 'pza', 1, '', 2, 8, 6, 31, 1, NULL, '2021-10-19 21:03:30', '2021-10-19 21:03:30'),
(185, 'Prueba x', 'prueba-x', 'Ndndj\n\nXx\n\nX\nXx\nX\n\nX', 'Djd', 'Bdbs', 2.00, 3.00, 0.00, 1, '1', 'pza', 0, 'Celaya', 2, 1, 3, 1, 1, NULL, '2021-10-20 15:46:51', '2021-10-20 15:46:51'),
(186, 'Minisplit 2 tr', 'minisplit-2-tr', 'Minsiplit de 2 tr, con refrigerante 410a, 220/1/60', 'Msg120', '13374os', 5000.00, 6000.00, 0.00, 2, '2', 'pieza', 0, 'Monterrey', 1, 1, 1, 20, 25, NULL, '2021-10-20 16:16:55', '2021-10-20 20:35:14'),
(190, 'Refrigerante5', 'refrigerante5', '´wolmsdmls', 'DESARMADOR GRANDE 2019', NULL, 99.00, NULL, 0.00, 99, '1', '99', 1, 'Yanga veracruz', 3, 2, 17, 3, 29, NULL, '2021-10-20 22:07:26', '2021-10-25 16:42:26'),
(192, 'X', 'x', 'Kkmn', 'Hh', 'B', 1.00, NULL, 0.00, 2, '1', 'b', 0, 'La Paz', 1, 1, 56, 3, 30, NULL, '2021-10-20 23:17:32', '2021-10-20 23:18:19'),
(200, 'Minisplit 2.0 tr', 'minisplit-20-tr', 'Equipo mini 410a', '1i3hdnf', '1i3ii383b', 5000.00, 6000.00, 0.00, 1, '1', 'pieza', 0, 'Monterrey', 2, 1, 62, 20, 25, NULL, '2021-10-22 15:18:30', '2021-10-22 15:18:30'),
(202, 'SIN DATOS', 'sin-datos-1', 'CD', 'OOJN', '1', 100.00, 190.00, NULL, 10, '1', 'pza', 0, 'QRO', 1, 2, 63, 1, 1, NULL, '2021-10-22 17:02:47', '2021-10-22 17:12:44'),
(206, 'Producto bien', 'producto-bien', 'Odio laudantium quidem animi aut aut ut. Eligendi quam sunt architecto non. Veritatis sint molestiae totam earum. Rerum optio laudantium et et quam.', 'AABBCC', NULL, 120.00, 100.00, NULL, 10, '1', 'pza', 0, 'corta', 1, 5, 8, 99, 1, NULL, '2021-10-25 23:01:36', '2021-10-25 23:01:36'),
(207, 'Producto bien', 'producto-bien', 'Odio laudantium quidem animi aut aut ut. Eligendi quam sunt architecto non. Veritatis sint molestiae totam earum. Rerum optio laudantium et et quam.', 'AABBCC', NULL, 1.00, NULL, NULL, 10, '1', 'pza', 0, 'corta', 1, 5, 8, 99, 1, NULL, '2021-10-25 23:37:50', '2021-10-25 23:37:50'),
(208, 'aaa2', 'aaa2', 'ascas', 'sxa', 'as', 11.00, 100.00, NULL, 11, '1', 'pza', 0, 'cd', 3, 3, 9, 16, 1, 21, '2021-10-26 13:47:34', '2021-10-26 13:47:34'),
(209, 'aaa23', 'aaa23', 'ascas', 'sxa', 'as', 11.00, 100.00, NULL, 11, '1', 'pza', 0, 'corta', 3, 3, 9, 16, 1, 21, '2021-10-26 13:49:29', '2021-10-26 13:49:29'),
(210, 'aaa23', 'aaa23', 'ascas', 'sxa', 'as', 2.00, 100.00, NULL, 11, '1', 'pza', 1, 'corta', 3, 1, 9, 16, 1, 21, '2021-10-26 13:54:47', '2021-10-26 13:54:47'),
(211, 'aaa23', 'aaa23', 'ascas', 'sxa', 'as', 120.00, 100.00, NULL, 11, '1', 'pza', 0, 'corta', 3, 1, 9, 16, 1, 21, '2021-10-26 13:55:31', '2021-10-26 13:55:31'),
(212, 'aaa234', 'aaa234', 'ascas', 'sxa', 'as', 111.00, 100.00, NULL, 11, '1', 'pza', 0, 'cortazar', 3, 1, 9, 16, 1, 21, '2021-10-26 14:00:01', '2021-10-26 14:00:01'),
(213, 'aaa234', 'aaa234', 'ascas', 'sxa', 'as', 100.00, 100.00, NULL, 6, '1', 'pza', 0, 'cortazar', 3, 1, 9, 16, 1, 21, '2021-10-26 14:16:41', '2021-10-26 14:16:41'),
(214, 'aaa234', 'aaa234', 'ascas', 'sxa', 'as', 1.00, 100.00, NULL, 2, '1', 'pza', 0, 'cortazar', 3, 1, 9, 16, 1, 21, '2021-10-26 14:17:44', '2021-10-26 14:17:44'),
(215, 'aaa234', 'aaa234', 'ascas', 'sxa', 'as', 3.00, 100.00, NULL, 2, '1', 'pza', 1, 'cortazar', 3, 1, 9, 16, 1, 21, '2021-10-26 14:19:18', '2021-10-26 14:19:18'),
(216, 'producto', 'producto', 'Error a delectus tempore minus corporis. Voluptatum aut est facere non. Distinctio voluptatem numquam velit minima fugiat natus repellat exercitationem.', 'Voluptatum perferendis id.', NULL, 333.00, 10.00, NULL, 2, '1', 'pza', 1, 'Qro', 2, 4, 22, 1, 1, 1, '2021-10-26 14:24:11', '2021-10-26 14:24:11'),
(217, 'producto', 'producto', 'Error a delectus tempore minus corporis. Voluptatum aut est facere non. Distinctio voluptatem numquam velit minima fugiat natus repellat exercitationem.', 'Voluptatum perferendis id.', NULL, 120.00, 100.00, NULL, 2, '1', 'unidad', 1, 'Qro', 2, 4, 22, 1, 1, 1, '2021-10-26 14:44:22', '2021-10-26 14:44:22'),
(218, 'prueba martes', 'prueba-martes', 'Aperiam enim quam ut est aliquam dolorem excepturi. Vel quos quibusdam aut error. At eum velit voluptatem ipsa.', 'Quo distinctio alias.', NULL, 20.00, 10.00, NULL, 5, '2', 'pza', 0, 'Qro', 1, 1, 1, 1, 1, 2, '2021-10-26 14:45:10', '2021-10-26 14:46:09'),
(220, 'Prueba fin', 'prueba-fin', 'Snsnns', 'Ndmxm', 'Ndndn', 100.00, 150.00, 0.00, 10, '1', 'pza', 1, 'corta', 2, 10, 17, 12, 1, NULL, '2021-10-26 15:39:37', '2021-10-26 15:39:37'),
(221, 'Producto chile', 'producto-chile', 'Ndnsns', 'Ndnd', 'Ndn', 100.00, 0.00, 0.00, 15, '1', 'pza', 1, 'anaa', 1, 1, 12, 96, 39, NULL, '2021-10-26 15:43:17', '2021-10-26 15:43:17'),
(224, 'Sedal', 'sedal', 'poxmkaoscxas', 'DSASDAS12', 'SADF344', 129.00, NULL, NULL, 100, '1', 'pieza', 1, 'Aguascalientes', 1, 1, 8, 2, 41, NULL, '2021-10-27 15:40:01', '2021-10-27 15:40:01'),
(226, 'hoy', 'hoy-1', 'dqws', 'asd', 'ads', 1.00, 2.00, NULL, 3, '1', 'pza', 0, 'sa', 1, 1, 22, 16, 1, NULL, '2021-10-28 16:46:32', '2021-10-28 16:46:32'),
(227, 'prueba', 'prueba', 'sdds|', 'prueba', '12345', 919182.00, 1212.00, NULL, 99, '1', 'Piezas', 1, 'Yanga', 1, 1, 8, 2, 6, NULL, '2021-10-28 17:29:26', '2021-10-28 17:29:26');

-- --------------------------------------------------------

--
-- Estructura de tabla para la tabla `roles`
--

CREATE TABLE `roles` (
  `id` bigint(20) UNSIGNED NOT NULL,
  `name` varchar(255) COLLATE utf8mb4_unicode_ci NOT NULL,
  `guard_name` varchar(255) COLLATE utf8mb4_unicode_ci NOT NULL,
  `created_at` timestamp NULL DEFAULT NULL,
  `updated_at` timestamp NULL DEFAULT NULL
) ENGINE=InnoDB DEFAULT CHARSET=utf8mb4 COLLATE=utf8mb4_unicode_ci;

--
-- Volcado de datos para la tabla `roles`
--

INSERT INTO `roles` (`id`, `name`, `guard_name`, `created_at`, `updated_at`) VALUES
(1, 'admin', 'web', '2021-10-12 00:47:05', '2021-10-12 00:47:05'),
(2, 'user', 'web', '2021-10-14 14:54:50', '2021-10-14 14:54:50');

-- --------------------------------------------------------

--
-- Estructura de tabla para la tabla `role_has_permissions`
--

CREATE TABLE `role_has_permissions` (
  `permission_id` bigint(20) UNSIGNED NOT NULL,
  `role_id` bigint(20) UNSIGNED NOT NULL
) ENGINE=InnoDB DEFAULT CHARSET=utf8mb4 COLLATE=utf8mb4_unicode_ci;

-- --------------------------------------------------------

--
-- Estructura de tabla para la tabla `sessions`
--

CREATE TABLE `sessions` (
  `id` varchar(255) COLLATE utf8mb4_unicode_ci NOT NULL,
  `user_id` bigint(20) UNSIGNED DEFAULT NULL,
  `ip_address` varchar(45) COLLATE utf8mb4_unicode_ci DEFAULT NULL,
  `user_agent` text COLLATE utf8mb4_unicode_ci DEFAULT NULL,
  `payload` text COLLATE utf8mb4_unicode_ci NOT NULL,
  `last_activity` int(11) NOT NULL
) ENGINE=InnoDB DEFAULT CHARSET=utf8mb4 COLLATE=utf8mb4_unicode_ci;

--
-- Volcado de datos para la tabla `sessions`
--

INSERT INTO `sessions` (`id`, `user_id`, `ip_address`, `user_agent`, `payload`, `last_activity`) VALUES
('9ZNvsHtQbRU4DMJxs91RbWo45r3jSEjGZzNftrGD', 6, '177.232.81.178', 'Mozilla/5.0 (Windows NT 10.0; Win64; x64) AppleWebKit/537.36 (KHTML, like Gecko) Chrome/95.0.4638.54 Safari/537.36', 'YTo1OntzOjY6Il90b2tlbiI7czo0MDoicDNWRnVqRHNUZWR0c0x5Qkcxb1p5dFJUelJUaGlkNWdheTJwS0dEWiI7czo5OiJfcHJldmlvdXMiO2E6MTp7czozOiJ1cmwiO3M6MzU6Imh0dHA6Ly9kZW1vLnNhcnNvZnR3YXJlLmNvbS9ob21lL01YIjt9czo2OiJfZmxhc2giO2E6Mjp7czozOiJvbGQiO2E6MDp7fXM6MzoibmV3IjthOjA6e319czo1MDoibG9naW5fd2ViXzU5YmEzNmFkZGMyYjJmOTQwMTU4MGYwMTRjN2Y1OGVhNGUzMDk4OWQiO2k6NjtzOjE3OiJwYXNzd29yZF9oYXNoX3dlYiI7czo2MDoiJDJ5JDEwJEVpQXVpcTFlLzJxcS9NZllFNmJFQ09Qc0pPRlJFOGZxb2MuYXlGbzNqUEN1SklvUnZrcUpTIjt9', 1635443329),
('ccKEiKuHUWjg0s1N88y2Zu286nfU1YaWL14DzhxM', NULL, '64.233.172.28', 'Mozilla/5.0 (Linux; Android 6.0.1; Nexus 5X) AppleWebKit/537.36 (KHTML, like Gecko) Chrome/95.0.4638.50 Mobile Safari/537.36', 'YTozOntzOjY6Il90b2tlbiI7czo0MDoiak5KbTdHTGh1SExjR3ZBRzBGcXU5ODAzN1oxeHBIWlBlN0FNaWdIeSI7czo5OiJfcHJldmlvdXMiO2E6MTp7czozOiJ1cmwiO3M6NDM6Imh0dHA6Ly9kZW1vLnNhcnNvZnR3YXJlLmNvbS9mb3Jnb3QtcGFzc3dvcmQiO31zOjY6Il9mbGFzaCI7YToyOntzOjM6Im9sZCI7YTowOnt9czozOiJuZXciO2E6MDp7fX19', 1635441881),
('NO3jfiEz2uzEU9XzZs2FNYpGaQr2fTlbsBetw3Yz', NULL, '207.46.13.128', 'Mozilla/5.0 (compatible; bingbot/2.0; +http://www.bing.com/bingbot.htm)', 'YTo0OntzOjY6Il90b2tlbiI7czo0MDoiR2NOb2dhYUtGRVRJbXNubTBQTlExTjRPdDB4ekNtc3dVdnNPQnRiRCI7czozOiJ1cmwiO2E6MTp7czo4OiJpbnRlbmRlZCI7czozMzoiaHR0cDovL2RlbW8uc2Fyc29mdHdhcmUuY29tL2FkbWluIjt9czo5OiJfcHJldmlvdXMiO2E6MTp7czozOiJ1cmwiO3M6MzM6Imh0dHA6Ly9kZW1vLnNhcnNvZnR3YXJlLmNvbS9hZG1pbiI7fXM6NjoiX2ZsYXNoIjthOjI6e3M6Mzoib2xkIjthOjA6e31zOjM6Im5ldyI7YTowOnt9fX0=', 1635446905),
('u57eJbPW0zY0TtNLBmJFsGj7dCBhWnblcXEaYSeV', 1, '187.140.213.92', 'Mozilla/5.0 (Windows NT 10.0; Win64; x64) AppleWebKit/537.36 (KHTML, like Gecko) Chrome/95.0.4638.54 Safari/537.36 Edg/95.0.1020.30', 'YTo2OntzOjY6Il90b2tlbiI7czo0MDoiRnM5bUJNMDNIMDlKQ1JySHl3c0tjM1F2NDR1bjJ5RjQzdGtDYmNUViI7czo2OiJfZmxhc2giO2E6Mjp7czozOiJvbGQiO2E6MDp7fXM6MzoibmV3IjthOjA6e319czo5OiJfcHJldmlvdXMiO2E6MTp7czozOiJ1cmwiO3M6MzM6Imh0dHA6Ly9kZW1vLnNhcnNvZnR3YXJlLmNvbS9hZG1pbiI7fXM6NTA6ImxvZ2luX3dlYl81OWJhMzZhZGRjMmIyZjk0MDE1ODBmMDE0YzdmNThlYTRlMzA5ODlkIjtpOjE7czo0OiJjYXJ0IjthOjE6e3M6NzoiZGVmYXVsdCI7TzoyOToiSWxsdW1pbmF0ZVxTdXBwb3J0XENvbGxlY3Rpb24iOjE6e3M6ODoiACoAaXRlbXMiO2E6MTp7czozMjoiNjAzNzUxMzMzNWJiYTA5YWVjMmRiYmVhNjcwMThkOWUiO086MzI6Ikdsb3VkZW1hbnNcU2hvcHBpbmdjYXJ0XENhcnRJdGVtIjoxMDp7czo1OiJyb3dJZCI7czozMjoiNjAzNzUxMzMzNWJiYTA5YWVjMmRiYmVhNjcwMThkOWUiO3M6MjoiaWQiO2k6NjM7czozOiJxdHkiO2k6MTtzOjQ6Im5hbWUiO3M6MjQ6IlVuaWRhZCBtaW5pIHNwbGl0IDIuMHRyMiI7czo1OiJwcmljZSI7ZDo4MDA7czo2OiJ3ZWlnaHQiO2Q6NTUwO3M6Nzoib3B0aW9ucyI7TzozOToiR2xvdWRlbWFuc1xTaG9wcGluZ2NhcnRcQ2FydEl0ZW1PcHRpb25zIjoxOntzOjg6IgAqAGl0ZW1zIjthOjM6e3M6ODoiY29sb3JfaWQiO047czo3OiJzaXplX2lkIjtOO3M6NToiaW1hZ2UiO3M6NDI6ImltYWdlcy9hZG1pbi9wcm9kdWN0cy8zNDIwMjExMDEyMTczMjE2LmpwZyI7fX1zOjc6InRheFJhdGUiO2k6MjE7czo0OToiAEdsb3VkZW1hbnNcU2hvcHBpbmdjYXJ0XENhcnRJdGVtAGFzc29jaWF0ZWRNb2RlbCI7TjtzOjQ2OiIAR2xvdWRlbWFuc1xTaG9wcGluZ2NhcnRcQ2FydEl0ZW0AZGlzY291bnRSYXRlIjtpOjA7fX19fXM6MTc6InBhc3N3b3JkX2hhc2hfd2ViIjtzOjYwOiIkMnkkMTAkUmxycGpDTzhONEJGOU5GMVBDTXBGLmFmeFVLNFQ3Um5Nbi91UWFzU0tZMTVGdDRGem9wWmkiO30=', 1635439594),
('vOZBJ9kJ7AQGOniQvnrZ4zVFASOdoZHwtCK85a0I', 25, '189.218.220.53', 'Mozilla/5.0 (Windows NT 10.0; Win64; x64) AppleWebKit/537.36 (KHTML, like Gecko) Chrome/94.0.4606.81 Safari/537.36', 'YTo1OntzOjY6Il90b2tlbiI7czo0MDoiUFpyZ05zc1NWbWZEak1NWE5wd3VMaGpFS2xSb051bm5aS096bW1VRCI7czo5OiJfcHJldmlvdXMiO2E6MTp7czozOiJ1cmwiO3M6MzM6Imh0dHA6Ly9kZW1vLnNhcnNvZnR3YXJlLmNvbS9hZG1pbiI7fXM6NjoiX2ZsYXNoIjthOjI6e3M6Mzoib2xkIjthOjA6e31zOjM6Im5ldyI7YTowOnt9fXM6NTA6ImxvZ2luX3dlYl81OWJhMzZhZGRjMmIyZjk0MDE1ODBmMDE0YzdmNThlYTRlMzA5ODlkIjtpOjI1O3M6MTc6InBhc3N3b3JkX2hhc2hfd2ViIjtzOjYwOiIkMnkkMTAkbW9HTWE1MG1WRy9ycWRMamw1dzZMdWNsUGZyWk93ekpEUDg2dFlNTmhBRC8vZURjQURIb2EiO30=', 1635439038);

-- --------------------------------------------------------

--
-- Estructura de tabla para la tabla `shoppingcart`
--

CREATE TABLE `shoppingcart` (
  `identifier` varchar(255) COLLATE utf8mb4_unicode_ci NOT NULL,
  `instance` varchar(255) COLLATE utf8mb4_unicode_ci NOT NULL,
  `content` longtext COLLATE utf8mb4_unicode_ci NOT NULL,
  `created_at` timestamp NULL DEFAULT NULL,
  `updated_at` timestamp NULL DEFAULT NULL
) ENGINE=InnoDB DEFAULT CHARSET=utf8mb4 COLLATE=utf8mb4_unicode_ci;

--
-- Volcado de datos para la tabla `shoppingcart`
--

INSERT INTO `shoppingcart` (`identifier`, `instance`, `content`, `created_at`, `updated_at`) VALUES
('1', 'default', 'O:29:\"Illuminate\\Support\\Collection\":1:{s:8:\"\0*\0items\";a:1:{s:32:\"6037513335bba09aec2dbbea67018d9e\";O:32:\"Gloudemans\\Shoppingcart\\CartItem\":10:{s:5:\"rowId\";s:32:\"6037513335bba09aec2dbbea67018d9e\";s:2:\"id\";i:63;s:3:\"qty\";i:1;s:4:\"name\";s:24:\"Unidad mini split 2.0tr2\";s:5:\"price\";d:800;s:6:\"weight\";d:550;s:7:\"options\";O:39:\"Gloudemans\\Shoppingcart\\CartItemOptions\":1:{s:8:\"\0*\0items\";a:3:{s:8:\"color_id\";N;s:7:\"size_id\";N;s:5:\"image\";s:42:\"images/admin/products/3420211012173216.jpg\";}}s:7:\"taxRate\";i:21;s:49:\"\0Gloudemans\\Shoppingcart\\CartItem\0associatedModel\";N;s:46:\"\0Gloudemans\\Shoppingcart\\CartItem\0discountRate\";i:0;}}}', '2021-10-22 17:14:50', '2021-10-22 17:14:50'),
('11', 'default', 'O:29:\"Illuminate\\Support\\Collection\":1:{s:8:\"\0*\0items\";a:0:{}}', '2021-10-14 15:05:57', '2021-10-14 15:05:57'),
('12', 'default', 'O:29:\"Illuminate\\Support\\Collection\":1:{s:8:\"\0*\0items\";a:0:{}}', '2021-10-15 14:21:21', '2021-10-15 14:21:21'),
('13', 'default', 'O:29:\"Illuminate\\Support\\Collection\":1:{s:8:\"\0*\0items\";a:0:{}}', '2021-10-20 17:09:55', '2021-10-20 17:09:55'),
('19', 'default', 'O:29:\"Illuminate\\Support\\Collection\":1:{s:8:\"\0*\0items\";a:0:{}}', '2021-10-18 16:36:10', '2021-10-18 16:36:10'),
('20', 'default', 'O:29:\"Illuminate\\Support\\Collection\":1:{s:8:\"\0*\0items\";a:1:{s:32:\"6037513335bba09aec2dbbea67018d9e\";O:32:\"Gloudemans\\Shoppingcart\\CartItem\":10:{s:5:\"rowId\";s:32:\"6037513335bba09aec2dbbea67018d9e\";s:2:\"id\";i:63;s:3:\"qty\";i:1;s:4:\"name\";s:24:\"Unidad mini split 2.0tr2\";s:5:\"price\";d:800;s:6:\"weight\";d:550;s:7:\"options\";O:39:\"Gloudemans\\Shoppingcart\\CartItemOptions\":1:{s:8:\"\0*\0items\";a:3:{s:8:\"color_id\";N;s:7:\"size_id\";N;s:5:\"image\";s:42:\"images/admin/products/3420211012173216.jpg\";}}s:7:\"taxRate\";i:21;s:49:\"\0Gloudemans\\Shoppingcart\\CartItem\0associatedModel\";N;s:46:\"\0Gloudemans\\Shoppingcart\\CartItem\0discountRate\";i:0;}}}', '2021-10-18 20:20:24', '2021-10-18 20:20:24'),
('22', 'default', 'O:29:\"Illuminate\\Support\\Collection\":1:{s:8:\"\0*\0items\";a:0:{}}', '2021-10-20 04:37:30', '2021-10-20 04:37:30'),
('23', 'default', 'O:29:\"Illuminate\\Support\\Collection\":1:{s:8:\"\0*\0items\";a:0:{}}', '2021-10-20 04:38:05', '2021-10-20 04:38:05'),
('38', 'default', 'O:29:\"Illuminate\\Support\\Collection\":1:{s:8:\"\0*\0items\";a:0:{}}', '2021-10-26 15:07:37', '2021-10-26 15:07:37'),
('40', 'default', 'O:29:\"Illuminate\\Support\\Collection\":1:{s:8:\"\0*\0items\";a:0:{}}', '2021-10-26 16:55:51', '2021-10-26 16:55:51'),
('6', 'default', 'O:29:\"Illuminate\\Support\\Collection\":1:{s:8:\"\0*\0items\";a:0:{}}', '2021-10-22 16:40:50', '2021-10-22 16:40:50');

-- --------------------------------------------------------

--
-- Estructura de tabla para la tabla `sizes`
--

CREATE TABLE `sizes` (
  `id` bigint(20) UNSIGNED NOT NULL,
  `name` varchar(255) COLLATE utf8mb4_unicode_ci NOT NULL,
  `product_id` bigint(20) UNSIGNED NOT NULL,
  `created_at` timestamp NULL DEFAULT NULL,
  `updated_at` timestamp NULL DEFAULT NULL
) ENGINE=InnoDB DEFAULT CHARSET=utf8mb4 COLLATE=utf8mb4_unicode_ci;

-- --------------------------------------------------------

--
-- Estructura de tabla para la tabla `states`
--

CREATE TABLE `states` (
  `id` bigint(20) UNSIGNED NOT NULL,
  `name` varchar(255) COLLATE utf8mb4_unicode_ci NOT NULL,
  `country_id` bigint(20) UNSIGNED NOT NULL,
  `created_at` timestamp NULL DEFAULT NULL,
  `updated_at` timestamp NULL DEFAULT NULL
) ENGINE=InnoDB DEFAULT CHARSET=utf8mb4 COLLATE=utf8mb4_unicode_ci;

--
-- Volcado de datos para la tabla `states`
--

INSERT INTO `states` (`id`, `name`, `country_id`, `created_at`, `updated_at`) VALUES
(1, 'Querétaro', 1, NULL, NULL),
(2, 'Aguascalientes', 1, NULL, NULL),
(3, 'Baja California', 1, NULL, NULL),
(4, 'Baja California Sur', 1, NULL, NULL),
(5, 'Campeche', 1, NULL, NULL),
(6, 'Coahuila', 1, NULL, NULL),
(7, 'Colima', 1, NULL, NULL),
(8, 'Chiapas', 1, NULL, NULL),
(9, 'Chihuahua', 1, NULL, NULL),
(10, 'Distrito Federal', 1, NULL, NULL),
(11, 'Durango', 1, NULL, NULL),
(12, 'Guanajuato', 1, NULL, NULL),
(13, 'Guerrero', 1, NULL, NULL),
(14, 'Hidalgo', 1, NULL, NULL),
(15, 'Jalisco', 1, NULL, NULL),
(16, 'México', 1, NULL, NULL),
(17, 'Michoacán', 1, NULL, NULL),
(18, 'Morelos', 1, NULL, NULL),
(19, 'Nayarit', 1, NULL, NULL),
(20, 'Nuevo León', 1, NULL, NULL),
(21, 'Oaxaca', 1, NULL, NULL),
(22, 'Puebla', 1, NULL, NULL),
(24, 'Quintana Roo', 1, NULL, NULL),
(25, 'San Luis Potosí', 1, NULL, NULL),
(26, 'Sinaloa', 1, NULL, NULL),
(27, 'Sonora', 1, NULL, NULL),
(28, 'Tabasco', 1, NULL, NULL),
(29, 'Tamaulipas', 1, NULL, NULL),
(30, 'Tlaxcala', 1, NULL, NULL),
(31, 'Veracruz', 1, NULL, NULL),
(32, 'Yucatán', 1, NULL, NULL),
(33, 'Zacatecas', 1, NULL, NULL),
(94, 'Arica y Parinacota', 6, NULL, NULL),
(95, 'Tarapacá', 6, NULL, NULL),
(96, 'Antofagasta', 6, NULL, NULL),
(97, 'Atacama', 6, NULL, NULL),
(98, 'Coquimbo', 6, NULL, NULL),
(99, 'Valparaiso', 6, NULL, NULL),
(100, 'Metropolitana de Santiago', 6, NULL, NULL),
(101, 'Libertador General Bernardo O`Higgins', 6, NULL, NULL),
(102, 'Maule', 6, NULL, NULL),
(103, 'Ñuble', 6, NULL, NULL),
(104, 'Biobío', 6, NULL, NULL),
(105, 'La Araucanía', 6, NULL, NULL),
(106, 'Los Ríos', 6, NULL, NULL),
(107, 'Los Lagos', 6, NULL, NULL),
(108, 'Aysén del General Carlos Ibáñez del Campo', 6, NULL, NULL),
(109, 'Magallanes y de la Antártica Chilena', 6, NULL, NULL);

-- --------------------------------------------------------

--
-- Estructura de tabla para la tabla `subcategories`
--

CREATE TABLE `subcategories` (
  `id` bigint(20) UNSIGNED NOT NULL,
  `name` varchar(255) COLLATE utf8mb4_unicode_ci NOT NULL,
  `slug` varchar(255) COLLATE utf8mb4_unicode_ci NOT NULL,
  `color` tinyint(1) NOT NULL DEFAULT 0,
  `size` tinyint(1) NOT NULL DEFAULT 0,
  `created_at` timestamp NULL DEFAULT NULL,
  `updated_at` timestamp NULL DEFAULT NULL
) ENGINE=InnoDB DEFAULT CHARSET=utf8mb4 COLLATE=utf8mb4_unicode_ci;

--
-- Volcado de datos para la tabla `subcategories`
--

INSERT INTO `subcategories` (`id`, `name`, `slug`, `color`, `size`, `created_at`, `updated_at`) VALUES
(1, 'Nuevo', 'nuevo', 0, 0, '2021-10-12 00:47:06', '2021-10-12 00:47:06'),
(2, 'Usado', 'usado', 0, 0, '2021-10-12 00:47:06', '2021-10-12 00:47:06'),
(3, 'Sin Usar', 'sin-usar', 0, 0, '2021-10-12 00:47:06', '2021-10-12 00:47:06');

-- --------------------------------------------------------

--
-- Estructura de tabla para la tabla `users`
--

CREATE TABLE `users` (
  `id` bigint(20) UNSIGNED NOT NULL,
  `name` varchar(255) COLLATE utf8mb4_unicode_ci NOT NULL,
  `email` varchar(255) COLLATE utf8mb4_unicode_ci NOT NULL,
  `email_verified_at` timestamp NULL DEFAULT NULL,
  `password` varchar(255) COLLATE utf8mb4_unicode_ci NOT NULL,
  `two_factor_secret` text COLLATE utf8mb4_unicode_ci DEFAULT NULL,
  `two_factor_recovery_codes` text COLLATE utf8mb4_unicode_ci DEFAULT NULL,
  `remember_token` varchar(100) COLLATE utf8mb4_unicode_ci DEFAULT NULL,
  `current_team_id` bigint(20) UNSIGNED DEFAULT NULL,
  `profile_photo_path` text COLLATE utf8mb4_unicode_ci DEFAULT NULL,
  `country_id` bigint(20) UNSIGNED NOT NULL,
  `created_at` timestamp NULL DEFAULT NULL,
  `updated_at` timestamp NULL DEFAULT NULL
) ENGINE=InnoDB DEFAULT CHARSET=utf8mb4 COLLATE=utf8mb4_unicode_ci;

--
-- Volcado de datos para la tabla `users`
--

INSERT INTO `users` (`id`, `name`, `email`, `email_verified_at`, `password`, `two_factor_secret`, `two_factor_recovery_codes`, `remember_token`, `current_team_id`, `profile_photo_path`, `country_id`, `created_at`, `updated_at`) VALUES
(1, 'Victor Morales', 'victor.morales@nanodela.com', NULL, '$2y$10$RlrpjCO8N4BF9NF1PCMpF.afxUK4T7RnMn/uQasSKY15Ft4FzopZi', NULL, NULL, 'NE408puvBu2zziZxOJzxtPbgTjsF5cwXlJ5SvH0ImgMawty2p14cPTt4gYTa', NULL, NULL, 1, '2021-10-12 00:47:05', '2021-10-22 17:15:41'),
(6, 'Jairo Antonio Camarillo', 'jairo@gmail.com', NULL, '$2y$10$EiAuiq1e/2qq/MfYE6bECOPsJOFRE8fqoc.ayFo3jPCuJIoRvkqJS', NULL, NULL, NULL, NULL, NULL, 1, '2021-10-12 20:50:44', '2021-10-25 05:26:41'),
(7, 'Ruben Camarillo', 'ruben@gmail.com', NULL, '$2y$10$otY8b..p5x/OnWzeAVv4UOXI/2cWI4ZnCNjO92nBDYmFgQBNUaat.', NULL, NULL, NULL, NULL, NULL, 1, '2021-10-13 11:07:37', '2021-10-13 11:07:37'),
(24, 'Luis Angel', 'larodriguez@yahoo.com', NULL, '$2y$10$76T/45/FZzhDoGRQkSVFNuJDH10YT.R11tu7QniPuxAgznlvC9dIq', NULL, NULL, NULL, NULL, NULL, 1, '2021-10-20 15:34:53', '2021-10-20 15:34:53'),
(25, 'Luis Angel', 'larodriguez@nanodela.com', NULL, '$2y$10$moGMa50mVG/rqdLjl5w6LuclPfrZOwzJDP86tYMNhAD//eDcADHoa', NULL, NULL, NULL, NULL, NULL, 1, '2021-10-20 15:36:34', '2021-10-20 15:36:34'),
(26, 'Ruben', 'rubenbebe@gmail.com', NULL, '$2y$10$QOaVezlN5QqjBPZNom1Hmu/jk/Phsa88fH5DvyLb6iVGVvvbemTr.', NULL, NULL, NULL, NULL, NULL, 1, '2021-10-20 16:41:36', '2021-10-20 16:41:36'),
(27, 'Abigahil Rodriguez', 'abi@gmail.com', NULL, '$2y$10$5eqA2yz2DDfwYbX2fGJBweYIs4kiRp1UFRvGt0ilch9j7gpE/KNqq', NULL, NULL, NULL, NULL, NULL, 1, '2021-10-20 21:46:29', '2021-10-20 21:46:29'),
(28, 'Abigahil Rodriguez', 'abigahil@gmail.com', NULL, '$2y$10$.mAn3VcwJ6KlMt/lxd7cpu7yVa9XDsndtn4nXGI.Jj58G1ZMG/MgO', NULL, NULL, NULL, NULL, NULL, 1, '2021-10-20 21:47:47', '2021-10-20 21:47:47'),
(29, 'Abi rodriguez', 'abigahil18@gmail.com', NULL, '$2y$10$2WQpw9ZDwzMDSHzBo5ieG.GfHr4P2nmUg8MaKc7TvGL3wsqnaBuXO', NULL, NULL, NULL, NULL, NULL, 1, '2021-10-20 21:49:10', '2021-10-20 21:49:10'),
(30, 'vic', 'v@gmail.com', NULL, '$2y$10$Qk9SWYfbFMbFiAzpnucq2e7WBr2ghktgMA6iW2QGkxNiDfGSI072q', NULL, NULL, NULL, NULL, NULL, 1, '2021-10-20 23:14:08', '2021-10-20 23:14:08'),
(31, 'juan', 'juan@gmail.com', NULL, '$2y$10$JETs9qXw15sXDM/sGuOBweaEJpRByrdDhDcwnLEDFDgsXfRPEptjG', NULL, NULL, NULL, NULL, NULL, 4, '2021-10-21 17:04:18', '2021-10-21 17:04:18'),
(32, 'chile', 'chile@gmail.com', NULL, '$2y$10$lk0UmtBP5AzaDKCbBjB5wOHcbVAP2K5.0onQ36XVnX3nv3mh1cqBq', NULL, NULL, NULL, NULL, NULL, 6, '2021-10-21 17:05:51', '2021-10-21 17:05:51'),
(34, 'Jairo', 'darkdevil333666@gmail.com', NULL, '$2y$10$64HHhi0L/bzChQ8g8CiqquwRvLCW5xTaKstM7zanjOLKaKX04dA9S', NULL, NULL, 'cvBxzBsDTDzqwsLMI5PcyUYKEq0FyXzRTMEwkALv7oyLaad68SA6YMd3vHme', NULL, NULL, 1, '2021-10-22 16:59:35', '2021-10-22 17:24:37'),
(36, 'Prueba', 'prueba1@gmail.com', NULL, '$2y$10$/W6kYkumA1n/pv2K13G.1ebiAhL9SuwGrvu5lDn0IczK0LwfbTVdm', NULL, NULL, NULL, NULL, NULL, 1, '2021-10-22 17:23:00', '2021-10-22 17:23:00'),
(37, 'elgoog', 'elgoogclass3@gmail.com', NULL, '$2y$10$8Zs4aWbIWWl4xjplF1yWxe1kFe/N5TIFBVmL/hlWRQjq3qyecakG6', NULL, NULL, NULL, NULL, NULL, 1, '2021-10-25 22:49:38', '2021-10-25 22:49:38'),
(38, 'Silvia Yolanda Esquivel', 'yolanda.esquivel@nanodela.com', NULL, '$2y$10$szkHaSUiOJFz7dqil6pX9.Ms6Cr62AgkxKKPOvcJGAK5qIEej9rVC', NULL, NULL, NULL, NULL, NULL, 1, '2021-10-26 14:53:09', '2021-10-26 14:53:09'),
(39, 'chile', 'chile01@gmail.com', NULL, '$2y$10$e8bl0tHGveCF0Y7vqy2m2escfZbKh5vryiVxhN/coNjrKO0UkS6X2', NULL, NULL, NULL, NULL, NULL, 6, '2021-10-26 15:42:09', '2021-10-26 15:42:09'),
(40, 'Eduardo Portillo', 'eduardo_portillo@lsch.com.mx', NULL, '$2y$10$YHkhZ/ToSm59mC93aJBgR.hVlNF..E9dUo2DxBuy7QWAVOfOWF7Xy', NULL, NULL, NULL, NULL, NULL, 1, '2021-10-26 16:34:03', '2021-10-26 16:34:03'),
(41, 'Melissa', 'meli@gmail.com', NULL, '$2y$10$FBT5rjT02BE.6d2y3MzeIusjLz8xwbHRhC51OuHF8IrC.f1CbhTAy', NULL, NULL, NULL, NULL, NULL, 1, '2021-10-27 15:25:49', '2021-10-27 15:25:49');

--
-- Índices para tablas volcadas
--

--
-- Indices de la tabla `brands`
--
ALTER TABLE `brands`
  ADD PRIMARY KEY (`id`);

--
-- Indices de la tabla `brand_category`
--
ALTER TABLE `brand_category`
  ADD PRIMARY KEY (`id`),
  ADD KEY `brand_category_brand_id_foreign` (`brand_id`),
  ADD KEY `brand_category_category_id_foreign` (`category_id`);

--
-- Indices de la tabla `categories`
--
ALTER TABLE `categories`
  ADD PRIMARY KEY (`id`);

--
-- Indices de la tabla `cities`
--
ALTER TABLE `cities`
  ADD PRIMARY KEY (`id`),
  ADD KEY `cities_department_id_foreign` (`department_id`);

--
-- Indices de la tabla `colors`
--
ALTER TABLE `colors`
  ADD PRIMARY KEY (`id`);

--
-- Indices de la tabla `color_product`
--
ALTER TABLE `color_product`
  ADD PRIMARY KEY (`id`),
  ADD KEY `color_product_color_id_foreign` (`color_id`),
  ADD KEY `color_product_product_id_foreign` (`product_id`);

--
-- Indices de la tabla `color_size`
--
ALTER TABLE `color_size`
  ADD PRIMARY KEY (`id`),
  ADD KEY `color_size_color_id_foreign` (`color_id`),
  ADD KEY `color_size_size_id_foreign` (`size_id`);

--
-- Indices de la tabla `companies`
--
ALTER TABLE `companies`
  ADD PRIMARY KEY (`id`);

--
-- Indices de la tabla `countries`
--
ALTER TABLE `countries`
  ADD PRIMARY KEY (`id`);

--
-- Indices de la tabla `departments`
--
ALTER TABLE `departments`
  ADD PRIMARY KEY (`id`);

--
-- Indices de la tabla `districts`
--
ALTER TABLE `districts`
  ADD PRIMARY KEY (`id`),
  ADD KEY `districts_city_id_foreign` (`city_id`);

--
-- Indices de la tabla `failed_jobs`
--
ALTER TABLE `failed_jobs`
  ADD PRIMARY KEY (`id`),
  ADD UNIQUE KEY `failed_jobs_uuid_unique` (`uuid`);

--
-- Indices de la tabla `images`
--
ALTER TABLE `images`
  ADD PRIMARY KEY (`id`);

--
-- Indices de la tabla `migrations`
--
ALTER TABLE `migrations`
  ADD PRIMARY KEY (`id`);

--
-- Indices de la tabla `model_has_permissions`
--
ALTER TABLE `model_has_permissions`
  ADD PRIMARY KEY (`permission_id`,`model_id`,`model_type`),
  ADD KEY `model_has_permissions_model_id_model_type_index` (`model_id`,`model_type`);

--
-- Indices de la tabla `model_has_roles`
--
ALTER TABLE `model_has_roles`
  ADD PRIMARY KEY (`role_id`,`model_id`,`model_type`),
  ADD KEY `model_has_roles_model_id_model_type_index` (`model_id`,`model_type`);

--
-- Indices de la tabla `orders`
--
ALTER TABLE `orders`
  ADD PRIMARY KEY (`id`),
  ADD KEY `orders_user_id_foreign` (`user_id`);

--
-- Indices de la tabla `password_resets`
--
ALTER TABLE `password_resets`
  ADD KEY `password_resets_email_index` (`email`);

--
-- Indices de la tabla `permissions`
--
ALTER TABLE `permissions`
  ADD PRIMARY KEY (`id`),
  ADD UNIQUE KEY `permissions_name_guard_name_unique` (`name`,`guard_name`);

--
-- Indices de la tabla `personal_access_tokens`
--
ALTER TABLE `personal_access_tokens`
  ADD PRIMARY KEY (`id`),
  ADD UNIQUE KEY `personal_access_tokens_token_unique` (`token`),
  ADD KEY `personal_access_tokens_tokenable_type_tokenable_id_index` (`tokenable_type`,`tokenable_id`);

--
-- Indices de la tabla `products`
--
ALTER TABLE `products`
  ADD PRIMARY KEY (`id`),
  ADD KEY `products_subcategory_id_foreign` (`subcategory_id`),
  ADD KEY `products_category_id_foreign` (`category_id`),
  ADD KEY `products_brand_id_foreign` (`brand_id`),
  ADD KEY `products_state_id_foreign` (`state_id`),
  ADD KEY `products_user_id_foreign` (`user_id`);

--
-- Indices de la tabla `roles`
--
ALTER TABLE `roles`
  ADD PRIMARY KEY (`id`),
  ADD UNIQUE KEY `roles_name_guard_name_unique` (`name`,`guard_name`);

--
-- Indices de la tabla `role_has_permissions`
--
ALTER TABLE `role_has_permissions`
  ADD PRIMARY KEY (`permission_id`,`role_id`),
  ADD KEY `role_has_permissions_role_id_foreign` (`role_id`);

--
-- Indices de la tabla `sessions`
--
ALTER TABLE `sessions`
  ADD PRIMARY KEY (`id`),
  ADD KEY `sessions_user_id_index` (`user_id`),
  ADD KEY `sessions_last_activity_index` (`last_activity`);

--
-- Indices de la tabla `shoppingcart`
--
ALTER TABLE `shoppingcart`
  ADD PRIMARY KEY (`identifier`,`instance`);

--
-- Indices de la tabla `sizes`
--
ALTER TABLE `sizes`
  ADD PRIMARY KEY (`id`),
  ADD KEY `sizes_product_id_foreign` (`product_id`);

--
-- Indices de la tabla `states`
--
ALTER TABLE `states`
  ADD PRIMARY KEY (`id`),
  ADD KEY `states_country_id_foreign` (`country_id`);

--
-- Indices de la tabla `subcategories`
--
ALTER TABLE `subcategories`
  ADD PRIMARY KEY (`id`);

--
-- Indices de la tabla `users`
--
ALTER TABLE `users`
  ADD PRIMARY KEY (`id`),
  ADD UNIQUE KEY `users_email_unique` (`email`),
  ADD KEY `users_country_id_foreign` (`country_id`);

--
-- AUTO_INCREMENT de las tablas volcadas
--

--
-- AUTO_INCREMENT de la tabla `brands`
--
ALTER TABLE `brands`
  MODIFY `id` bigint(20) UNSIGNED NOT NULL AUTO_INCREMENT, AUTO_INCREMENT=64;

--
-- AUTO_INCREMENT de la tabla `brand_category`
--
ALTER TABLE `brand_category`
  MODIFY `id` bigint(20) UNSIGNED NOT NULL AUTO_INCREMENT, AUTO_INCREMENT=2;

--
-- AUTO_INCREMENT de la tabla `categories`
--
ALTER TABLE `categories`
  MODIFY `id` bigint(20) UNSIGNED NOT NULL AUTO_INCREMENT, AUTO_INCREMENT=11;

--
-- AUTO_INCREMENT de la tabla `cities`
--
ALTER TABLE `cities`
  MODIFY `id` bigint(20) UNSIGNED NOT NULL AUTO_INCREMENT, AUTO_INCREMENT=65;

--
-- AUTO_INCREMENT de la tabla `colors`
--
ALTER TABLE `colors`
  MODIFY `id` bigint(20) UNSIGNED NOT NULL AUTO_INCREMENT, AUTO_INCREMENT=5;

--
-- AUTO_INCREMENT de la tabla `color_product`
--
ALTER TABLE `color_product`
  MODIFY `id` bigint(20) UNSIGNED NOT NULL AUTO_INCREMENT;

--
-- AUTO_INCREMENT de la tabla `color_size`
--
ALTER TABLE `color_size`
  MODIFY `id` bigint(20) UNSIGNED NOT NULL AUTO_INCREMENT;

--
-- AUTO_INCREMENT de la tabla `companies`
--
ALTER TABLE `companies`
  MODIFY `id` int(11) NOT NULL AUTO_INCREMENT, AUTO_INCREMENT=4;

--
-- AUTO_INCREMENT de la tabla `countries`
--
ALTER TABLE `countries`
  MODIFY `id` bigint(20) UNSIGNED NOT NULL AUTO_INCREMENT, AUTO_INCREMENT=7;

--
-- AUTO_INCREMENT de la tabla `departments`
--
ALTER TABLE `departments`
  MODIFY `id` bigint(20) UNSIGNED NOT NULL AUTO_INCREMENT, AUTO_INCREMENT=9;

--
-- AUTO_INCREMENT de la tabla `districts`
--
ALTER TABLE `districts`
  MODIFY `id` bigint(20) UNSIGNED NOT NULL AUTO_INCREMENT, AUTO_INCREMENT=513;

--
-- AUTO_INCREMENT de la tabla `failed_jobs`
--
ALTER TABLE `failed_jobs`
  MODIFY `id` bigint(20) UNSIGNED NOT NULL AUTO_INCREMENT;

--
-- AUTO_INCREMENT de la tabla `images`
--
ALTER TABLE `images`
  MODIFY `id` bigint(20) UNSIGNED NOT NULL AUTO_INCREMENT, AUTO_INCREMENT=360;

--
-- AUTO_INCREMENT de la tabla `migrations`
--
ALTER TABLE `migrations`
  MODIFY `id` int(10) UNSIGNED NOT NULL AUTO_INCREMENT, AUTO_INCREMENT=25;

--
-- AUTO_INCREMENT de la tabla `orders`
--
ALTER TABLE `orders`
  MODIFY `id` bigint(20) UNSIGNED NOT NULL AUTO_INCREMENT;

--
-- AUTO_INCREMENT de la tabla `permissions`
--
ALTER TABLE `permissions`
  MODIFY `id` bigint(20) UNSIGNED NOT NULL AUTO_INCREMENT;

--
-- AUTO_INCREMENT de la tabla `personal_access_tokens`
--
ALTER TABLE `personal_access_tokens`
  MODIFY `id` bigint(20) UNSIGNED NOT NULL AUTO_INCREMENT, AUTO_INCREMENT=391;

--
-- AUTO_INCREMENT de la tabla `products`
--
ALTER TABLE `products`
  MODIFY `id` bigint(20) UNSIGNED NOT NULL AUTO_INCREMENT, AUTO_INCREMENT=228;

--
-- AUTO_INCREMENT de la tabla `roles`
--
ALTER TABLE `roles`
  MODIFY `id` bigint(20) UNSIGNED NOT NULL AUTO_INCREMENT, AUTO_INCREMENT=3;

--
-- AUTO_INCREMENT de la tabla `sizes`
--
ALTER TABLE `sizes`
  MODIFY `id` bigint(20) UNSIGNED NOT NULL AUTO_INCREMENT;

--
-- AUTO_INCREMENT de la tabla `states`
--
ALTER TABLE `states`
  MODIFY `id` bigint(20) UNSIGNED NOT NULL AUTO_INCREMENT, AUTO_INCREMENT=110;

--
-- AUTO_INCREMENT de la tabla `subcategories`
--
ALTER TABLE `subcategories`
  MODIFY `id` bigint(20) UNSIGNED NOT NULL AUTO_INCREMENT, AUTO_INCREMENT=4;

--
-- AUTO_INCREMENT de la tabla `users`
--
ALTER TABLE `users`
  MODIFY `id` bigint(20) UNSIGNED NOT NULL AUTO_INCREMENT, AUTO_INCREMENT=42;

--
-- Restricciones para tablas volcadas
--

--
-- Filtros para la tabla `brand_category`
--
ALTER TABLE `brand_category`
  ADD CONSTRAINT `brand_category_brand_id_foreign` FOREIGN KEY (`brand_id`) REFERENCES `brands` (`id`) ON DELETE CASCADE,
  ADD CONSTRAINT `brand_category_category_id_foreign` FOREIGN KEY (`category_id`) REFERENCES `categories` (`id`) ON DELETE CASCADE;

--
-- Filtros para la tabla `cities`
--
ALTER TABLE `cities`
  ADD CONSTRAINT `cities_department_id_foreign` FOREIGN KEY (`department_id`) REFERENCES `departments` (`id`) ON DELETE CASCADE;

--
-- Filtros para la tabla `color_product`
--
ALTER TABLE `color_product`
  ADD CONSTRAINT `color_product_color_id_foreign` FOREIGN KEY (`color_id`) REFERENCES `colors` (`id`) ON DELETE CASCADE,
  ADD CONSTRAINT `color_product_product_id_foreign` FOREIGN KEY (`product_id`) REFERENCES `products` (`id`) ON DELETE CASCADE;

--
-- Filtros para la tabla `color_size`
--
ALTER TABLE `color_size`
  ADD CONSTRAINT `color_size_color_id_foreign` FOREIGN KEY (`color_id`) REFERENCES `colors` (`id`) ON DELETE CASCADE,
  ADD CONSTRAINT `color_size_size_id_foreign` FOREIGN KEY (`size_id`) REFERENCES `sizes` (`id`) ON DELETE CASCADE;

--
-- Filtros para la tabla `districts`
--
ALTER TABLE `districts`
  ADD CONSTRAINT `districts_city_id_foreign` FOREIGN KEY (`city_id`) REFERENCES `cities` (`id`) ON DELETE CASCADE;

--
-- Filtros para la tabla `model_has_permissions`
--
ALTER TABLE `model_has_permissions`
  ADD CONSTRAINT `model_has_permissions_permission_id_foreign` FOREIGN KEY (`permission_id`) REFERENCES `permissions` (`id`) ON DELETE CASCADE;

--
-- Filtros para la tabla `model_has_roles`
--
ALTER TABLE `model_has_roles`
  ADD CONSTRAINT `model_has_roles_role_id_foreign` FOREIGN KEY (`role_id`) REFERENCES `roles` (`id`) ON DELETE CASCADE;

--
-- Filtros para la tabla `orders`
--
ALTER TABLE `orders`
  ADD CONSTRAINT `orders_user_id_foreign` FOREIGN KEY (`user_id`) REFERENCES `users` (`id`);

--
-- Filtros para la tabla `products`
--
ALTER TABLE `products`
  ADD CONSTRAINT `products_brand_id_foreign` FOREIGN KEY (`brand_id`) REFERENCES `brands` (`id`) ON DELETE CASCADE,
  ADD CONSTRAINT `products_category_id_foreign` FOREIGN KEY (`category_id`) REFERENCES `categories` (`id`) ON DELETE CASCADE,
  ADD CONSTRAINT `products_state_id_foreign` FOREIGN KEY (`state_id`) REFERENCES `states` (`id`) ON DELETE CASCADE,
  ADD CONSTRAINT `products_subcategory_id_foreign` FOREIGN KEY (`subcategory_id`) REFERENCES `subcategories` (`id`) ON DELETE CASCADE,
  ADD CONSTRAINT `products_user_id_foreign` FOREIGN KEY (`user_id`) REFERENCES `users` (`id`) ON DELETE CASCADE;

--
-- Filtros para la tabla `role_has_permissions`
--
ALTER TABLE `role_has_permissions`
  ADD CONSTRAINT `role_has_permissions_permission_id_foreign` FOREIGN KEY (`permission_id`) REFERENCES `permissions` (`id`) ON DELETE CASCADE,
  ADD CONSTRAINT `role_has_permissions_role_id_foreign` FOREIGN KEY (`role_id`) REFERENCES `roles` (`id`) ON DELETE CASCADE;

--
-- Filtros para la tabla `sizes`
--
ALTER TABLE `sizes`
  ADD CONSTRAINT `sizes_product_id_foreign` FOREIGN KEY (`product_id`) REFERENCES `products` (`id`) ON DELETE CASCADE;

--
-- Filtros para la tabla `states`
--
ALTER TABLE `states`
  ADD CONSTRAINT `states_country_id_foreign` FOREIGN KEY (`country_id`) REFERENCES `countries` (`id`) ON DELETE CASCADE;

--
-- Filtros para la tabla `users`
--
ALTER TABLE `users`
  ADD CONSTRAINT `users_country_id_foreign` FOREIGN KEY (`country_id`) REFERENCES `countries` (`id`) ON DELETE CASCADE;
COMMIT;

/*!40101 SET CHARACTER_SET_CLIENT=@OLD_CHARACTER_SET_CLIENT */;
/*!40101 SET CHARACTER_SET_RESULTS=@OLD_CHARACTER_SET_RESULTS */;
/*!40101 SET COLLATION_CONNECTION=@OLD_COLLATION_CONNECTION */;
